-- TrinityCore - WowPacketParser
-- File name: elwynn_forest_complete_all_quests+startingquest_to_westfall_monk.pkt
-- Detected build: V7_1_5_23420
-- Detected locale: deDE
-- Targeted database: Legion
-- Parsing date: 02/23/2017 03:20:48


SET NAMES 'utf8';
DELETE FROM `quest_template_locale` WHERE (`ID`=26209 AND `locale`='deDE') OR (`ID`=184 AND `locale`='deDE') OR (`ID`=11 AND `locale`='deDE') OR (`ID`=176 AND `locale`='deDE') OR (`ID`=1097 AND `locale`='deDE') OR (`ID`=59 AND `locale`='deDE') OR (`ID`=239 AND `locale`='deDE') OR (`ID`=71 AND `locale`='deDE') OR (`ID`=45 AND `locale`='deDE') OR (`ID`=26378 AND `locale`='deDE') OR (`ID`=147 AND `locale`='deDE') OR (`ID`=123 AND `locale`='deDE') OR (`ID`=5545 AND `locale`='deDE') OR (`ID`=83 AND `locale`='deDE') OR (`ID`=26152 AND `locale`='deDE') OR (`ID`=46 AND `locale`='deDE') OR (`ID`=52 AND `locale`='deDE') OR (`ID`=37 AND `locale`='deDE') OR (`ID`=114 AND `locale`='deDE') OR (`ID`=31592 AND `locale`='deDE') OR (`ID`=31589 AND `locale`='deDE') OR (`ID`=31586 AND `locale`='deDE') OR (`ID`=31583 AND `locale`='deDE') OR (`ID`=31580 AND `locale`='deDE') OR (`ID`=31577 AND `locale`='deDE') OR (`ID`=31574 AND `locale`='deDE') OR (`ID`=31572 AND `locale`='deDE') OR (`ID`=31568 AND `locale`='deDE') OR (`ID`=31553 AND `locale`='deDE') OR (`ID`=31549 AND `locale`='deDE') OR (`ID`=31785 AND `locale`='deDE') OR (`ID`=35 AND `locale`='deDE') OR (`ID`=40 AND `locale`='deDE') OR (`ID`=76 AND `locale`='deDE') OR (`ID`=112 AND `locale`='deDE') OR (`ID`=87 AND `locale`='deDE') OR (`ID`=107 AND `locale`='deDE') OR (`ID`=111 AND `locale`='deDE') OR (`ID`=88 AND `locale`='deDE') OR (`ID`=84 AND `locale`='deDE') OR (`ID`=106 AND `locale`='deDE') OR (`ID`=86 AND `locale`='deDE') OR (`ID`=85 AND `locale`='deDE') OR (`ID`=334 AND `locale`='deDE') OR (`ID`=333 AND `locale`='deDE') OR (`ID`=332 AND `locale`='deDE') OR (`ID`=26396 AND `locale`='deDE') OR (`ID`=26395 AND `locale`='deDE') OR (`ID`=31316 AND `locale`='deDE') OR (`ID`=31309 AND `locale`='deDE') OR (`ID`=26394 AND `locale`='deDE') OR (`ID`=26393 AND `locale`='deDE') OR (`ID`=60 AND `locale`='deDE') OR (`ID`=47 AND `locale`='deDE') OR (`ID`=62 AND `locale`='deDE') OR (`ID`=2158 AND `locale`='deDE') OR (`ID`=37112 AND `locale`='deDE') OR (`ID`=54 AND `locale`='deDE') OR (`ID`=26390 AND `locale`='deDE') OR (`ID`=26391 AND `locale`='deDE') OR (`ID`=29083 AND `locale`='deDE') OR (`ID`=28823 AND `locale`='deDE') OR (`ID`=28822 AND `locale`='deDE') OR (`ID`=28821 AND `locale`='deDE') OR (`ID`=28820 AND `locale`='deDE') OR (`ID`=28819 AND `locale`='deDE') OR (`ID`=28818 AND `locale`='deDE') OR (`ID`=28817 AND `locale`='deDE') OR (`ID`=26389 AND `locale`='deDE') OR (`ID`=29081 AND `locale`='deDE') OR (`ID`=28797 AND `locale`='deDE') OR (`ID`=28796 AND `locale`='deDE') OR (`ID`=28795 AND `locale`='deDE') OR (`ID`=28794 AND `locale`='deDE') OR (`ID`=28793 AND `locale`='deDE') OR (`ID`=28792 AND `locale`='deDE') OR (`ID`=28791 AND `locale`='deDE') OR (`ID`=31145 AND `locale`='deDE') OR (`ID`=29080 AND `locale`='deDE') OR (`ID`=28789 AND `locale`='deDE') OR (`ID`=28788 AND `locale`='deDE') OR (`ID`=28787 AND `locale`='deDE') OR (`ID`=28786 AND `locale`='deDE') OR (`ID`=28785 AND `locale`='deDE') OR (`ID`=28784 AND `locale`='deDE') OR (`ID`=28780 AND `locale`='deDE') OR (`ID`=31144 AND `locale`='deDE') OR (`ID`=29079 AND `locale`='deDE') OR (`ID`=28774 AND `locale`='deDE') OR (`ID`=28773 AND `locale`='deDE') OR (`ID`=28772 AND `locale`='deDE') OR (`ID`=28771 AND `locale`='deDE') OR (`ID`=28770 AND `locale`='deDE') OR (`ID`=28769 AND `locale`='deDE') OR (`ID`=28759 AND `locale`='deDE') OR (`ID`=31143 AND `locale`='deDE') OR (`ID`=29078 AND `locale`='deDE') OR (`ID`=28767 AND `locale`='deDE') OR (`ID`=28766 AND `locale`='deDE') OR (`ID`=28765 AND `locale`='deDE') OR (`ID`=28764 AND `locale`='deDE') OR (`ID`=28763 AND `locale`='deDE') OR (`ID`=28762 AND `locale`='deDE') OR (`ID`=28757 AND `locale`='deDE') OR (`ID`=31140 AND `locale`='deDE') OR (`ID`=12 AND `locale`='deDE') OR (`ID`=31139 AND `locale`='deDE') OR (`ID`=42741 AND `locale`='deDE') OR (`ID`=32009 AND `locale`='deDE') OR (`ID`=31812 AND `locale`='deDE') OR (`ID`=31591 AND `locale`='deDE') OR (`ID`=31588 AND `locale`='deDE') OR (`ID`=31585 AND `locale`='deDE') OR (`ID`=31582 AND `locale`='deDE') OR (`ID`=31579 AND `locale`='deDE') OR (`ID`=31576 AND `locale`='deDE') OR (`ID`=31573 AND `locale`='deDE') OR (`ID`=31571 AND `locale`='deDE') OR (`ID`=31556 AND `locale`='deDE') OR (`ID`=31552 AND `locale`='deDE') OR (`ID`=31548 AND `locale`='deDE') OR (`ID`=31308 AND `locale`='deDE') OR (`ID`=8237 AND `locale`='deDE');
INSERT INTO `quest_template_locale` (`ID`, `locale`, `LogTitle`, `LogDescription`, `QuestDescription`, `AreaDescription`, `PortraitGiverText`, `PortraitGiverName`, `PortraitTurnInText`, `PortraitTurnInName`, `QuestCompletionLog`, `VerifiedBuild`) VALUES
(26209, 'deDE', 'Der Mordfall war der Fall, den sie mir gaben', 'Sprecht mit den verschiedenen Obdachlosen, die auf Jansens Hof leben, um Hinweise über die Brauenwirbelmorde zu sammeln.', 'So sieht''s aus, $gJunge:Mädchen;, wir haben es mit einem ausgewachsenen Mordfall zu tun. Doppelter Homizid... Einfacher Pferd... izit.$B$BUnd was noch schlimmer ist, wir befinden uns hier in Westfall. Hier kann man mit einem einzigen Steinwurf haufenweise Landstreicher erwischen, die ein Motiv gehabt hätten, die Leute (und das Pferd) um die Ecke zu bringen.$B$BIch habe keine Ahnung, wer es war und ich bin ganz bestimmt nicht gerne hier in diesem Loch, um den Tod von ein paar Landbesetzern aufzuklären, aber ich möchte verdammt sein, wenn ich den Täter nicht dingfest machen kann. Ihr wollt helfen? Dann sprecht mit den Landstreichern. Die Vagabunden... kriegen alles mit.', '', '', '', '', '', '', 23420),
(184, 'deDE', 'Brauenwirbels Urkunde', 'Bringt Brauenwirbels Besitzurkunde zu Jansens Hof in Westfall.', 'Dies ist eine Besitzurkunde für ein Stück Ackerland in Westfall. Es ist von einem gewissen Theodore Brauenwirbel und seiner Frau Verna unterzeichnet. Auf der Rückseite der Besitzurkunde stehen ein paar hastig hingekritzelte Worte:$B$B"Wir haben Brauenwirbel etwas bearbeitet und ihm seine Besitzurkunde abgeluchst. Wäre vielleicht ganz nützlich, wenn Ihr Euch auch so eine fälschen wolltet.$B$BUm die Brauenwirbels müssen wir uns jedenfalls keine Sorgen machen. Zuletzt sah ich sie kurz hinter Westfall in einem Wagen mit gebrochener Achse."$B$BIhr denkt, die Brauenwirbels hätten ihre Besitzurkunde vielleicht gern zurück...', '', '', '', '', '', '', 23420),
(11, 'deDE', 'Kopfgeld auf die Flusspfotengnolle', 'Bringt Stellvertreter Rainer in der Kaserne 8 bemalte Gnollarmbinden.', 'Gnolle, brutale Wesen, die in dieser Gegend nichts zu suchen haben, sind entlang der Grenzen des Waldes von Elwynn gesehen worden. Ein großes Rudel, viel zu viele, als dass wir allein mit ihnen fertigwerden könnten, hat sich in den Wäldern südlich von jenem Wachturm dort eingenistet. Eine weitere Gruppe hat sich im Gebiet nahe des Steinhügelsees im Osten eingenistet.$B$BDie Armee von Sturmwind wird jeden belobigen, der dabei hilft, die Gnolle zu töten. Bringt mir ihre bemalten Gnollarmbinden als Beweis für Eure Tat.', '', '', '', '', '', '', 23420),
(176, 'deDE', 'GESUCHT: "Hogger"', 'Kümmert Euch um die "Hogger-Situation" und kehrt zu Marschall Dughan zurück.', 'Gesucht: Hogger$B$BEin riesiger Gnoll, Hogger, streunt im südwestlichen Elwynn durch den Wald. Er hat bislang alle Versuche, ihn zu fangen, vereiteln können.$B$BDie Armee von Sturmwind hat ein großzügiges Kopfgeld auf den Gnoll ausgesetzt. Kopfgeldjäger, die sich die Belohnung verdienen möchten, sollten in die Wälder reisen und die Bestie beseitigen.', '', '', '', '', '', '', 23420),
(1097, 'deDE', 'Elmores Aufgabe', 'Sprecht mit Grimand Elmore in Sturmwind.', 'In Sturmwind gibt es einen zwergischen Waffenschmied namens Grimand Elmore, der mal angedeutet hat, dass er Hilfe bei einer Lieferung bräuchte. Ich glaube, er möchte ein Paket in seine Heimat im Norden schicken.$B$BIhr habt da ein paar schöne kräftige Beine! Falls Ihr also an ein wenig Beinarbeit interessiert seid, sprecht mit Grimand. Wir könnten Euch hier unten brauchen, aber wir müssen auch unsere Bande mit den Zwergen stärken.$B$BIhr findet Grimand Elmore im Waffenladen im Zwergendistrikt von Sturmwind, im nordöstlichen Teil der Stadt.', '', '', '', '', '', '', 23420),
(59, 'deDE', 'Rüstung aus Tuch und aus Leder', 'Gebt Sara Roderwald den Rüstungsgutschein der Armee von Sturmwind.', 'Als Dank für Eure Gewitztheit und Euren Mut gebe ich Euch hier einen Gutschein, den Ihr gegen ein Rüstungsteil eintauschen könnt. Bringt den Gutschein ins Holzfällerlager des Osttals zu Sara Roderwald. Wenn Ihr ihr den Gutschein gebt, dann stellt sie die Rüstung für Euch her. Und wenn Ihr sie habt, tragt sie zur Verteidigung von Elwynn, $n.$B$BIhr findet das Holzfällerlager des Osttals östlich dieses Postens jenseits der Brücke.', '', '', '', '', '', '', 23420),
(239, 'deDE', 'Hilfe für die Weststromgarnison', 'Begebt Euch zur Weststromgarnison und sprecht mit Stellvertreter Rainer.', 'Die Garnison an unserer westlichen Grenze berichtet von steigenden Aktivitäten der Gnolle und der Diebe. Sie bitten uns um die Entsendung weiterer Soldaten aus Sturmwind... aber wir können einfach keine entbehren!$B$BWenn Ihr helfen könntet - wir könnten die Hilfe wirklich gebrauchen. Geht, sprecht mit Stellvertreter Rainer in der Weststromgarnison und fragt ihn, was getan werden muss.$B$BDie Garnison liegt an der Straße im Westen. Wenn Ihr die Brücke über den kleinen Bach überquert habt, liegt sie auf der rechten Seite.', '', '', '', '', '', '', 23420),
(71, 'deDE', 'Meldung an Thomas', 'Bringt die Medaillons von Rolf und Malakai zu Wache Thomas an die östliche Brücke von Elwynn.', 'Nun habt Ihr beide Medaillons. Bringt sie an die Brücke zu Wache Thomas, damit er erfährt, welches Schicksal seine beiden Kameraden erlitten haben.', '', '', '', '', '', '', 23420),
(45, 'deDE', 'Rolfs Schicksal', 'Durchsucht das Murlocdorf nach Rolf - oder nach Anzeichen für seinen Tod.', 'Als Ihr die Gegend weiter absucht, findet Ihr die Abdrücke von Füßen mit Schwimmhäuten, die entlang dem Ufer des Steinhügelsees nach Osten führen. In der Ferne könnt Ihr im Osten gerade noch so ein Murlocdorf ausmachen.$B$BVielleicht fand Rolfs Leben dort sein Ende...', '', '', '', '', '', '', 23420),
(26378, 'deDE', 'Heldenaufruf: Westfall!', 'Meldet Euch bei Leutnant Horatio Laine auf Jansens Hof in Westfall.', 'In Westfall herrschen harte Zeiten. Jetzt, da die Bedrohung durch die Defias beseitigt ist, ist das Gebiet zu einer Zuflucht für Obdachlose und Unterdrückte geworden. Die Verbrechensrate in dieser Region ist astronomisch in die Höhe geschossen, da die Leute sich um Unterschlupf und Nahrung zanken. Und jetzt hört man sogar von Mord!$B$BWenn Ihr der Allianz helfen wollt, dann beginnt in Westfall. Meldet Euch bei Leutnant Horatio Laine auf Jansens Hof. Ihr findet Westfall direkt westlich des Waldes von Elwynn.', '', '', '', '', '', '', 23420),
(147, 'deDE', 'Menschenjagd', 'Findet den "Sammler" und tötet ihn, dann kehrt mit dem Ring des Sammlers zu Marschall McCree zurück.', 'Wenn der "Sammler" Gold aus unseren Minen entnimmt, dann bestiehlt er das Königreich! Führt den Sammler seiner gerechten Strafe zu und bringt mir den Ring, der in dem Abholplan, den Ihr mir gegeben habt, erwähnt wurde.$B$BIm Abholplan steht, dass der Sammler sich bei Brackbrunns Kürbisbeet versteckt hält. Dort solltet Ihr nach ihm suchen.', '', '', '', '', '', '', 23420),
(123, 'deDE', 'Der Sammler', 'Begebt Euch zu Marschall McCree ins Holzfällerlager des Osttals und gebt ihm den Zeitplan des Sammlers.', 'Bei der Notiz handelt es sich um eine Tabelle mit Daten und Zeiten, zu denen jemand, der in der Notiz nur als "der Sammler" bezeichnet wird, je eine Lieferung Gold aus den Minen des Waldes von Elwynn erhalten soll.$B$BAus dem Plan geht hervor, dass sich der Sammler anscheinend in der Nähe von Brackbrunns Kürbisbeet in Ost-Elwynn aufhält.$B$BDas klingt, als sei es wichtig. Ihr solltet Marschall McCree im Holzfällerlager des Osttals davon berichten.', '', '', '', '', '', '', 23420),
(5545, 'deDE', 'Ein Bündel Probleme', 'Bringt 8 Holzbündel zu Raelen beim Holzfällerlager des Osttals.', 'Ich habe hier ein echtes Problem. Ich habe einen Liefertermin für eine Bestellung Holz und mir läuft die Zeit davon. Die Wölfe und Bären nördlich von hier haben meine Arbeiter von den Holzbündeln verjagt, die sie bereits gefällt hatten.$B$BIch habe bereits mit Stellvertreter Rainer darüber gesprochen, dass die Tiere entfernt werden müssen, aber ich brauche jemanden, der das Holz für mich holt. Wenn Ihr acht Holzbündel für mich holen würdet, könnte ich den Termin vielleicht noch einhalten.', '', '', '', '', '', '', 23420),
(83, 'deDE', 'Feine Leinenwaren', 'Bringt 6 Leinenfetzen ins Holzfällerlager des Osttals zu Sara Roderwald.', 'Die Schläger in Elwynn tragen Leinenstoff, aus dem ich feine Leinenwaren herstellen kann.$B$BBringt mir Leinenfetzen und ich mache euch daraus etwas Nützliches.$B$BIhr findet diese gesetzlosen Verbrecher in kleinen Lagern überall in Elwynn.', '', '', '', '', '', '', 23420),
(26152, 'deDE', 'Gesucht: James Clark', 'Tötet James Clark und nehmt James Clarks Kopf.', 'Auf Geheiß der Armee von Sturmwind wurde ein Kopfgeld auf James Clark ausgesetzt.$B$BClark wird gesucht wegen Raubes, Einbruchs, Brandstiftung und Mordes. Er wird auch verdächtigt, Brackbrunns preisgekröntes Schwein Prinzessin entführt zu haben und versteckt zu halten.$B$BJames Clark wurde zuletzt auf dem Weg zum Holzfällerlager des Osttals gesehen.$B$BFührt James Clark der Gerechtigkeit zu und meldet Euch dann bei Marschall McCree im Holzfällerlager des Osttals.', '', '', '', '', '', '', 23420),
(46, 'deDE', 'Kopfgeld auf die Murlocs', 'Bringt 8 zerrissene Murlocflossen zu Wache Thomas, den Ihr an der östlichen Brücke von Elwynn findet.', 'Die Armee von Sturmwind hat ein Kopfgeld auf die Murloclauerer und Murlocfutterwühler ausgesetzt, die sich in Elwynn herumtreiben. Erlegt sie und bringt Wache Thomas ihre zerrissenen Murlocflossen, dann wird die Armee von Sturmwind Euch ansehnlich belohnen.$B$BDie Murlocs haben am Steinhügelsee nördlich von hier ein Dorf errichtet und ein weiteres ihrer Dörfer befindet sich im Süden, wo der Fluss sich teilt.', '', '', '', '', '', '', 23420),
(52, 'deDE', 'Grenzschutz', 'Tötet 8 Streuner oder graue Forstwölfe und 5 junge Waldbären und kehrt dann zu Wache Thomas an der östlichen Brücke von Elwynn zurück.', 'Seid gegrüßt, $n. Je weiter wir uns von Goldhain entfernen, umso reizbarer sind die wilden Tiere. Und das Holzfällerlager des Osttals wird beinahe ständig von Wölfen und Bären angegriffen.$B$BWir könnten hier draußen wirklich Eure Hilfe gebrauchen.', '', '', '', '', '', '', 23420),
(37, 'deDE', 'Suche nach den vermissten Wachen', 'Wache Thomas möchte, dass Ihr den Fluss in Richtung Norden nach Rolf und Malakai, den beiden vermissten Wachen, absucht.', 'Vor ein paar Tagen haben wir zwei Wachen, Rolf und Malakai, losgeschickt, damit sie entlang des Flusses Nachforschungen anstellen, aber bisher sind sie noch nicht zurückgekehrt. Damit ich meinen Bericht fertig schreiben kann, muss ich wissen, was den beiden Männern zugestoßen ist.$B$BSucht den Fluss in Richtung Norden ab und seht zu, dass Ihr die Wachen findet... oder ihre Überreste.', '', '', '', '', '', '', 23420),
(114, 'deDE', 'Die Flucht', 'Bringt Maybell Maclure den Unsichtbarkeitsschnaps.', 'Bringt der jungen Maybell diesen Unsichtbarkeitsschnaps. Seine Wirkung sollte so lange anhalten, dass sie Tommy Joe besuchen kann.', '', '', '', '', '', '', 23420),
(31592, 'deDE', 'Auf dem Wege der Besserung', 'Heilt Eure Haustiere vollständig, indem Ihr Jenova Steinschild die Stallmeisterin aufsucht.', 'Nachdem Ihr nun einen Kampf gewonnen habt, müssen wir Eure Haustiere heilen, damit sie wieder einsatzbereit sind! Sucht unsere Stallmeisterin Jenova Steinschild auf, um Eure Haustiere zu heilen und wiederzubeleben.', '', 'Jenova Steinschild, die hiesige Stallmeisterin, kann Eure Tiere heilen und wiederbeleben.', 'Jenova Steinschild', '', '', '', 23420),
(31589, 'deDE', 'Auf dem Wege der Besserung', 'Heilt Eure Haustiere vollständig, indem Ihr Murog den Stallmeister aufsucht.', 'Nachdem Ihr nun einen Kampf gewonnen habt, müssen wir Eure Haustiere heilen, damit sie wieder einsatzbereit sind! Sucht unseren Stallmeister Murog auf, um Eure Haustiere zu heilen und wiederzubeleben.', '', 'Murog, der hiesige Stallmeister, kann Eure Tiere heilen und wiederbeleben.', 'Murog', '', '', '', 23420),
(31586, 'deDE', 'Auf dem Wege der Besserung', 'Heilt Eure Haustiere vollständig, indem Ihr Bezzil den Stallmeister aufsucht.', 'Nachdem Ihr nun einen Kampf gewonnen habt, müssen wir Eure Haustiere heilen, damit sie wieder einsatzbereit sind! Sucht unseren Stallmeister Bezzil auf, um Eure Haustiere zu heilen und wiederzubeleben.', '', 'Bezzil, der hiesige Stallmeister, kann Eure Tiere heilen und wiederbeleben.', 'Bezzil', '', '', '', 23420),
(31583, 'deDE', 'Auf dem Wege der Besserung', 'Heilt Eure Haustiere vollständig, indem Ihr Jaelysia die Stallmeisterin aufsucht.', 'Nachdem Ihr nun einen Kampf gewonnen habt, müssen wir Eure Haustiere heilen, damit sie wieder einsatzbereit sind! Sucht unsere Stallmeisterin Jaelysia auf, um Eure Haustiere zu heilen und wiederzubeleben.', '', 'Jaelysia, die hiesige Stallmeisterin, kann Eure Haustiere heilen und wiederbeleben.', 'Jaelysia', '', '', '', 23420),
(31580, 'deDE', 'Auf dem Wege der Besserung', 'Heilt Eure Haustiere vollständig, indem Ihr Anathos die Stallmeisterin aufsucht.', 'Nachdem Ihr nun einen Kampf gewonnen habt, müssen wir Eure Haustiere heilen, damit sie wieder einsatzbereit sind! Sucht unsere Stallmeisterin Anathos auf, um Eure Haustiere zu heilen und wiederzubeleben.', '', 'Anathos, die hiesige Stallmeisterin, kann Eure Tiere heilen und wiederbeleben.', 'Anathos', '', '', '', 23420),
(31577, 'deDE', 'Auf dem Wege der Besserung', 'Heilt Eure Haustiere vollständig, indem Ihr Morganus den Stallmeister aufsucht.', 'Nachdem Ihr nun einen Kampf gewonnen habt, müssen wir Eure Haustiere heilen, damit sie wieder einsatzbereit sind! Sucht unseren Stallmeister Morganus auf, um Eure Haustiere zu heilen und wiederzubeleben.', '', 'Morganus, der hiesige Stallmeister, kann Eure Tiere heilen und wiederbeleben.', 'Morganus', '', '', '', 23420),
(31574, 'deDE', 'Auf dem Wege der Besserung', 'Heilt Eure Haustiere vollständig, indem Ihr Seikwa die Stallmeisterin aufsucht.', 'Nachdem Ihr nun einen Kampf gewonnen habt, müssen wir Eure Haustiere heilen, damit sie wieder einsatzbereit sind! Sucht unsere Stallmeisterin Seikwa auf, um Eure Haustiere zu heilen und wiederzubeleben.', '', 'Seikwa, die hiesige Stallmeisterin, kann Eure Tiere heilen und wiederbeleben.', 'Seikwa', '', '', '', 23420),
(31572, 'deDE', 'Auf dem Wege der Besserung', 'Heilt Eure Haustiere vollständig, indem Ihr Shoja''my die Stallmeisterin aufsucht.', 'Nachdem Ihr nun einen Kampf gewonnen habt, müssen wir Eure Haustiere heilen, damit sie wieder einsatzbereit sind! Sucht unsere Stallmeisterin Shoja''my auf, um Eure Haustiere zu heilen und wiederzubeleben.', '', 'Shoja''my, die hiesige Stallmeisterin, kann Eure Tiere heilen und wiederbeleben.', 'Shoja''my', '', '', '', 23420),
(31568, 'deDE', 'Auf dem Wege der Besserung', 'Heilt Eure Haustiere vollständig, indem Ihr Esbina die Stallmeisterin aufsucht.', 'Nachdem Ihr nun einen Kampf gewonnen habt, müssen wir Eure Haustiere heilen, damit sie wieder einsatzbereit sind! Sucht unsere Stallmeisterin Esbina auf, um Eure Haustiere zu heilen und wiederzubeleben.', '', 'Esbina, die hiesige Stallmeisterin, kann Eure Haustiere heilen und wiederbeleben.', 'Esbina', '', '', '', 23420),
(31553, 'deDE', 'Auf dem Wege der Besserung', 'Heilt Eure Haustiere vollständig, indem Ihr Seriadne die Stallmeisterin aufsucht.', 'Nachdem Ihr nun einen Kampf gewonnen habt, müssen wir Eure Haustiere heilen, damit sie wieder einsatzbereit sind! Sucht unsere Stallmeisterin Seriadne auf, um Eure Haustiere zu heilen und wiederzubeleben.', '', 'Seriadne, die hiesige Stallmeisterin, kann Eure Tiere heilen und wiederbeleben.', 'Seriadne', '', '', '', 23420),
(31549, 'deDE', 'Auf dem Wege der Besserung', 'Heilt Eure Haustiere vollständig, indem Ihr Shelby Steinsplint die Stallmeisterin aufsucht.', 'Nachdem Ihr nun einen Kampf gewonnen habt, müssen wir Eure Haustiere heilen, damit sie wieder einsatzbereit sind! Sucht unsere Stallmeisterin Shelby Steinsplint auf, um Eure Haustiere zu heilen und wiederzubeleben.', '', 'Shelby Steinsplint, die hiesige Stallmeisterin, kann Eure Tiere heilen und wiederbeleben.', 'Shelby Steinsplint', '', '', '', 23420),
(31785, 'deDE', 'Stufenaufstieg', 'Lasst ein Haustier auf Stufe 3 aufsteigen.', 'Gut, gut. Es ist wichtig, dass Ihr Eure Haustiere bei guter Gesundheit und kampfbereit haltet!$b$bAls nächstes möchte ich, dass Ihr mehrere Kämpfe bestreitet und ein Haustier auf Stufe 3 bringt. Danach kehrt Ihr zu mir zurück und wir überlegen, wie Ihr Eure eigenen Haustiere fangen könnt!', '', '', '', '', '', '', 23420),
(35, 'deDE', 'Weitere Sorgen', 'Marschall Dughan möchte, dass Ihr mit Wache Thomas sprecht.', 'Falls Ihr befürchtet, dass die Gerüchte über das Auftauchen von Murlocs wahr sein könnten, dann tut das Folgende: Begebt Euch zur östlichen Brücke von Elwynn und sprecht mit Wache Thomas. Er ist seit einer Woche an der Brücke stationiert und wird deswegen wissen, wie es in der Gegend aussieht.$B$BIch habe hier ein Streitross aus Sturmwind, das Euch zur Wache Thomas tragen wird. Lasst es mich wissen, wenn Ihr das Pferd benutzen wollt.', '', '', '', '', '', '', 23420),
(40, 'deDE', 'Gefahr aus dem Wasser', 'Remy "Zweifach" möchte, dass Ihr in Goldhain mit Marschall Dughan sprecht.', 'Eine neue Gefahr bedroht den Wald von Elwynn, $n! Murlocs kommen die Bäche und Flüsse im östlichen Elwynn hinaufgeschwommen, vertreiben die Fische und greifen einfache Leute an!$B$BIch habe Marschall Dughan bereits gewarnt, aber der macht sich größere Sorgen wegen der Gnolle und der Banditen. Er ist nicht überzeugt davon, dass die Murlocs eine Gefahr darstellen.$B$BBitte sprecht mit Dughan, $n, und bringt ihn dazu, dass er Verstärkung in den Osten schickt!', '', '', '', '', '', '', 23420),
(76, 'deDE', 'Die Jaspismine', 'Erforscht die Jaspismine und kehrt dann nach Goldhain zu Marschall Dughan zurück, um ihm Bericht zu erstatten.', 'Dank Euch wissen wir jetzt, dass Kobolde sich in der Tiefenschachtmine eingenistet haben. Jetzt brauchen wir noch einen Späher, der die weiter entfernte Jaspismine untersucht.$B$BErforscht die Jaspismine und bestätigt mir, ob sich dort tatsächlich Kobolde aufhalten. Die Mine erreicht Ihr, indem Ihr der Straße nach Osten folgt, bis Ihr zum Turm von Azora kommt. Wenn Ihr Euch am Turm nach Norden wendet, dann findet Ihr die Mine im Vorgebirge.', 'Ausspähen der Jaspismine', '', '', '', '', '', 23420),
(112, 'deDE', 'Die Suche nach dem Tang', 'Bringt 4 Kristalltangwedel nach Goldhain zu William Pestle.', 'Ich könnte einen Unsichtbarkeitsschnaps für Maybell brauen, damit sie sich aus den Weinbergen der Maclures fortstehlen und Tommy Joe sehen kann. Aber um den Schnaps herzustellen, brauche ich etwas Kristalltang.$B$BDieser Tang wächst zwar normalerweise im Meer, aber manchmal wird er auch von den Murlocs gesammelt. Geht und schaut, ob die Murlocs am Kristallsee welchen haben. Der Kristallsee liegt ein kleines Stück östlich von Goldhain.', '', '', '', '', '', '', 23420),
(87, 'deDE', 'Goldzahn', 'Bringt Berenices Halskette zu "Tantchen" Berenice Steinfeld auf dem Hof der Steinfelds.', 'Ich hab in der Nähe von der Tiefenschachtmine gespielt und da hab ich, glaub ich, die Kette von der alten Dame fallenge... äääh, gesehen. Fragt mich nicht, wie die dahin gekommen ist, ich war''s nicht!$B$BNa egal, jedenfalls hab ich diesen großen Kobold gesehen, der hatte einen Goldzahn und der hat die Kette aufgehoben und ist zurück in seinen Bau über der Mine gerannt. Wenn Ihr diesen Kobold findet, dann findet Ihr auch die Halskette, ehrlich! Ich schwör''s!', '', '', '', '', '', '', 23420),
(107, 'deDE', 'Nachricht an William', 'Bringt Oma Steinfelds Nachricht zu William Pestle.', 'Ich möchte wetten, William Pestle hat einen Trank, der unsere beiden Liebenden zusammenbringen kann.$B$BHier, bringt William diese Nachricht. Er wohnt im Gasthaus "Zur Höhle des Löwen" in Goldhain.', '', '', '', '', '', '', 23420),
(111, 'deDE', 'Gespräch mit Oma', 'Sprecht mit Oma Steinfeld.', 'Bitte sprecht mit meiner Großmutter, $n. Wenn irgendjemand einen Weg weiß, wie ich mit Maybell zusammen sein kann, dann ist sie das.$B$BIhr findet sie in unserem Haus, östlich von hier.', '', '', '', '', '', '', 23420),
(88, 'deDE', 'Prinzessin muss sterben!', 'Tötet Prinzessin, nehmt ihr Halsband an Euch und bringt es zu Mutter Steinfeld auf dem Hof der Steinfelds.', 'Die Brackbrunns haben eine preisgekrönte Sau namens Prinzessin. Dass dieses Tier so riesig geworden ist, das kommt nur daher, dass es immer hier herübergeschlichen kommt und mein Gemüse frisst!$B$BZufällig ist die Sau gerade hier. Sie muss sterben! Bringt mir ihr Halsband zum Beweis und ich werde Euch für Eure Mühen entlohnen.$B$BIhr findet Prinzessin mitten in unserem Wassermelonenbeet. Schnappt sie Euch!', '', '', '', '', '', '', 23420),
(84, 'deDE', 'Zurück zu Billy', 'Bringt die Schweinebauchpastete zu Billy Maclure in den Weinbergen der Maclures.', 'Hier, bitte schön. Und wenn Ihr Billy die Pastete gebt, dann sagt ihm, ich hoffe, er erstickt daran!', '', '', '', '', '', '', 23420),
(106, 'deDE', 'Junge Liebende', 'Gebt Tommy Joe Steinfeld Maybells Liebesbrief.', 'Oh, ein Fluch lastet auf mir! Mein Herz gehört Tommy Joe Steinfeld, aber unsere Familien sind aufs Ärgste miteinander verfeindet. Daher kann ich mich nicht mit ihm treffen, obwohl ich mich doch so sehr danach sehne, sein geliebtes Gesicht zu sehen!$B$BBitte nehmt diesen Brief und gebt ihn Tommy Joe. Normalerweise hält er sich am Fluss im Westen des Hofs der Steinfelds auf, das ist auch von hier aus genau westlich.', '', '', '', '', '', '', 23420),
(86, 'deDE', 'Pastete für Billy', 'Bringt 4 Portionen zartes Eberfleisch zu Tantchen Bernice Steinfeld auf dem Hof der Steinfelds.', 'Wenn ich ''ne Pastete kriegen würde, dann könnte ich Euch vielleicht sagen, wer die Kette hat. Ach, und wisst Ihr was? Diese alte Dame Bernice auf dem anderen Hof da macht ganz tolle Schweinebauchpasteten. $B$BWenn Ihr ihr ein bisschen zartes Eberfleisch von den Ebern bringt, die immer um unsere Höfe herumstromern, und ihr sagt, dass es für einen guten Zweck ist, dann backt sie Euch vielleicht eine Pastete.', '', '', '', '', '', '', 23420),
(85, 'deDE', 'Die verlorene Halskette', 'Sprecht mit Billy Maclure.', 'Ich habe meine Halskette verloren und ich glaube, dieser Tunichtgut Billy Maclure hat sie genommen! Normalerweise treibt er sich immer wie eine kleine Ratte in den Weinbergen der Maclures östlich von hier herum. $B$BBringt mir meine Halskette zurück, wenn Ihr das Herz einer alten Witwe erfreuen wollt.', '', '', '', '', '', '', 23420),
(334, 'deDE', 'Eine Lieferung für Thurman', 'Geht zum Konfektionsgeschäft Larson im Magierviertel von Sturmwind und gebt Thurman Schneider sein Nähkästchen.', 'Mein Sohn Thurman ist Lehrling beim Konfektionsgeschäft Larson im Magierviertel. Er hatte es heute etwas eilig und vergaß seine Schere und Nadeln. Ich weiß, $gein großer:eine große:c; $C wie Ihr hat bestimmt wichtige Aufgaben zu erledigen, aber ohne sein Handwerkszeug kann er seine Lehrarbeiten nicht erledigen!$B$BBitte, $n. Könnt Ihr meinem Sohn sein Nähkästchen vorbeibringen? Das Konfektionsgeschäft Larson ist einer von zwei Kleiderläden im Magierviertel - es ist das, das etwas weiter drin liegt, ganz in der Nähe des Magierturms.', '', '', '', '', '', '', 23420),
(333, 'deDE', 'Harlan braucht Nachschub', 'Geht zur Schneiderei und Anpasserei am Kanal und bringt Rema Schneider Harlan Bagleys Stoffanforderung.', 'Wir hatten hier in der letzten Zeit viel Betrieb. Es scheint so, als wollte wirklich jeder Rüstungen und robuste Kleidung kaufen. Als würden alle eine kalte, harte Jahreszeit erwarten... $B$BAber das sind alles Zukunftssorgen. Meine heutige Sorge ist eher, dass mir die gestrickten Kleidungsstücke ausgehen. Ich brauche eine weitere Fuhre von unserem Lieferanten.$B$BWenn Ihr diesen Auftrag zu Rema Schneider in die Schneiderei und Anpasserei am Kanal bringen könntet, wäre ich Euch sehr dankbar.', '', '', '', '', '', '', 23420),
(332, 'deDE', 'Weinladen-Werbung', 'Geht zum Weingut Gallina und gebt Suzetta Gallina den Weingutschein, um eine kostenlose Flasche Wein zu erhalten.', 'Wenn Ihr Euch mit irgendwem über Weine unterhaltet, werdet Ihr erfahren, dass wir Gallinas die besten Weine in ganz Sturmwind verkaufen. Wir sind auch nicht weit weg, immer noch innerhalb des Handelsdistrikts entlang der herrlichen Kanäle der Stadt.$B$BHier, nehmt dieses Flugblatt. Bringt es meiner Schwester Suzetta in unseren Laden, und Ihr erhaltet eine Gratisflasche unseres berühmten Dalaran Noir. Ihr werdet es nicht bereuen!', '', '', '', '', '', '', 23420),
(26396, 'deDE', 'Rückkehr zu Argus', 'Bucht einen Greifenritt nach Goldhain bei Greifenmeister Dungar Trinkfest, dann bringt Osrics Kiste zu Schmied Argus in Goldhain.', 'Der Name des Greifenmeisters in Goldhain ist Bartlett. Wenn Ihr bereits mit ihm gesprochen habt, könnt Ihr auf einem meiner Greifen zu ihm fliegen.$B$BVergesst nicht: Greifen sind so ausgebildet, dass sie jederzeit in ihre Hauptstadt fliegen können, bringen Euch aber nur zu anderen Greifenmeistern, wenn Ihr schon einmal dort wart.$B$BIhr habt Euch schon einmal mit Bartlett unterhalten, daher sprecht mich einfach erneut an, wenn Ihr auf einem Greifen nach Goldhain fliegen wollt. Sobald Ihr da seid, könnt Ihr Osrics Kiste zu Schmied Argus bringen.', '', '', '', '', '', '', 23420),
(26395, 'deDE', 'Dungar Trinkfest', 'Bringt Osrics Kiste zu Dungar Trinkfest, dem Greifenmeister.', '$n, ich habe alles, worum Argus gebeten hat, in diese Kiste gepackt. Würdet Ihr sie ihm bringen?$B$BWenn Ihr bereits mit Bartlett in Goldhain gesprochen habt, dann könnt Ihr einen Greif zurück zu ihm nehmen. Dungar Trinkfest ist unser Greifenmeister drüben im Handelsdistrikt.$B$BSprecht mit Dungar, dann bringt diese Kiste auf dem schnellsten Weg zu Argus. Wir möchten nicht, dass unsere kämpfenden Männer und Frauen in Goldhain ohne neue Ausrüstung sind!', '', '', '', '', '', '', 23420),
(31316, 'deDE', 'Julia, die Tierzähmerin', 'Besiegt Julia Stevens in einem Haustierkampf.', 'Wie ich sehe, habt Ihr Eure Fertigkeiten im Haustierkampf verbessert, $n. Ich glaube, Ihr seid reif für eine echte Herausforderung.$b$bIhr findet Julia Stevens in den Weinbergen der Maclures, südlich von Sturmwind. Sie ist eine aufstrebende Wildtierzähmerin und ich finde, Ihr solltet Euch mit ihr im Kampf messen!', '', 'Beweist Eure Kampfkünste gegen Julia!', 'Marlene Trichdie', '', '', '', 23420),
(31309, 'deDE', 'Auf dem Wege der Besserung', 'Stattet Erma der Stallmeisterin einen Besuch ab und heilt Eure Tiere vollständig.', 'Nachdem Ihr nun einen Kampf gewonnen habt, müssen wir Eure Haustiere heilen, damit sie wieder einsatzbereit sind! Sucht unsere Stallmeisterin Erma auf, um Eure Haustiere zu heilen und wiederzubeleben.', '', 'Erma, die hiesige Stallmeisterin, kann Eure Haustiere heilen und wiederbeleben.', 'Erma', '', '', '', 23420),
(26394, 'deDE', 'Weiter nach Sturmwind', 'Bucht einen Greifenritt bei Greifenmeister Bartlett dem Tapferen, dann bringt Argus'' Notiz zu Osric Strang, im Laden Begrenzte Immunität, in der Altstadt von Sturmwind.', 'Gegen eine geringe Gebühr könnt Ihr einen Greifen nach Sturmwind nehmen und so Argus'' Notiz zu Osric bringen. Einen schnelleren Weg gibt es nicht.$B$BWenn Euch das akzeptabel erscheint, sprecht mich wieder an, sobald Ihr bereit seid für den Flug. Das kostet eine Kleinigkeit, aber glaubt mir, es lohnt sich!', '', '', '', '', '', '', 23420),
(26393, 'deDE', 'Eine eilige Nachricht', 'Bringt Argus'' Notiz zu Bartlett dem Tapferen, dem Greifenmeister.', 'Wir bekommen zwar nicht viel Unterstützung von Sturmwind direkt, aber ich habe einen Kontaktmann in der Stadt, der uns mit Rüstungen versorgt. Sein Name ist Osric Strang. Sein Geschäft, Begrenzte Immunität, liegt in der Altstadt von Sturmwind.$B$BUnser Vorrat an Rüstung schwindet, ich muss bei Osric mehr bestellen. Könnt Ihr ihm diese Notiz bringen?$B$BDer schnellste Weg nach Sturmwind führt über Bartlett den Tapferen, unseren Greifenmeister. Er ist direkt bei der Schmiede; bringt ihm meine Notiz und nehmt dann einen Greifen nach Sturmwind.', '', '', '', '', '', '', 23420),
(60, 'deDE', 'Koboldkerzen', 'Bringt 8 große Kerzen zu William Pestle in Goldhain.', 'Guten Tag, $gwerter Herr:werte Dame;! Hättet Ihr einen Moment Zeit für mich?$B$BMein Bruder und ich führen in Sturmwind eine Apotheke und ich bin hier, weil ich große Kerzen suche, ihres Wachses wegen. Könnt Ihr mir vielleicht helfen?$B$BGroße Kerzen könnt Ihr von Kobolden bekommen - und ich habe Gerüchte gehört, dass Kobolde sich in den Minen von Elwynn eingenistet haben: in der Tiefenschachtmine im Süden und in der Jaspismine im Osten. Ich schlage vor, dass Ihr Euch an einem dieser Orte auf die Suche nach Kerzen begebt.', '', '', '', '', '', '', 23420),
(47, 'deDE', 'Tauschhandel mit Goldstaub', 'Bringt 10 Einheiten Goldstaub nach Goldhain zu Remy "Zweifach". Goldstaub findet Ihr bei den Kobolden im Wald von Elwynn.', 'Manchmal haben die Kobolde in dieser Gegend Goldstaub dabei. Das Zeug könnte ich wirklich gut gebrauchen. Bringt mir etwas davon und ich mache Euch den besten Preis in der Stadt... den besten Preis in der Stadt!$B$BDie Kobolde halten sich in der Tiefenschachtmine im Süden und im Bereich der Jaspismine im Nordosten auf.', '', '', '', '', '', '', 23420),
(62, 'deDE', 'Die Tiefenschachtmine', 'Erforscht die Tiefenschachtmine und kehrt dann nach Goldhain zu Marschall Dughan zurück.', 'Die Mine in Nordhain ist nicht die einzige, mit der es Probleme gibt. Berichten zufolge ist auch die Tiefenschachtmine im Wald von Elwynn zu einem Tummelplatz für Kobolde geworden.$B$BErforscht die Mine, bestätigt diese Berichte und kehrt dann zu mir zurück. Die Mine liegt fast genau südlich von Goldhain, zwischen den Höfen der Steinfelds und der Maclures.', 'Ausspähen der Tiefenschachtmine', '', '', '', '', '', 23420),
(2158, 'deDE', 'Ruhe und Entspannung', 'Sprecht im Gasthaus "Zur Höhle des Löwen" mit Gastwirt Farley.', 'Jeder Abenteurer sollte ausruhen, wenn ihn die Erschöpfung überkommt - und es gibt keinen besseren Platz für Ruhe und Entspannung als das Gasthaus "Zur Höhle des Löwen"!$B$BGastwirt Farley, der Inhaber der "Höhle des Löwen", ist mein bester Freund. Wenn Ihr ihm sagt, dass ich Euch geschickt habe, dann gewährt er Euch vielleicht einen Spezialrabatt auf Essen und Trinken.$B$BDas Gasthaus "Zur Höhle des Löwen" findet Ihr, wenn Ihr auf der Straße nach Süden reist - Ihr könnt es nicht verfehlen!', '', '', '', '', '', '', 23420),
(37112, 'deDE', 'Ruhe und Entspannung', 'Sprecht im Gasthaus "Zur Höhle des Löwen" mit Gastwirt Farley.', 'Jeder Abenteurer sollte ausruhen, wenn ihn die Erschöpfung überkommt – und es gibt keinen besseren Platz für Ruhe und Entspannung als das Gasthaus "Zur Höhle des Löwen"!$B$BGastwirt Farley, der Inhaber der "Höhle des Löwen", ist mein bester Freund. Wenn Ihr ihm sagt, dass ich Euch geschickt habe, dann gewährt er Euch vielleicht einen Spezialrabatt auf Essen und Trinken.$B$BDas Gasthaus "Zur Höhle des Löwen" findet Ihr, wenn Ihr auf der Straße nach Süden reist – Ihr könnt es nicht verfehlen!', '', '', '', '', '', '', 23420),
(54, 'deDE', 'Meldung in Goldhain', 'Liefert Marschall McBrides Unterlagen bei Marschall Dughan im Wald von Elwynn ab.', '$n, Ihr habt bewiesen, dass Ihr Euch um die Sicherheit von Nordhain sorgt. Nun erhaltet Ihr die Aufgabe, Euch auch dem Schutz des umliegenden Waldes von Elwynn zu widmen.$B$BWenn Ihr Euch dieser Aufgabe stellen wollt, dann nehmt diese Papiere, die bei Marschall Dughan in Goldhain abgeliefert werden müssen. Goldhain liegt an der südlichen Straße, hinter den Grenztoren.', '', '', '', '', '', '', 23420),
(26390, 'deDE', 'Setzt der Invasion ein Ende!', 'Tötet Kurtok den Schlächter.', 'Die wütende Orchorde wird von einem Ungeheuer angeführt, das als Kurtok der Schlächter bekannt ist. Kurtok ist für den vor Kurzem erfolgten Einmarsch verantwortlich und muss getötet werden, wenn wir Frieden im Tal haben wollen.$B$BGeht vorsichtig nach Osten zurück, überquert den Fluss und begebt Euch durch den Weinberg. Haltet Ausschau nach der Passage, die in die Berge führt. Dort wird Kurtok sich aufhalten und einen weiteren Angriff vorbereiten. Tötet ihn und kehrt zurück zu mir.', '', 'Kurtok versteckt sich mitten in Rauch und Flammen im Osten.', 'Kurtok der Schlächter', '', '', '', 23420),
(26391, 'deDE', 'Die Hoffnung ersticken', 'Benutzt Millys Feuerlöscher, um 8 Brände im Weingut zu löschen.', 'Tage wie diese lassen mich die Zeiten zurücksehnen, in denen die Defias noch da waren. Der Kataklysmus hat einen Weg aus der Brennenden Steppe geöffnet, und jetzt überlaufen Schwarzfelsorcs das Nordhaintal! Sie haben mein Weingut übernommen und brennen es nieder! SIE BRENNEN ES NIEDER!$B$BBitte, $n, dieses Weingut ist alles, was ich habe. Nehmt meinen Feuerlöscher und löscht die Flammen im Weingut. Vielleicht besteht noch Hoffnung für dieses Land!', '', '', '', '', '', '', 23420),
(29083, 'deDE', 'Gefahr gebannt', 'Meldet Euch bei Marschall McBride vor der Abtei von Nordhain im Wald von Elwynn.', 'Ausgezeichnete Arbeit, $n! Sie werden uns definitiv nicht mehr in den Rücken fallen. Wir kümmern uns um die Nachzügler. Ich will, dass Ihr zurück zu Marschall McBride geht, der südlich von hier vor der Abtei von Nordhain steht. Lasst ihn wissen, dass die Situation mit den Goblins unter Kontrolle ist.$B$BLebt wohl, $C.', '', '', '', '', '', '', 23420),
(28823, 'deDE', 'Gefahr gebannt', 'Meldet Euch bei Marschall McBride vor der Abtei von Nordhain im Wald von Elwynn.', 'Ausgezeichnete Arbeit, $n! Sie werden uns definitiv nicht mehr in den Rücken fallen. Wir kümmern uns um die Nachzügler. Ich will, dass Ihr zurück zu Marschall McBride geht, der südlich von hier vor der Abtei von Nordhain steht. Lasst ihn wissen, dass die Situation mit den Goblins unter Kontrolle ist.$B$BLebt wohl, $C.', '', '', '', '', '', '', 23420),
(28822, 'deDE', 'Gefahr gebannt', 'Meldet Euch bei Marschall McBride vor der Abtei von Nordhain im Wald von Elwynn.', 'Ausgezeichnete Arbeit, $n! Sie werden uns definitiv nicht mehr in den Rücken fallen. Wir kümmern uns um die Nachzügler. Ich will, dass Ihr zurück zu Marschall McBride geht, der südlich von hier vor der Abtei von Nordhain steht. Lasst ihn wissen, dass die Situation mit den Goblins unter Kontrolle ist.$B$BLebt wohl, $C.', '', '', '', '', '', '', 23420),
(28821, 'deDE', 'Gefahr gebannt', 'Meldet Euch bei Marschall McBride vor der Abtei von Nordhain im Wald von Elwynn.', 'Ausgezeichnete Arbeit, $n! Sie werden uns definitiv nicht mehr in den Rücken fallen. Wir kümmern uns um die Nachzügler. Ich will, dass Ihr zurück zu Marschall McBride geht, der südlich von hier vor der Abtei von Nordhain steht. Lasst ihn wissen, dass die Situation mit den Goblins unter Kontrolle ist.$B$BLebt wohl, $C.', '', '', '', '', '', '', 23420),
(28820, 'deDE', 'Gefahr gebannt', 'Meldet Euch bei Marschall McBride vor der Abtei von Nordhain im Wald von Elwynn.', 'Ausgezeichnete Arbeit, $n! Sie werden uns definitiv nicht mehr in den Rücken fallen. Wir kümmern uns um die Nachzügler. Ich will, dass Ihr zurück zu Marschall McBride geht, der südlich von hier vor der Abtei von Nordhain steht. Lasst ihn wissen, dass die Situation mit den Goblins unter Kontrolle ist.$B$BLebt wohl, $C.', '', '', '', '', '', '', 23420),
(28819, 'deDE', 'Gefahr gebannt', 'Meldet Euch bei Marschall McBride vor der Abtei von Nordhain im Wald von Elwynn.', 'Ausgezeichnete Arbeit, $n! Sie werden uns definitiv nicht mehr in den Rücken fallen. Wir kümmern uns um die Nachzügler. Ich will, dass Ihr zurück zu Marschall McBride geht, der südlich von hier vor der Abtei von Nordhain steht. Lasst ihn wissen, dass die Situation mit den Goblins unter Kontrolle ist.$B$BLebt wohl, $C.', '', '', '', '', '', '', 23420),
(28818, 'deDE', 'Gefahr gebannt', 'Meldet Euch bei Marschall McBride vor der Abtei von Nordhain im Wald von Elwynn.', 'Ausgezeichnete Arbeit, $n! Sie werden uns definitiv nicht mehr in den Rücken fallen. Wir kümmern uns um die Nachzügler. Ich will, dass Ihr zurück zu Marschall McBride geht, der südlich von hier vor der Abtei von Nordhain steht. Lasst ihn wissen, dass die Situation mit den Goblins unter Kontrolle ist.$B$BLebt wohl, $C.', '', '', '', '', '', '', 23420),
(28817, 'deDE', 'Gefahr gebannt', 'Meldet Euch bei Marschall McBride vor der Abtei von Nordhain im Wald von Elwynn.', 'Ausgezeichnete Arbeit, $n! Sie werden uns definitiv nicht mehr in den Rücken fallen. Wir kümmern uns um die Nachzügler. Ich will, dass Ihr zurück zu Marschall McBride geht, der südlich von hier vor der Abtei von Nordhain steht. Lasst ihn wissen, dass die Situation mit den Goblins unter Kontrolle ist.$B$BLebt wohl, $C.', '', '', '', '', '', '', 23420),
(26389, 'deDE', 'Schwarzfelsinvasion', 'Bringt 8 Waffen der Orcs des Schwarzfelsklans an Euch.', 'Die Orcs haben begonnen, den Wald niederzubrennen, $n! Sie haben den Weinberg im Osten übernommen und planen ihren Entscheidungsangriff auf uns! Sie müssen aufgehalten werden!$B$BGeht nach Osten, überquert den Fluss und tötet die wildgewordenen Orcs des Schwarzfelsklans. Sammelt als Beweis ihres Ablebens ihre Waffen ein und kehrt zu mir zurück.$B$BIhr seid unsere einzige Hoffnung, $n!', '', '', '', '', '', '', 23420),
(29081, 'deDE', 'Sie haben Auftragsmörder losgeschickt', 'Tötet 8 goblinische Auftragsmörder.', 'Habt Ihr jemals einen Goblin gesehen, $n? Diese jämmerlichen, kleinen, grünhäutigen Monster mögen nur zwei Dinge: Gold und sich selbst.$B$BDie Schwarzfelsorcs haben sich goblinische Auftragsmörder zu Hilfe geholt, die unsere Soldaten töten sollen. Wenn Ihr zum Feld im Norden blickt, könnt Ihr schwach ihre Umrisse erkennen, wie sie im Gras umherschleichen.$B$BIhr müsst Euch dort hinbegeben und jeden Goblin töten, den Ihr zu Gesicht bekommt. Sie müssen kapieren, dass man sich nicht mit der Allianz anlegt!', '', 'Dies ist ein goblinischer Auftragsmörder. Fieses kleines Monster!', 'Goblinischer Auftragsmörder', '', '', '', 23420),
(28797, 'deDE', 'Sie haben Auftragsmörder losgeschickt', 'Tötet 8 goblinische Auftragsmörder.', 'Habt Ihr jemals einen Goblin gesehen, $n? Diese jämmerlichen, kleinen, grünhäutigen Monster mögen nur zwei Dinge: Gold und sich selbst.$B$BDie Schwarzfelsorcs haben sich goblinische Auftragsmörder zu Hilfe geholt, die unsere Soldaten töten sollen. Wenn Ihr zum Feld im Norden blickt, könnt Ihr schwach ihre Umrisse erkennen, wie sie im Gras umherschleichen.$B$BIhr müsst Euch dort hinbegeben und jeden Goblin töten, den Ihr zu Gesicht bekommt. Sie müssen kapieren, dass man sich nicht mit der Allianz anlegt!', '', 'Dies ist ein goblinischer Auftragsmörder. Fiese, kleine Biester!', 'Goblinischer Auftragsmörder', '', '', '', 23420),
(28796, 'deDE', 'Sie haben Auftragsmörder losgeschickt', 'Tötet 8 goblinische Auftragsmörder.', 'Habt Ihr jemals einen Goblin gesehen, $n? Diese jämmerlichen, kleinen, grünhäutigen Monster mögen nur zwei Dinge: Gold und sich selbst.$B$BDie Schwarzfelsorcs haben sich goblinische Auftragsmörder zu Hilfe geholt, die unsere Soldaten töten sollen. Wenn Ihr zum Feld im Norden blickt, könnt Ihr schwach ihre Umrisse erkennen, wie sie im Gras umherschleichen.$B$BIhr müsst Euch dort hinbegeben und jeden Goblin töten, den Ihr zu Gesicht bekommt. Sie müssen kapieren, dass man sich nicht mit der Allianz anlegt!', '', 'Dies ist ein goblinischer Auftragsmörder. Fiese, kleine Biester!', 'Goblinischer Auftragsmörder', '', '', '', 23420),
(28795, 'deDE', 'Sie haben Auftragsmörder losgeschickt', 'Tötet 8 goblinische Auftragsmörder.', 'Habt Ihr jemals einen Goblin gesehen, $n? Diese jämmerlichen, kleinen, grünhäutigen Monster mögen nur zwei Dinge: Gold und sich selbst.$B$BDie Schwarzfelsorcs haben sich goblinische Auftragsmörder zu Hilfe geholt, die unsere Soldaten töten sollen. Wenn Ihr zum Feld im Norden blickt, könnt Ihr schwach ihre Umrisse erkennen, wie sie im Gras umherschleichen.$B$BIhr müsst Euch dort hinbegeben und jeden Goblin töten, den Ihr zu Gesicht bekommt. Sie müssen kapieren, dass man sich nicht mit der Allianz anlegt!', '', 'Dies ist ein goblinischer Auftragsmörder. Fiese, kleine Biester!', 'Goblinischer Auftragsmörder', '', '', '', 23420),
(28794, 'deDE', 'Sie haben Auftragsmörder losgeschickt', 'Tötet 8 goblinische Auftragsmörder.', 'Habt Ihr jemals einen Goblin gesehen, $n? Diese jämmerlichen, kleinen, grünhäutigen Monster mögen nur zwei Dinge: Gold und sich selbst.$B$BDie Schwarzfelsorcs haben sich goblinische Auftragsmörder zu Hilfe geholt, die unsere Soldaten töten sollen. Wenn Ihr zum Feld im Norden blickt, könnt Ihr schwach ihre Umrisse erkennen, wie sie im Gras umherschleichen.$B$BIhr müsst Euch dort hinbegeben und jeden Goblin töten, den Ihr zu Gesicht bekommt. Sie müssen kapieren, dass man sich nicht mit der Allianz anlegt!', '', 'Dies ist ein goblinischer Auftragsmörder. Fiese, kleine Biester!', 'Goblinischer Auftragsmörder', '', '', '', 23420),
(28793, 'deDE', 'Sie haben Auftragsmörder losgeschickt', 'Tötet 8 goblinische Auftragsmörder.', 'Habt Ihr jemals einen Goblin gesehen, $n? Diese jämmerlichen, kleinen, grünhäutigen Monster mögen nur zwei Dinge: Gold und sich selbst.$B$BDie Schwarzfelsorcs haben sich goblinische Auftragsmörder zu Hilfe geholt, die unsere Soldaten töten sollen. Wenn Ihr zum Feld im Norden blickt, könnt Ihr schwach ihre Umrisse erkennen, wie sie im Gras umherschleichen.$B$BIhr müsst Euch dort hinbegeben und jeden Goblin töten, den Ihr zu Gesicht bekommt. Sie müssen kapieren, dass man sich nicht mit der Allianz anlegt!', '', 'Dies ist ein goblinischer Auftragsmörder. Fiese, kleine Biester!', 'Goblinischer Auftragsmörder', '', '', '', 23420),
(28792, 'deDE', 'Sie haben Auftragsmörder losgeschickt', 'Tötet 8 goblinische Auftragsmörder.', 'Habt Ihr jemals einen Goblin gesehen, $n? Diese jämmerlichen, kleinen, grünhäutigen Monster mögen nur zwei Dinge: Gold und sich selbst.$B$BDie Schwarzfelsorcs haben sich goblinische Auftragsmörder zu Hilfe geholt, die unsere Soldaten töten sollen. Wenn Ihr zum Feld im Norden blickt, könnt Ihr schwach ihre Umrisse erkennen, wie sie im Gras umherschleichen.$B$BIhr müsst Euch dort hinbegeben und jeden Goblin töten, den Ihr zu Gesicht bekommt. Sie müssen kapieren, dass man sich nicht mit der Allianz anlegt!', '', 'Dies ist ein goblinischer Auftragsmörder. Fiese, kleine Biester!', 'Goblinischer Auftragsmörder', '', '', '', 23420),
(28791, 'deDE', 'Sie haben Auftragsmörder losgeschickt', 'Tötet 8 goblinische Auftragsmörder.', 'Habt Ihr jemals einen Goblin gesehen, $n? Diese jämmerlichen, kleinen, grünhäutigen Monster mögen nur zwei Dinge: Gold und sich selbst.$B$BDie Schwarzfelsorcs haben sich goblinische Auftragsmörder zu Hilfe geholt, die unsere Soldaten töten sollen. Wenn Ihr zum Feld im Norden blickt, könnt Ihr schwach ihre Umrisse erkennen, wie sie im Gras umherschleichen.$B$BIhr müsst Euch dort hinbegeben und jeden Goblin töten, den Ihr zu Gesicht bekommt. Sie müssen kapieren, dass man sich nicht mit der Allianz anlegt!', '', 'Dies ist ein goblinischer Auftragsmörder. Fiese, kleine Biester!', 'Goblinischer Auftragsmörder', '', '', '', 23420),
(31145, 'deDE', 'Gefahr gebannt', 'Meldet Euch bei Marschall McBride vor der Abtei von Nordhain im Wald von Elwynn.', 'Ausgezeichnete Arbeit, $n! Sie werden uns definitiv nicht mehr in den Rücken fallen. Wir kümmern uns um die Nachzügler. Ich will, dass Ihr zurück zu Marschall McBride geht, der südlich von hier vor der Abtei von Nordhain steht. Lasst ihn wissen, dass die Situation mit den Goblins unter Kontrolle ist.$B$BLebt wohl, $C.', '', '', '', '', '', '', 23420),
(29080, 'deDE', 'Stürzt Euch in die Schlacht!', 'Meldet Euch bei Unteroffizier Willem hinter der Abtei von Nordhain im Wald von Elwynn.', 'Ich habe hier eine dringende Nachricht von Unteroffizier Willem. Wie es aussieht, haben die Schwarzfelsorcs goblinische Auftragsmörder angeheuert. Sie haben unser Bataillon hinter der Abtei überfallen. Willem bittet mich, ihm einen Helden zu schicken. Ihr müsst ihnen helfen, $n!$B$BIhr findet Unteroffizier Willem nördlich von der Abtei im Kommandozelt. Los!', '', 'Unteroffizier Willem hält sich im Kommandozelt hinter der Abtei von Nordhain auf.', 'Unteroffizier Willem', '', '', '', 23420),
(28789, 'deDE', 'Stürzt Euch in die Schlacht!', 'Meldet Euch bei Unteroffizier Willem hinter der Abtei von Nordhain im Wald von Elwynn.', 'Ich habe eine dringliche Nachricht von Unteroffizier Willem erhalten. Wie sich herausstellt, haben die Schwarzfelsorcs goblinische Auftragsmörder angeheuert. Sie haben unser Bataillon hinter der Abtei aus dem Hinterhalt angegriffen. Willem bat mich, ihm einen Helden zu schicken. Ihr müsst ihnen helfen, $n!$B$BFindet Unteroffizier Willem nördlich der Abtei am Kommandozelt. Geht!', '', 'Unteroffizier Willem befindet sich am Kommandozelt hinter der Abtei von Nordhain.', 'Unteroffizier Willem', '', '', '', 23420),
(28788, 'deDE', 'Stürzt Euch in die Schlacht!', 'Meldet Euch bei Unteroffizier Willem hinter der Abtei von Nordhain im Wald von Elwynn.', 'Ich habe eine dringliche Nachricht von Unteroffizier Willem erhalten. Wie sich herausstellt, haben die Schwarzfelsorcs goblinische Auftragsmörder angeheuert. Sie haben unser Bataillon hinter der Abtei aus dem Hinterhalt angegriffen. Willem bat mich, ihm einen Helden zu schicken. Ihr müsst ihnen helfen, $n!$B$BFindet Unteroffizier Willem nördlich der Abtei am Kommandozelt. Geht!', '', 'Unteroffizier Willem befindet sich am Kommandozelt hinter der Abtei von Nordhain.', 'Unteroffizier Willem', '', '', '', 23420),
(28787, 'deDE', 'Stürzt Euch in die Schlacht!', 'Meldet Euch bei Unteroffizier Willem hinter der Abtei von Nordhain im Wald von Elwynn.', 'Ich habe eine dringliche Nachricht von Unteroffizier Willem erhalten. Wie sich herausstellt, haben die Schwarzfelsorcs goblinische Auftragsmörder angeheuert. Sie haben unser Bataillon hinter der Abtei aus dem Hinterhalt angegriffen. Willem bat mich, ihm einen Helden zu schicken. Ihr müsst ihnen helfen, $n!$B$BFindet Unteroffizier Willem nördlich der Abtei am Kommandozelt. Geht!', '', 'Unteroffizier Willem befindet sich am Kommandozelt hinter der Abtei von Nordhain.', 'Unteroffizier Willem', '', '', '', 23420),
(28786, 'deDE', 'Stürzt Euch in die Schlacht!', 'Meldet Euch bei Unteroffizier Willem hinter der Abtei von Nordhain im Wald von Elwynn.', 'Ich habe eine dringliche Nachricht von Unteroffizier Willem erhalten. Wie sich herausstellt, haben die Schwarzfelsorcs goblinische Auftragsmörder angeheuert. Sie haben unser Bataillon hinter der Abtei aus dem Hinterhalt angegriffen. Willem bat mich, ihm einen Helden zu schicken. Ihr müsst ihnen helfen, $n!$B$BFindet Unteroffizier Willem nördlich der Abtei am Kommandozelt. Geht!', '', 'Unteroffizier Willem befindet sich am Kommandozelt hinter der Abtei von Nordhain.', 'Unteroffizier Willem', '', '', '', 23420),
(28785, 'deDE', 'Stürzt Euch in die Schlacht!', 'Meldet Euch bei Unteroffizier Willem hinter der Abtei von Nordhain im Wald von Elwynn.', 'Ich habe eine dringliche Nachricht von Unteroffizier Willem erhalten. Wie sich herausstellt, haben die Schwarzfelsorcs goblinische Auftragsmörder angeheuert. Sie haben unser Bataillon hinter der Abtei aus dem Hinterhalt angegriffen. Willem bat mich, ihm einen Helden zu schicken. Ihr müsst ihnen helfen, $n!$B$BFindet Unteroffizier Willem nördlich der Abtei am Kommandozelt. Geht!', '', 'Unteroffizier Willem befindet sich am Kommandozelt hinter der Abtei von Nordhain.', 'Unteroffizier Willem', '', '', '', 23420),
(28784, 'deDE', 'Stürzt Euch in die Schlacht!', 'Meldet Euch bei Unteroffizier Willem hinter der Abtei von Nordhain im Wald von Elwynn.', 'Ich habe eine dringliche Nachricht von Unteroffizier Willem erhalten. Wie sich herausstellt, haben die Schwarzfelsorcs goblinische Auftragsmörder angeheuert. Sie haben unser Bataillon hinter der Abtei aus dem Hinterhalt angegriffen. Willem bat mich, ihm einen Helden zu schicken. Ihr müsst ihnen helfen, $n!$B$BFindet Unteroffizier Willem nördlich der Abtei am Kommandozelt. Geht!', '', 'Unteroffizier Willem befindet sich am Kommandozelt hinter der Abtei von Nordhain.', 'Unteroffizier Willem', '', '', '', 23420),
(28780, 'deDE', 'Stürzt Euch in die Schlacht!', 'Meldet Euch bei Unteroffizier Willem hinter der Abtei von Nordhain im Wald von Elwynn.', 'Ich habe eine dringliche Nachricht von Unteroffizier Willem erhalten. Wie sich herausstellt, haben die Schwarzfelsorcs goblinische Auftragsmörder angeheuert. Sie haben unser Bataillon hinter der Abtei aus dem Hinterhalt angegriffen. Willem bat mich, ihm einen Helden zu schicken. Ihr müsst ihnen helfen, $n!$B$BFindet Unteroffizier Willem nördlich der Abtei am Kommandozelt. Geht!', '', 'Unteroffizier Willem befindet sich am Kommandozelt hinter der Abtei von Nordhain.', 'Unteroffizier Willem', '', '', '', 23420),
(31144, 'deDE', 'Sie haben Auftragsmörder losgeschickt', 'Tötet 8 goblinische Auftragsmörder.', 'Habt Ihr jemals einen Goblin gesehen, $n? Diese jämmerlichen, kleinen, grünhäutigen Monster mögen nur zwei Dinge: Gold und sich selbst.$B$BDie Schwarzfelsorcs haben sich goblinische Auftragsmörder zu Hilfe geholt, die unsere Soldaten töten sollen. Wenn Ihr zum Feld im Norden blickt, könnt Ihr schwach ihre Umrisse erkennen, wie sie im Gras umherschleichen.$B$BIhr müsst Euch dort hinbegeben und jeden Goblin töten, den Ihr zu Gesicht bekommt. Sie müssen kapieren, dass man sich nicht mit der Allianz anlegt!', '', 'Dies ist ein goblinischer Auftragsmörder. Fiese, kleine Biester!', 'Goblinischer Auftragsmörder', '', '', '', 23420),
(29079, 'deDE', 'Worgs im Schafspelz', 'Tötet 8 Spione des Schwarzfels.', 'Die einfallenden Orcs sind keine Narren. Sie schätzen uns ab, stellen sicher, dass ihre Angriffe zu ihrem Vorteil sein werden.$B$BIm Wald nordwestlich sind Spione der Schwarzfelsorcs. Sie spähen uns durch Handfernrohre aus, überwachen jeden unserer Schritte - und warten. Ich will, dass Ihr sie angreift!$B$BTötet die Spione der Schwarzfelsorcs! Wir müssen ihnen zeigen, dass wir wissen, dass sie uns beobachten und dass wir vorbereitet sind!', '', 'Dies ist ein männlicher Spion des Schwarzfels. Es sind unter ihnen auch weibliche.', 'Spion des Schwarzfels', '', '', '', 23420),
(28774, 'deDE', 'Worgs im Schafspelz', 'Tötet 8 Spione der Schwarzfelsorcs.', 'Die einfallenden Orcs sind keine Narren. Sie schätzen uns ab, stellen sicher, dass ihre Angriffe zu ihrem Vorteil sein werden.$B$BIm Wald nordwestlich von hier lauern Spione der Schwarzfelsorcs. Sie kundschaften uns mit ihren Handfernrohren aus, überwachen jeden unserer Schritte - und warten. Ich will, dass Ihr sie angreift!$B$BTötet die Spione der Schwarzfelsorcs! Wir müssen ihnen zeigen, dass wir sehr wohl wissen, dass sie uns beobachten und dass wir vorbereitet sind!', '', 'Dies ist ein männlicher Spion der Schwarzfelsorcs. Es gibt aber auch weibliche unter ihnen.', 'Spion der Schwarzfelsorcs', '', '', '', 23420),
(28773, 'deDE', 'Worgs im Schafspelz', 'Tötet 8 Spione der Schwarzfelsorcs.', 'Die einfallenden Orcs sind keine Narren. Sie schätzen uns ab, stellen sicher, dass ihre Angriffe zu ihrem Vorteil sein werden.$B$BIm Wald nordwestlich von hier lauern Spione der Schwarzfelsorcs. Sie kundschaften uns mit ihren Handfernrohren aus, überwachen jeden unserer Schritte - und warten. Ich will, dass Ihr sie angreift!$B$BTötet die Spione der Schwarzfelsorcs! Wir müssen ihnen zeigen, dass wir sehr wohl wissen, dass sie uns beobachten und dass wir vorbereitet sind!', '', 'Dies ist ein männlicher Spion der Schwarzfelsorcs. Es gibt aber auch weibliche unter ihnen.', 'Spion der Schwarzfelsorcs', '', '', '', 23420),
(28772, 'deDE', 'Worgs im Schafspelz', 'Tötet 8 Spione der Schwarzfelsorcs.', 'Die einfallenden Orcs sind keine Narren. Sie schätzen uns ab, stellen sicher, dass ihre Angriffe zu ihrem Vorteil sein werden.$B$BIm Wald nordwestlich von hier lauern Spione der Schwarzfelsorcs. Sie kundschaften uns mit ihren Handfernrohren aus, überwachen jeden unserer Schritte - und warten. Ich will, dass Ihr sie angreift!$B$BTötet die Spione der Schwarzfelsorcs! Wir müssen ihnen zeigen, dass wir sehr wohl wissen, dass sie uns beobachten und dass wir vorbereitet sind!', '', 'Dies ist ein männlicher Spion der Schwarzfelsorcs. Es gibt aber auch weibliche unter ihnen.', 'Spion der Schwarzfelsorcs', '', '', '', 23420),
(28771, 'deDE', 'Worgs im Schafspelz', 'Tötet 8 Spione der Schwarzfelsorcs.', 'Die einfallenden Orcs sind keine Narren. Sie schätzen uns ab, stellen sicher, dass ihre Angriffe zu ihrem Vorteil sein werden.$B$BIm Wald nordwestlich von hier lauern Spione der Schwarzfelsorcs. Sie kundschaften uns mit ihren Handfernrohren aus, überwachen jeden unserer Schritte - und warten. Ich will, dass Ihr sie angreift!$B$BTötet die Spione der Schwarzfelsorcs! Wir müssen ihnen zeigen, dass wir sehr wohl wissen, dass sie uns beobachten und dass wir vorbereitet sind!', '', 'Dies ist ein männlicher Spion der Schwarzfelsorcs. Es gibt aber auch weibliche unter ihnen.', 'Spion der Schwarzfelsorcs', '', '', '', 23420),
(28770, 'deDE', 'Worgs im Schafspelz', 'Tötet 8 Spione der Schwarzfelsorcs.', 'Die einfallenden Orcs sind keine Narren. Sie schätzen uns ab, stellen sicher, dass ihre Angriffe zu ihrem Vorteil sein werden.$B$BIm Wald nordwestlich von hier lauern Spione der Schwarzfelsorcs. Sie kundschaften uns mit ihren Handfernrohren aus, überwachen jeden unserer Schritte - und warten. Ich will, dass Ihr sie angreift!$B$BTötet die Spione der Schwarzfelsorcs! Wir müssen ihnen zeigen, dass wir sehr wohl wissen, dass sie uns beobachten und dass wir vorbereitet sind!', '', 'Dies ist ein männlicher Spion der Schwarzfelsorcs. Es gibt aber auch weibliche unter ihnen.', 'Spion der Schwarzfelsorcs', '', '', '', 23420),
(28769, 'deDE', 'Worgs im Schafspelz', 'Tötet 8 Spione der Schwarzfelsorcs.', 'Die einfallenden Orcs sind keine Narren. Sie schätzen uns ab, stellen sicher, dass ihre Angriffe zu ihrem Vorteil sein werden.$B$BIm Wald nordwestlich von hier lauern Spione der Schwarzfelsorcs. Sie kundschaften uns mit ihren Handfernrohren aus, überwachen jeden unserer Schritte - und warten. Ich will, dass Ihr sie angreift!$B$BTötet die Spione der Schwarzfelsorcs! Wir müssen ihnen zeigen, dass wir sehr wohl wissen, dass sie uns beobachten und dass wir vorbereitet sind!', '', 'Dies ist ein männlicher Spion der Schwarzfelsorcs. Es gibt aber auch weibliche unter ihnen.', 'Spion der Schwarzfelsorcs', '', '', '', 23420),
(28759, 'deDE', 'Worgs im Schafspelz', 'Tötet 8 Spione des Schwarzfels.', 'Die einfallenden Orcs sind keine Narren. Sie schätzen uns ab, stellen sicher, dass ihre Angriffe zu ihrem Vorteil sein werden.$B$BIm Wald nordwestlich sind Spione der Schwarzfelsorcs. Sie spähen uns durch Handfernrohre aus, überwachen jeden unserer Schritte - und warten. Ich will, dass Ihr sie angreift!$B$BTötet die Spione der Schwarzfelsorcs! Wir müssen ihnen zeigen, dass wir wissen, dass sie uns beobachten und dass wir vorbereitet sind!', '', 'Dies ist ein männlicher Spion der Schwarzfelsorcs. Es gibt aber auch weibliche unter ihnen.', 'Spion der Schwarzfelsorcs', '', '', '', 23420),
(31143, 'deDE', 'Stürzt Euch in die Schlacht!', 'Meldet Euch bei Unteroffizier Willem hinter der Abtei von Nordhain im Wald von Elwynn.', 'Ich habe eine dringliche Nachricht von Unteroffizier Willem erhalten. Wie sich herausstellt, haben die Schwarzfelsorcs goblinische Auftragsmörder angeheuert. Sie haben unser Bataillon hinter der Abtei aus dem Hinterhalt angegriffen. Willem bat mich, ihm einen Helden zu schicken. Ihr müsst ihnen helfen, $n!$B$BFindet Unteroffizier Willem nördlich der Abtei am Kommandozelt. Geht!', '', 'Unteroffizier Willem befindet sich am Kommandozelt hinter der Abtei von Nordhain.', 'Unteroffizier Willem', '', '', '', 23420),
(29078, 'deDE', 'Schlagt sie zurück!', 'Tötet 6 Worgs des Schwarzfels.', 'Noch ein Allianzrekrut, hm? Ich bin Marschall McBride, Kommandant dieser Garnison. Von Eurem Schlag sieht man hier sehr viele, $R, aber wir können Eure Hilfe sicher brauchen.$B$BIhr kommt gerade rechtzeitig. Die Schwarzfelsorcs haben es geschafft, sich durch eine Lücke im Berg nach Nordhain einzuschleichen. Meine Soldaten tun ihr Bestes, sie zurückzudrängen, aber ich befürchte, wir werden bald überrannt werden.$B$BGeht nach Nordwesten in den Wald und tötet die angreifenden Kampfworgs des Schwarzfels! Helft meinen Soldaten!', '', 'Die Kampfworgs des Schwarzfels sind wilde Raubtiere.', 'Kampfworg des Schwarzfels', '', '', '', 23420),
(28767, 'deDE', 'Schlagt sie zurück!', 'Tötet 6 Worgs des Schwarzfels.', 'Ihr seid also $gder neue Rekrut:die neue Rekrutin; aus Sturmwind, wie? Ich bin Marschall McBride, Kommandant dieser Garnison. Ich bin froh, Euch an Bord zu haben...$B$B<McBride sieht ein paar Zettel durch.>$B$B$n. Ihr seid $n, ja?$B$BIhr seid genau zur rechten Zeit gekommen. Die Schwarzfelsorcs haben es geschafft, sich durch einen Spalt im Felsen in den Nordhain einzuschleichen. Meine Soldaten tun ihr Bestes, sie zurückzuschlagen, aber ich fürchte, sie werden bald übermannt werden.$B$BBegebt Euch nach Nordwesten in den Wald und tötet die angreifenden Schwarzfelsworgs! Helft meinen Soldaten!', '', 'Die Kampfworgs des Schwarzfels sind wilde Raubtiere.', 'Kampfworg des Schwarzfels', '', '', '', 23420),
(28766, 'deDE', 'Schlagt sie zurück!', 'Tötet 6 Worgs des Schwarzfels.', 'Ihr seid also $gder neue Rekrut:die neue Rekrutin; aus Sturmwind, wie? Ich bin Marschall McBride, Kommandant dieser Garnison. Ich bin froh, Euch an Bord zu haben...$B$B<McBride sieht ein paar Zettel durch.>$B$B$n. Ihr seid $n, ja?$B$BIhr seid genau zur rechten Zeit gekommen. Die Schwarzfelsorcs haben es geschafft, sich durch einen Spalt im Felsen in den Nordhain einzuschleichen. Meine Soldaten tun ihr Bestes, sie zurückzuschlagen, aber ich fürchte, sie werden bald übermannt werden.$B$BBegebt Euch nach Nordwesten in den Wald und tötet die angreifenden Schwarzfelsworgs! Helft meinen Soldaten!', '', 'Die Kampfworgs des Schwarzfels sind wilde Raubtiere.', 'Kampfworg des Schwarzfels', '', '', '', 23420),
(28765, 'deDE', 'Schlagt sie zurück!', 'Tötet 6 Worgs des Schwarzfels.', 'Ihr seid also $gder neue Rekrut:die neue Rekrutin; aus Sturmwind, wie? Ich bin Marschall McBride, Kommandant dieser Garnison. Ich bin froh, Euch an Bord zu haben...$B$B<McBride sieht ein paar Zettel durch.>$B$B$n. Ihr seid $n, ja?$B$BIhr seid genau zur rechten Zeit gekommen. Die Schwarzfelsorcs haben es geschafft, sich durch einen Spalt im Felsen in den Nordhain einzuschleichen. Meine Soldaten tun ihr Bestes, sie zurückzuschlagen, aber ich fürchte, sie werden bald übermannt werden.$B$BBegebt Euch nach Nordwesten in den Wald und tötet die angreifenden Schwarzfelsworgs! Helft meinen Soldaten!', '', 'Die Kampfworgs des Schwarzfels sind wilde Raubtiere.', 'Kampfworg des Schwarzfels', '', '', '', 23420),
(28764, 'deDE', 'Schlagt sie zurück!', 'Tötet 6 Worgs des Schwarzfels.', 'Ihr seid also $gder neue Rekrut:die neue Rekrutin; aus Sturmwind, wie? Ich bin Marschall McBride, Kommandant dieser Garnison. Ich bin froh, Euch an Bord zu haben...$B$B<McBride sieht ein paar Zettel durch.>$B$B$n. Ihr seid $n, ja?$B$BIhr seid genau zur rechten Zeit gekommen. Die Schwarzfelsorcs haben es geschafft, sich durch einen Spalt im Felsen in den Nordhain einzuschleichen. Meine Soldaten tun ihr Bestes, sie zurückzuschlagen, aber ich fürchte, sie werden bald übermannt werden.$B$BBegebt Euch nach Nordwesten in den Wald und tötet die angreifenden Schwarzfelsworgs! Helft meinen Soldaten!', '', 'Die Kampfworgs des Schwarzfels sind wilde Raubtiere.', 'Kampfworg des Schwarzfels', '', '', '', 23420),
(28763, 'deDE', 'Schlagt sie zurück!', 'Tötet 6 Worgs des Schwarzfels.', 'Ihr seid also $gder neue Rekrut:die neue Rekrutin; aus Sturmwind, wie? Ich bin Marschall McBride, Kommandant dieser Garnison. Ich bin froh, Euch an Bord zu haben...$B$B<McBride sieht ein paar Zettel durch.>$B$B$n. Ihr seid $n, ja?$B$BIhr seid genau zur rechten Zeit gekommen. Die Schwarzfelsorcs haben es geschafft, sich durch einen Spalt im Felsen in den Nordhain einzuschleichen. Meine Soldaten tun ihr Bestes, sie zurückzuschlagen, aber ich fürchte, sie werden bald übermannt werden.$B$BBegebt Euch nach Nordwesten in den Wald und tötet die angreifenden Schwarzfelsworgs! Helft meinen Soldaten!', '', 'Die Kampfworgs des Schwarzfels sind wilde Raubtiere.', 'Kampfworg des Schwarzfels', '', '', '', 23420),
(28762, 'deDE', 'Schlagt sie zurück!', 'Tötet 6 Worgs des Schwarzfels.', 'Ihr seid also $gder neue Rekrut:die neue Rekrutin; aus Sturmwind, wie? Ich bin Marschall McBride, Kommandant dieser Garnison. Ich bin froh, Euch an Bord zu haben...$B$B<McBride sieht ein paar Zettel durch.>$B$B$n. Ihr seid $n, ja?$B$BIhr seid genau zur rechten Zeit gekommen. Die Schwarzfelsorcs haben es geschafft, sich durch einen Felsspalt in den Nordhain einzuschleichen. Meine Soldaten tun ihr Bestes, sie zurückzuschlagen, aber ich fürchte, sie werden bald übermannt werden.$B$BBegebt Euch nach Nordwesten in den Wald und tötet die angreifenden Worgs des Schwarzfels! Helft meinen Soldaten!', '', 'Die Kampfworgs des Schwarzfels sind wilde Raubtiere.', 'Kampfworg des Schwarzfels', '', '', '', 23420),
(28757, 'deDE', 'Schlagt sie zurück!', 'Tötet 6 Worgs des Schwarzfels.', 'Ihr seid also $gder neue Rekrut:die neue Rekrutin; aus Sturmwind, wie? Ich bin Marschall McBride, Kommandant dieser Garnison. Ich bin froh, Euch an Bord zu haben...$B$B<McBride sieht ein paar Zettel durch.>$B$B$n. Ihr seid $n, ja?$B$BIhr seid genau zur rechten Zeit gekommen. Die Schwarzfelsorcs haben es geschafft, sich durch einen Felsspalt in den Nordhain einzuschleichen. Meine Soldaten tun ihr Bestes, sie zurückzuschlagen, aber ich fürchte, sie werden bald übermannt werden.$B$BBegebt Euch nach Nordwesten in den Wald und tötet die angreifenden Worgs des Schwarzfels! Helft meinen Soldaten!', '', 'Die Kampfworgs des Schwarzfels sind wilde Raubtiere.', 'Kampfworg des Schwarzfels', '', '', '', 23420),
(31140, 'deDE', 'Worgs im Schafspelz', 'Tötet 8 Spione der Schwarzfelsorcs.', 'Die einfallenden Orcs sind keine Narren. Sie schätzen uns ab, stellen sicher, dass ihre Angriffe zu ihrem Vorteil sein werden.$B$BIm Wald nordwestlich von hier lauern Spione der Schwarzfelsorcs. Sie kundschaften uns mit ihren Handfernrohren aus, überwachen jeden unserer Schritte - und warten. Ich will, dass Ihr sie angreift!$B$BTötet die Spione der Schwarzfelsorcs! Wir müssen ihnen zeigen, dass wir sehr wohl wissen, dass sie uns beobachten und dass wir vorbereitet sind!', '', 'Dies ist ein männlicher Spion der Schwarzfelsorcs. Es gibt aber auch weibliche unter ihnen.', 'Spion der Schwarzfelsorcs', '', '', '', 23420),
(12, 'deDE', 'Die Volksmiliz', 'Gryan Starkmantel möchte, dass Ihr 15 Fallensteller der Defias und 15 Schmuggler der Defias tötet und zu ihm auf die Späherkuppe zurückkehrt.', 'Die Volksmiliz hat nur ein einziges Ziel: Westfall zu verteidigen und den Frieden in dieses Land zurückzubringen. Doch leider muss der Frieden nur allzu oft mit Blut bezahlt werden. $b$bEiner meiner Späher hat uns Kunde davon gebracht, dass eine Fallenstellerbande der Defias hier in der Nähe verheerende Schäden anrichtet. Mir liegen Berichte vor, dass einige Fallensteller der Defias in der Nähe des Jangoschachts im Nordwesten gesichtet wurden, ebenso bei Molsens Hof und bei Brauenwirbels Kürbishof. Wenn Ihr unseren Reihen beizutreten wünscht, dann erschlagt 15 Fallensteller der Defias und 15 Schmuggler der Defias und kehrt zu mir zurück.', '', '', '', '', '', '', 23420),
(31139, 'deDE', 'Schlagt sie zurück!', 'Tötet 6 Worgs des Schwarzfels.', 'Ihr seid also $gder neue Rekrut:die neue Rekrutin; aus Sturmwind, wie? Ich bin Marschall McBride, Kommandant dieser Garnison. Ich bin froh, Euch an Bord zu haben...$B$B<McBride sieht ein paar Zettel durch.>$B$B$n. Ihr seid $n, ja?$B$BIhr seid genau zur rechten Zeit gekommen. Die Schwarzfelsorcs haben es geschafft, sich durch einen Spalt im Felsen in den Nordhain einzuschleichen. Meine Soldaten tun ihr Bestes, sie zurückzuschlagen, aber ich fürchte, sie werden bald übermannt werden.$B$BBegebt Euch nach Nordwesten in den Wald und tötet die angreifenden Schwarzfelsworgs! Helft meinen Soldaten!', '', 'Die Kampfworgs des Schwarzfels sind wilde Raubtiere.', 'Kampfworg des Schwarzfels', '', '', '', 23420),
(42741, 'deDE', 'Legion Expansion Started Tracking Quest', '', '', '', '', '', '', '', '', 23420),
(32009, 'deDE', 'Varzok', 'Meldet Euch bei Varzok in Orgrimmar.', 'Lok''tar, $n. Mein Name ist Varzok, und ich habe in letzter Zeit viel von Euren Leistungen als $gZähmer:Zähmerin; gehört. Ich möchte Euch gerne Trainern in ganz Azeroth vorstellen, damit Ihr Eure Fertigkeiten weiter verbessern könnt.$B$BBitte trefft Euch auf ein Gespräch mit mir in Orgrimmar, auf dass wir alles in die Wege leiten können.', '', 'Ich freue mich schon auf unser Treffen.', 'Varzok', '', '', '', 23420),
(31812, 'deDE', 'Zunta, der Tierzähmer', 'Besiegt Zunta in einem Haustierkampf.', 'Wie ich sehe, habt Ihr Eure Fertigkeiten im Haustierkampf verbessert, $n. Ich glaube, Ihr seid reif für eine echte Herausforderung.$b$bIhr findet Zunta nahe Tor''krens Hof, südlich von Orgrimmar. Er ist ein aufstrebender Wildtierzähmer und ich finde, Ihr solltet Euch mit ihm im Kampf messen!', '', 'Messt Euch mit Zunta!', 'Zunta', '', '', '', 23420),
(31591, 'deDE', 'Erste Erfahrungen', 'Gewinnt einen Kampf mit einem Haustier.', 'Nachdem Ihr jetzt zum Ausbilden von Tieren qualifiziert seid, ist es Zeit, Eure Fähigkeiten unter Beweis zu stellen!$b$bZieht in die Wildnis und stellt Euch einem Kampfhaustier. Wenn Ihr gewonnen habt, kommt wieder zu mir, dann setze ich Eure Ausbildung fort. Viel Glück!', '', '', '', '', '', '', 23420),
(31588, 'deDE', 'Erste Erfahrungen', 'Gewinnt einen Kampf mit einem Haustier.', 'Nachdem Ihr jetzt zum Ausbilden von Tieren qualifiziert seid, ist es Zeit, Eure Fähigkeiten unter Beweis zu stellen!$b$bZieht in die Wildnis und stellt Euch einem Kampfhaustier. Wenn Ihr gewonnen habt, kommt wieder zu mir, dann setze ich Eure Ausbildung fort. Viel Glück!', '', '', '', '', '', '', 23420),
(31585, 'deDE', 'Erste Erfahrungen', 'Gewinnt einen Kampf mit einem Haustier.', 'Nachdem Ihr jetzt zum Ausbilden von Tieren qualifiziert seid, ist es Zeit, Eure Fähigkeiten unter Beweis zu stellen!$b$bZieht in die Wildnis und stellt Euch einem Kampfhaustier. Wenn Ihr gewonnen habt, kommt wieder zu mir, dann setze ich Eure Ausbildung fort. Viel Glück!', '', '', '', '', '', '', 23420),
(31582, 'deDE', 'Erste Erfahrungen', 'Gewinnt einen Kampf mit einem Haustier.', 'Nachdem Ihr jetzt zum Ausbilden von Tieren qualifiziert seid, ist es Zeit, Eure Fähigkeiten unter Beweis zu stellen!$b$bZieht in den Wald und stellt Euch einem Kampfhaustier. Wenn Ihr gewonnen habt, kommt wieder zu mir, dann setze ich Eure Ausbildung fort. Viel Glück!', '', '', '', '', '', '', 23420),
(31579, 'deDE', 'Erste Erfahrungen', 'Gewinnt einen Kampf mit einem Haustier.', 'Nachdem Ihr jetzt zum Ausbilden von Tieren qualifiziert seid, ist es Zeit, Eure Fähigkeiten unter Beweis zu stellen!$b$bZieht in den Wald und stellt Euch einem Kampfhaustier. Wenn Ihr gewonnen habt, kommt wieder zu mir, dann setze ich Eure Ausbildung fort. Viel Glück!', '', '', '', '', '', '', 23420),
(31576, 'deDE', 'Erste Erfahrungen', 'Gewinnt einen Kampf mit einem Haustier.', 'Nachdem Ihr jetzt zum Ausbilden von Tieren qualifiziert seid, ist es Zeit, Eure Fähigkeiten unter Beweis zu stellen!$b$bZieht in den Wald und stellt Euch einem Kampfhaustier. Wenn Ihr gewonnen habt, kommt wieder zu mir, dann setze ich Eure Ausbildung fort. Viel Glück!', '', '', '', '', '', '', 23420),
(31573, 'deDE', 'Erste Erfahrungen', 'Gewinnt einen Kampf mit einem Haustier.', 'Nachdem Ihr jetzt zum Ausbilden von Tieren qualifiziert seid, ist es Zeit, Eure Fähigkeiten unter Beweis zu stellen!$b$bZieht in den Wald und stellt Euch einem Kampfhaustier. Wenn Ihr gewonnen habt, kommt wieder zu mir, dann setze ich Eure Ausbildung fort. Viel Glück!', '', '', '', '', '', '', 23420),
(31571, 'deDE', 'Erste Erfahrungen', 'Gewinnt einen Kampf mit einem Haustier.', 'Nachdem Ihr jetzt zum Ausbilden von Tieren qualifiziert seid, ist es Zeit, Eure Fähigkeiten unter Beweis zu stellen!$b$bZieht in den Wald und stellt Euch einem Kampfhaustier. Wenn Ihr gewonnen habt, kommt wieder zu mir, dann setze ich Eure Ausbildung fort. Viel Glück!', '', '', '', '', '', '', 23420),
(31556, 'deDE', 'Erste Erfahrungen', 'Gewinnt einen Kampf mit einem Haustier.', 'Nachdem Ihr jetzt zum Ausbilden von Tieren qualifiziert seid, ist es Zeit, Eure Fähigkeiten unter Beweis zu stellen!$b$bZieht in die Wildnis und stellt Euch einem Kampfhaustier. Wenn Ihr gewonnen habt, kommt wieder zu mir, dann setze ich Eure Ausbildung fort. Viel Glück!', '', '', '', '', '', '', 23420),
(31552, 'deDE', 'Erste Erfahrungen', 'Gewinnt einen Kampf mit einem Haustier.', 'Nachdem Ihr jetzt zum Ausbilden von Tieren qualifiziert seid, ist es Zeit, Eure Fähigkeiten unter Beweis zu stellen!$b$bZieht in den Wald und stellt Euch einem Kampfhaustier. Wenn Ihr gewonnen habt, kommt wieder zu mir, dann setze ich Eure Ausbildung fort. Viel Glück!', '', '', '', '', '', '', 23420),
(31548, 'deDE', 'Erste Erfahrungen', 'Gewinnt einen Kampf mit einem Haustier.', 'Nachdem Ihr jetzt zum Ausbilden von Tieren qualifiziert seid, ist es Zeit, Eure Fähigkeiten unter Beweis zu stellen!$b$bZieht ins Tal und stellt Euch einem Kampfhaustier. Wenn Ihr gewonnen habt, kommt wieder zu mir, dann setze ich Eure Ausbildung fort. Viel Glück!', '', '', '', '', '', '', 23420),
(31308, 'deDE', 'Erste Erfahrungen', 'Gewinnt einen Haustierkampf.', 'Da Ihr nun $gTierausbilder:Tierausbilderin; seid, ist es an der Zeit, Euer Können auf die Probe zu stellen!$b$bGeht hinaus in den Wald und beginnt einen Kampf mit einem Kampfhaustier. Vergesst nicht, Eure Fertigkeit ''Haustiere aufspüren'' einzusetzen, damit Ihr kampfbereite Haustiere auf der Minikarte sehen könnt. Kommt wieder zu mir, nachdem Ihr gewonnen habt, dann setzen wir Eure Ausbildung fort. Viel Glück!', '', '', '', '', '', '', 23420),
(8237, 'deDE', 'In the Blink of an Eye Tracking Quest', '', '', '', '', '', '', '', '', 23420);


SET NAMES 'utf8';
DELETE FROM `quest_objectives_locale` WHERE (`ID`=265757 AND `locale`='deDE') OR (`ID`=265756 AND `locale`='deDE') OR (`ID`=265755 AND `locale`='deDE') OR (`ID`=265754 AND `locale`='deDE') OR (`ID`=252698 AND `locale`='deDE') OR (`ID`=252386 AND `locale`='deDE') OR (`ID`=268740 AND `locale`='deDE') OR (`ID`=268739 AND `locale`='deDE') OR (`ID`=268737 AND `locale`='deDE') OR (`ID`=268736 AND `locale`='deDE') OR (`ID`=268735 AND `locale`='deDE') OR (`ID`=268733 AND `locale`='deDE') OR (`ID`=268732 AND `locale`='deDE') OR (`ID`=268731 AND `locale`='deDE') OR (`ID`=268730 AND `locale`='deDE') OR (`ID`=268712 AND `locale`='deDE') OR (`ID`=268709 AND `locale`='deDE') OR (`ID`=269000 AND `locale`='deDE') OR (`ID`=268521 AND `locale`='deDE') OR (`ID`=268497 AND `locale`='deDE') OR (`ID`=266871 AND `locale`='deDE') OR (`ID`=269048 AND `locale`='deDE') OR (`ID`=268799 AND `locale`='deDE') OR (`ID`=268806 AND `locale`='deDE') OR (`ID`=268805 AND `locale`='deDE') OR (`ID`=268811 AND `locale`='deDE') OR (`ID`=268808 AND `locale`='deDE') OR (`ID`=268803 AND `locale`='deDE') OR (`ID`=268807 AND `locale`='deDE') OR (`ID`=268809 AND `locale`='deDE') OR (`ID`=268812 AND `locale`='deDE') OR (`ID`=268804 AND `locale`='deDE') OR (`ID`=268810 AND `locale`='deDE') OR (`ID`=268800 AND `locale`='deDE');
INSERT INTO `quest_objectives_locale` (`ID`, `locale`, `QuestId`, `StorageIndex`, `Description`, `VerifiedBuild`) VALUES
(265757, 'deDE', 26209, 3, 'Hinweis Nr. 4 erhalten', 23420),
(265756, 'deDE', 26209, 2, 'Hinweis Nr. 3 erhalten', 23420),
(265755, 'deDE', 26209, 1, 'Hinweis Nr. 2 erhalten', 23420),
(265754, 'deDE', 26209, 0, 'Hinweis Nr. 1 erhalten', 23420),
(252698, 'deDE', 176, 0, 'Um die "Hogger-Situation" gekümmert', 23420),
(252386, 'deDE', 52, 0, 'Streuner oder Forstwolf getötet', 23420),
(268740, 'deDE', 31592, 0, 'Kampfhaustiere geheilt', 23420),
(268739, 'deDE', 31589, 0, 'Kampfhaustiere geheilt', 23420),
(268737, 'deDE', 31586, 0, 'Kampfhaustiere geheilt', 23420),
(268736, 'deDE', 31583, 0, 'Kampfhaustiere geheilt', 23420),
(268735, 'deDE', 31580, 0, 'Kampfhaustiere geheilt', 23420),
(268733, 'deDE', 31577, 0, 'Kampfhaustiere geheilt', 23420),
(268732, 'deDE', 31574, 0, 'Kampfhaustiere geheilt', 23420),
(268731, 'deDE', 31572, 0, 'Kampfhaustiere geheilt', 23420),
(268730, 'deDE', 31568, 0, 'Kampfhaustiere geheilt', 23420),
(268712, 'deDE', 31553, 0, 'Kampfhaustiere geheilt', 23420),
(268709, 'deDE', 31549, 0, 'Kampfhaustiere geheilt', 23420),
(269000, 'deDE', 31785, 0, 'Haustier der Stufe 3', 23420),
(268521, 'deDE', 31316, 0, 'Besiegt Julia Stevens', 23420),
(268497, 'deDE', 31309, 0, 'Kampfhaustiere geheilt', 23420),
(266871, 'deDE', 26391, 0, 'Feuer im Weingut gelöscht', 23420),
(269048, 'deDE', 31812, 0, 'Besiegt Zunta', 23420),
(268799, 'deDE', 31591, 0, 'Gewinnt einen Haustierkampf', 23420),
(268806, 'deDE', 31588, 0, 'Gewinnt einen Haustierkampf', 23420),
(268805, 'deDE', 31585, 0, 'Gewinnt einen Haustierkampf', 23420),
(268811, 'deDE', 31582, 0, 'Gewinnt einen Haustierkampf', 23420),
(268808, 'deDE', 31579, 0, 'Gewinnt einen Haustierkampf', 23420),
(268803, 'deDE', 31576, 0, 'Gewinnt einen Haustierkampf', 23420),
(268807, 'deDE', 31573, 0, 'Gewinnt einen Haustierkampf', 23420),
(268809, 'deDE', 31571, 0, 'Gewinnt einen Haustierkampf', 23420),
(268812, 'deDE', 31556, 0, 'Gewinnt einen Haustierkampf', 23420),
(268804, 'deDE', 31552, 0, 'Gewinnt einen Haustierkampf', 23420),
(268810, 'deDE', 31548, 0, 'Gewinnt einen Haustierkampf', 23420),
(268800, 'deDE', 31308, 0, 'Gewinnt einen Haustierkampf', 23420);


-- xOxOxOxOxOxOxOxOxOxOxOx     overwrite english text     xOxOxOxOxOxOxOxOxOxOxOx
DELETE FROM `quest_offer_reward` WHERE `ID` IN (11 /*11*/, 26378 /*26378*/, 184 /*184*/, 176 /*176*/, 239 /*239*/, 1097 /*1097*/, 147 /*147*/, 59 /*59*/, 46 /*46*/, 52 /*52*/, 71 /*71*/, 76 /*76*/, 45 /*45*/, 83 /*83*/, 37 /*37*/, 5545 /*5545*/, 123 /*123*/, 26152 /*26152*/, 35 /*35*/, 114 /*114*/, 112 /*112*/, 31309 /*31309*/, 40 /*40*/, 47 /*47*/, 62 /*62*/, 107 /*107*/, 60 /*60*/, 87 /*87*/, 84 /*84*/, 111 /*111*/, 88 /*88*/, 106 /*106*/, 86 /*86*/, 85 /*85*/, 334 /*334*/, 332 /*332*/, 333 /*333*/, 26396 /*26396*/, 26395 /*26395*/, 26394 /*26394*/, 26393 /*26393*/, 37112 /*37112*/, 54 /*54*/, 26390 /*26390*/, 26389 /*26389*/, 26391 /*26391*/, 31145 /*31145*/, 31144 /*31144*/, 31143 /*31143*/, 31140 /*31140*/, 31139 /*31139*/);
INSERT INTO `quest_offer_reward` (`ID`, `Emote1`, `Emote2`, `Emote3`, `Emote4`, `EmoteDelay1`, `EmoteDelay2`, `EmoteDelay3`, `EmoteDelay4`, `RewardText`, `VerifiedBuild`) VALUES
(11, 66, 0, 0, 0, 0, 0, 0, 0, 'Wie ich sehe, wart Ihr fleißig! Habt Dank, $n.', 23420), -- 11
(26378, 1, 0, 0, 0, 0, 0, 0, 0, 'Mord, Grünschnabel. Das seht Ihr da auf dem Boden vor uns.', 23420), -- 26378
(184, 1, 1, 273, 0, 0, 0, 0, 0, 'Das hat so keinen Sinn. Seht Euch nur das Datum auf diesem Schreiben an. Die Brauenwirbels hocken jetzt schon seit fünf Jahren auf Jansens Hof.$B$BSie haben es nie geschafft, ihren Wagen zu... reparieren.', 23420), -- 184
(176, 0, 0, 0, 0, 0, 0, 0, 0, 'WAS hat er getan?$B$BNa großartig, jetzt haben wir eine blutrünstige Bestie unter den Pflastersteinen Sturmwinds, die eine ganze Armee von Gnollen befehligt. Definitiv eine Verbesserung. Ich fühle mich schon viel sicherer.$B$BHier habt Ihr Eure Belohnung, $n. Versprecht mir aber, dass ihr bei Gelegenheit bei den Verlieswachen in Sturmwind vorbeischaut, nur, damit wir auch sicher sein können, dass alles reibungslos verläuft.', 23420), -- 176
(239, 0, 0, 0, 0, 0, 0, 0, 0, 'Marschall Dughan hat Euch geschickt, wie? Ihr seid zwar nicht in der Armee, aber wenn Dughan Euch geschickt hat, dann soll mir das recht sein.$B$BUnsere Lage hier ist, um es gelinde auszudrücken, angespannt. Ich hoffe, Ihr könnt ein wenig aushelfen.', 23420), -- 239
(1097, 0, 0, 0, 0, 0, 0, 0, 0, 'Ihr seid hier, um mir mit meiner Lieferung zu helfen? Sehr gut!', 23420), -- 1097
(147, 1, 0, 0, 0, 0, 0, 0, 0, 'Ihr habt ihn gefunden? Gut gemacht, $n. Der wird nie wieder seine "Sammlung" aus den Minen Elwynns bereichern!$B$BUnd dieser Ring, den Ihr gefunden habt, ist interessant... es ist ein Mitgliedschaftsring der alten Steinmetzgilde Sturmwinds. Von denen habe ich schon seit Jahren keine mehr gesehen, seit die Bruderschaft der Defias diese Gegend unsicher gemacht hat.', 23420), -- 147
(59, 0, 0, 0, 0, 0, 0, 0, 0, 'Ja, einen solchen Gutschein meinte ich. Danke! Bitte sucht Euch das Stück aus, das Ihr möchtet.$B$BIch wünsche Euch viel Glück auf Eurem Weg als $C. Und möge diese Rüstung Euch gute Dienste leisten.', 23420), -- 59
(46, 66, 0, 0, 0, 0, 0, 0, 0, 'Habt Ihr die Flossen? Ausgezeichnet! Marschall Dughan ist besorgt wegen der Murlocbedrohung in Ost-Elwynn und ich würde ihm gern berichten können, dass wir die Lage langsam unter Kontrolle bekommen.$B$BMit Euren Taten habt Ihr uns dabei geholfen.', 23420), -- 46
(52, 66, 0, 0, 0, 0, 0, 0, 0, 'Vielen Dank für Eure Hilfe, $n. Im Wald muss es irgendetwas geben, das die Tiere so angriffslustig macht.$B$BWas auch immer es sein mag, ich hoffe, es bleibt dort!', 23420), -- 52
(71, 0, 0, 0, 0, 0, 0, 0, 0, 'Damit bestätigt Ihr meine Befürchtungen, $n. Die Murlocs sind eine Bedrohung, die wir nicht länger ignorieren können.', 23420), -- 71
(76, 5, 0, 0, 0, 0, 0, 0, 0, 'Kobolde in der Jaspismine, sagt Ihr? Verflucht noch eins! Die Lage wird von Minute zu Minute schlimmer!$B$BVielen Dank für Euren Bericht, $n. Aber ich wünschte mir, Ihr hättet bessere Nachrichten gebracht.', 23420), -- 76
(45, 0, 0, 0, 0, 0, 0, 0, 0, 'Um den Hals trägt der Leichnam ein Medaillon aus Metall, auf dem die Worte "Rolf Hartford, Soldat" stehen.', 23420), -- 45
(83, 0, 0, 0, 0, 0, 0, 0, 0, 'Ah ja, das sind schöne Stofffetzen, obwohl der Stoff ein wenig rau ist...$B$BHier, bitte schön!', 23420), -- 83
(37, 0, 0, 0, 0, 0, 0, 0, 0, 'Vom Leichnam selbst ist nicht mehr viel zu erkennen. Doch in der Nähe findet Ihr ein Medaillon, in das die Worte "Malakai Stone, Soldat" eingeprägt sind.', 23420), -- 37
(5545, 1, 0, 0, 0, 0, 0, 0, 0, 'Exzellent! Dank Euch sollte ich die Bestellung rechtzeitig zusammenstellen können. Um Euch meine Dankbarkeit zu zeigen, würde ich Euch gern ein paar Münzen als Entschädigung für Eure Mühen anbieten.$B$BVielen Dank und lebt wohl.', 23420), -- 5545
(123, 0, 0, 0, 0, 0, 0, 0, 0, 'Hm... Ich habe von diesem "Sammler" schon gehört, aber ich weiß nicht, für wen er arbeitet. Vielen Dank für diesen Zeitplan. Er wird uns dabei helfen, das Rätsel zu lösen.', 23420), -- 123
(26152, 15, 0, 0, 0, 0, 0, 0, 0, 'Und wieder wurde der Gerechtigkeit Genüge getan.', 23420), -- 26152
(35, 0, 0, 0, 0, 0, 0, 0, 0, 'Ja, es haben sich Murlocs in und an den Flüssen und Bächen des östlichen Elwynn niedergelassen. Wir wissen nicht, warum sie hergekommen sind, aber sie sind aggressiv und zumindest halbwegs intelligent.', 23420), -- 35
(114, 4, 2, 0, 0, 0, 0, 0, 0, 'Ach du liebe Zeit! Ich fühle mich schuldig, weil ich meine Familie täuschen muss, aber meine Gefühle für Tommy Joe sind einfach zu stark. Ich kann sie nicht ignorieren.$B$BIch danke Euch, $n. Ich werde den Schnaps trinken, sobald ich eine Möglichkeit dazu habe, und mich zu meinem Liebsten schleichen.$B$BUnd Ihr... bitte nehmt dies.', 23420), -- 114
(112, 4, 0, 0, 0, 0, 0, 0, 0, 'Ihr habt den Tang bekommen. Ausgezeichnet! Wartet noch einen kleinen Moment, während ich den Trank braue...', 23420), -- 112
(31309, 0, 0, 0, 0, 0, 0, 0, 0, 'Jetzt strotzen Eure Haustiere ja nur so vor Gesundheit, $n. Denkt daran, Ihr könnt all Eure Haustiere jederzeit heilen und wiederbeleben lassen, indem Ihr einen Stallmeister aufsucht.', 23420), -- 31309
(40, 1, 0, 0, 0, 0, 0, 0, 0, 'Ja, ich habe mit Remy darüber gesprochen. Er ist ein guter Händler und ich respektiere ihn, aber alle Berichte von Murlocs im Osten waren bisher bestenfalls bruchstückhaft.$B$BIch nehme Eure Sorgen zur Kenntnis, aber solange ich nicht einen zuverlässigen Bericht aus berufener militärischer Quelle erhalte, der bestätigt, dass die Murlocs tatsächlich eine Bedrohung darstellen, können wir es uns nicht leisten, weitere Soldaten nach Osten zu schicken.', 23420), -- 40
(47, 0, 0, 0, 0, 0, 0, 0, 0, 'Danke für den Goldstaub, $n. Hier habt Ihr Euer Geld und hier habt Ihr noch eine kleine... Zugabe von Freunden von mir. Das könnte Euch vielleicht noch nützlich werden... nützlich werden.', 23420), -- 47
(62, 1, 0, 0, 0, 0, 0, 0, 0, 'Das sind allerdings schlechte Nachrichten. Was kommt als Nächstes, Drachen?!? Wir werden wohl unsere Patrouillen rund um die Mine verstärken müssen. Habt Dank für Eure Bemühungen, $n. Und wartet einen Moment... Ich habe vielleicht noch eine andere Aufgabe für Euch.', 23420), -- 62
(107, 1, 0, 0, 0, 0, 0, 0, 0, 'Maybell und Tommy Joe, diese armen Kinder, haben mein ganzes Mitgefühl. Ich kann mich noch gut daran erinnern, wie ich mich einst fühlte, als ich selbst noch jung und verliebt war...$B$BEs muss doch etwas geben, das ich tun kann, um ihnen zu helfen! Lasst mich einen Moment nachdenken...', 23420), -- 107
(60, 2, 0, 0, 0, 0, 0, 0, 0, 'Ihr habt wohl eifrig Kobolde gejagt, hmm? Danke für die Kerzen, $n. Hier habt Ihr Eure Belohnung.', 23420), -- 60
(87, 0, 0, 0, 0, 0, 0, 0, 0, 'Oh, Ihr habt sie tatsächlich gefunden! Danke, danke, $gmein Lieber:meine Liebe;!$B$BHier, nehmt dies. Es hat meinem Mann gehört und er sagte immer, dass es Glück brächte. Wenn er es doch nur auf seinem letzten Feldzug nicht vergessen hätte! *schnief*', 23420), -- 87
(84, 0, 0, 0, 0, 0, 0, 0, 0, 'Mmmm, lecker! Diese Pastete ist perfekt!$B$BIch glaube, langsam kommt mein Gedächtnis wieder...', 23420), -- 84
(111, 0, 0, 0, 0, 0, 0, 0, 0, 'Solange die Feindschaft zwischen unseren Familien besteht, sehe ich keine gemeinsame Zukunft für Tommy Joe und Maybell... Aber vielleicht können wir sie ja wenigstens für kurze Zeit zusammenbringen.$B$BHmm, was kann man da machen...', 23420), -- 111
(88, 0, 0, 0, 0, 0, 0, 0, 0, 'Welch ein Glück! Dieses Schwein war schon so fett, dass es bestimmt bald unsere gesamte Ernte gefressen hätte! Ich danke Euch, $n.$B$BNun, könnt Ihr mit einem dieser Dinge hier etwas anfangen?', 23420), -- 88
(106, 0, 0, 0, 0, 0, 0, 0, 0, 'Ach! Ich kann es nicht ertragen, dass wir getrennt sind. Ich muss sie unbedingt sehen!', 23420), -- 106
(86, 0, 0, 0, 0, 0, 0, 0, 0, 'Das Fleisch von wilden Ebern ist zwar fade, aber wenn man es lange genug mit den richtigen Gewürzen köcheln lässt, dann wird eine ganz vorzügliche Pastete daraus!', 23420), -- 86
(85, 0, 0, 0, 0, 0, 0, 0, 0, 'Ihr habt was verloren? Also ich hab keine Kette genommen, denn ich bin kein Dieb!$B$BIch weiß vielleicht, wer''s war, aber... <grins>... ich hab einfach zu viel Hunger, um drauf zu kommen.', 23420), -- 85
(334, 0, 0, 0, 0, 0, 0, 0, 0, 'Oh, verflucht! Ich dachte, wenn ich mein Nähzeug vergesse, muss ich heute nicht arbeiten. Ich schätze, jetzt muss ich den Larsons beim Nähen helfen... $B$BNa ja. Ich denke, das Vergnügen muss wohl noch etwas warten.', 23420), -- 334
(332, 0, 0, 0, 0, 0, 0, 0, 0, 'Ah, Ihr wart also bei Renato? Na dann, hier, bitte, $gwerter Herr:werte Dame;. Eine Flasche unseres außergewöhnlichen Dalaran Noir. Ihr werdet nirgendwo in Azeroth etwas Vergleichbares finden.', 23420), -- 332
(333, 0, 0, 0, 0, 0, 0, 0, 0, 'Hier steht, dass Harlans Geschäfte florieren. Das sind gute Neuigkeiten, aber ich frage mich, wozu die Leute all diese Rüstungen brauchen. Ich habe nichts von einem Krieg gehört... gibt es da etwas, was uns die Adligen nicht erzählen?$B$BNun gut, danke, dass Ihr die Anfrage überbracht habt. Hier ist Eure Bezahlung, und ich werde dafür sorgen, dass Harlan seine Lieferung erhält.', 23420), -- 333
(26396, 4, 2, 0, 0, 0, 1000, 0, 0, 'Wunderbar, Ihr habt die Rüstungen gebracht! Wir werden sie sofort unter denen verteilen, die sie brauchen.$B$BVielen Dank, $n. Ihr wart uns wirklich eine große Hilfe. Und jetzt, da Ihr Euch ein wenig mit den Greifen vertraut gemacht habt, hoffe ich, dass Ihr öfter kommt und Goldhain unterstützt!', 23420), -- 26396
(26395, 1, 0, 0, 0, 0, 0, 0, 0, 'Eine Kiste für Goldhain, eh? Seid Ihr schon mal in Goldhain gewesen? Falls ja, ist das kein Problem. Ich habe viele Greifen ausgebildet, damit sie diese Route fliegen können!', 23420), -- 26395
(26394, 1, 0, 0, 0, 0, 0, 0, 0, 'Ah, eine Notiz von Schmied Argus? Es überrascht mich gar nicht, dass er mehr Ausrüstung braucht. Heutzutage gibt es so viele neue Rekruten.$B$BIch danke Euch, $n. Hier habt Ihr etwas Geld für Eure Reisespesen.', 23420), -- 26394
(26393, 1, 0, 0, 0, 0, 0, 0, 0, 'Ihr müsst diese Notiz nach Sturmwind bringen? Das ist kein Problem, Ihr könnt einen meiner Greifen nehmen!', 23420), -- 26393
(37112, 2, 0, 0, 0, 0, 0, 0, 0, 'Ruhe und Entspannung für die Müden und Frierenden – das ist unser Leitspruch! Bitte setzt Euch ans Feuer und wärmt Eure müden Knochen.$B$BMöchtet Ihr von unseren erlesenen Speisen und Getränken kosten?', 23420), -- 37112
(54, 1, 66, 0, 0, 0, 1000, 0, 0, 'Oha, hier steht, dass Ihr in den Rang des kommissarisch ernannten Stellvertreters der Marschalls von Sturmwind erhoben worden seid. Herzlichen Glückwunsch.$B$BUnd viel Erfolg bei der Arbeit - Elwynn sicher zu machen ist kein Spaziergang, zumal der größte Teil der Armee sonst wo zugange ist und sonst was für irgendwelche Adligen macht!$B$BEs ist schon schwer, in diesen dunklen Zeiten den Überblick über die Politik zu behalten...', 23420), -- 54
(26390, 396, 5, 0, 0, 0, 0, 0, 0, 'Jetzt, da Kurtok tot ist, sind wir wieder vor den orcischen Horden sicher. Ich werde Arbeiter zum Pass entsenden und versuchen, die Passage zu verschließen, damit dort keine Orcs mehr hindurch und auf unser Gebiet gelangen können.$B$BIhr habt den Dank von Sturmwind und der Allianz, $gHeld:Heldin;.', 23420), -- 26390
(26389, 4, 0, 0, 0, 0, 0, 0, 0, 'Die Orcs des Schwarzfelsklans werden jetzt, da ihre Hauptstreitkraft geschlagen wurde, sicherlich fallen. Nun bleibt nur noch eine Aufgabe.', 23420), -- 26389
(26391, 1, 5, 0, 0, 0, 0, 0, 0, 'Seid gesegnet, $n. Ihr seid $gein wahrer Held:eine wahre Heldin; der Allianz! Auch wenn dieses Land völlig verbrannt und nichts als Schutt und Asche vom Weingut übrig ist, kann es sich vielleicht erholen. Stimmt''s? Wie schlimm kann es schon sein?', 23420), -- 26391
(31145, 1, 1, 1, 5, 0, 0, 0, 0, 'Dank Eurer Hilfe ist es uns gelungen, die nördlichen und westlichen Abschnitte von Nordhain zu sichern. Dennoch gibt es im Osten noch immer eine ziemlich große Ansammlung von Schwarzfelsorcs und sie haben damit begonnen, den Wald niederzubrennen!', 23420), -- 31145
(31144, 0, 0, 0, 0, 0, 0, 0, 0, 'Ihr habt diesen Monstern eine Lektion erteilt! Sie werden es sich zweimal überlegen, bevor sie noch einen Mordauftrag der Orcs annehmen.', 23420), -- 31144
(31143, 0, 0, 0, 0, 0, 0, 0, 0, 'Es stimmt, man hat uns aus dem Hinterhalt angegriffen. Ich wage es nicht, noch weitere Soldaten dort hinauszuschicken und zu riskieren, sie auch noch zu verlieren. Ich brauche einen Freiwilligen. Jemanden, der bereit ist, sein Leben zu riskieren!', 23420), -- 31143
(31140, 21, 1, 5, 0, 0, 0, 0, 0, 'Hervorragende Arbeit, $n. Es hat sich herausgestellt, dass Ihr ein echter Gewinn für die Garnison seid. Es wird Zeit für Eure Ausbildung!', 23420), -- 31140
(31139, 1, 1, 0, 0, 0, 0, 0, 0, 'Ihr habt uns ein wenig Zeit verschafft, $n, aber wir haben jetzt ein noch größeres Problem, um das wir uns kümmern müssen.', 23420); -- 31139


-- xOxOxOxOxOxOxOxOxOxOxOx     overwrite english text     xOxOxOxOxOxOxOxOxOxOxOx
DELETE FROM `quest_greeting` WHERE (`ID`=42308 AND `Type`=0) OR (`ID`=261 AND `Type`=0) OR (`ID`=42256 AND `Type`=0) OR (`ID`=203733 AND `Type`=1) OR (`ID`=241 AND `Type`=0) OR (`ID`=253 AND `Type`=0);
INSERT INTO `quest_greeting` (`ID`, `Type`, `GreetEmoteType`, `GreetEmoteDelay`, `Greeting`, `VerifiedBuild`) VALUES
(42308, 0, 396, 0, 'Passt auf, wo Ihr hintretet, Rekrut.', 23420), -- 42308
(261, 0, 0, 0, 'Seid gegrüßt. Ihr seht aus wie $gein Mann, der weiß, was er will:eine Frau, die weiß, was sie will;... habt Ihr mit der Armee von Sturmwind zu tun?', 23420), -- 261
(42256, 0, 1, 0, 'Grüße, $gBürger:Bürgerin;.', 23420), -- 42256
(203733, 1, 0, 0, 'GESUCHT:', 23420), -- 203733
(241, 0, 0, 0, 'He, mein Freund. Man nennt mich Remy. Ich komme aus dem Rotkammgebirge im Osten und bin auf der Suche nach interessanten... Geschäften, interessanten... Geschäften. Habt Ihr vielleicht welche... vielleicht welche?', 23420), -- 241
(253, 0, 0, 0, 'Aha! Guten Tag, guten Tag, Meister $C! Kommt, setzt Euch und trinkt etwas. Ihr habt so ein Leuchten in den Augen, als wolltet Ihr gern etwas tun. Ich denke, Ihr solltet ein paar Wörtchen mit mir wechseln, es lohnt sich bestimmt...', 23420); -- 253


-- xOxOxOxOxOxOxOxOxOxOxOx     overwrite english text     xOxOxOxOxOxOxOxOxOxOxOx
DELETE FROM `quest_request_items` WHERE `ID` IN (11 /*11*/, 184 /*184*/, 147 /*147*/, 59 /*59*/, 46 /*46*/, 71 /*71*/, 83 /*83*/, 5545 /*5545*/, 123 /*123*/, 26152 /*26152*/, 114 /*114*/, 112 /*112*/, 47 /*47*/, 107 /*107*/, 60 /*60*/, 87 /*87*/, 84 /*84*/, 88 /*88*/, 106 /*106*/, 86 /*86*/, 334 /*334*/, 332 /*332*/, 333 /*333*/, 26396 /*26396*/, 26395 /*26395*/, 26394 /*26394*/, 26393 /*26393*/, 54 /*54*/, 26389 /*26389*/);
INSERT INTO `quest_request_items` (`ID`, `EmoteOnComplete`, `EmoteOnIncomplete`, `EmoteOnCompleteDelay`, `EmoteOnIncompleteDelay`, `CompletionText`, `VerifiedBuild`) VALUES
(11, 0, 0, 0, 0, 'Seid gegrüßt, $n. Wart Ihr Gnolle töten?', 23420), -- 11
(184, 0, 0, 0, 0, 'Wir brauchen hier keine Zivilisten, die sich als Hüter der Gerechtigkeit aufspielen. Überlasst das den Profis.', 23420), -- 184
(147, 0, 0, 0, 0, 'Habt Ihr den Sammler gefunden? Konntet Ihr herausfinden, für wen er arbeitet?', 23420), -- 147
(59, 0, 0, 0, 0, 'Ich bin von der Armee von Sturmwind beauftragt, ihre Soldaten mit Rüstung aus Tuch und aus Leder auszustatten.$B$BWenn Ihr einen Gutschein für mich habt, dann stelle ich gern etwas für Euch her.', 23420), -- 59
(46, 0, 0, 0, 0, 'Wie läuft die Jagd, $n?', 23420), -- 46
(71, 0, 0, 0, 0, 'Hallo, $n. Habt Ihr herausgefunden, was aus Rolf und Malakai geworden ist?', 23420), -- 71
(83, 0, 0, 0, 0, 'Ich habe fast kein Leinen mehr, $n. Bringt Ihr mir welches?', 23420), -- 83
(5545, 0, 0, 0, 0, 'Der Termin kommt immer näher, $C. Beeilt Euch bitte und holt diese Holzbündel.', 23420), -- 5545
(123, 0, 0, 0, 0, 'Was?!? Schon seit Monaten arbeiten unsere Leute nicht mehr in den Minen von Elwynn!$B$BZeigt mir mal diese Notiz, die Ihr da habt...', 23420), -- 123
(26152, 6, 0, 0, 0, 'Wollt Ihr ein Kopfgeld einfordern?', 23420), -- 26152
(114, 0, 0, 0, 0, 'Habt Ihr Tommy Joe meinen Brief überbracht? Was hat er gesagt?', 23420), -- 114
(112, 0, 0, 0, 0, 'Habt Ihr den Kristalltang? Ich bin mir sicher, Maybell kann es kaum erwarten, zu ihrem Verehrer zu kommen.', 23420), -- 112
(47, 0, 0, 0, 0, 'Psst! Habt Ihr den Goldstaub für mich... für mich?', 23420), -- 47
(107, 0, 0, 0, 0, 'Ihr habt da eine Nachricht von "Oma" Steinfeld, hm? Ich habe Mildred schon seit Jahren nicht mehr gesehen! Ich frage mich, was so wichtig ist, dass sie mir schreibt...', 23420), -- 107
(60, 0, 0, 0, 0, 'Habt Ihr schon die Kerzen gesammelt?', 23420), -- 60
(87, 0, 0, 0, 0, 'Hallo, $n. Habt Ihr meine Halskette gefunden?', 23420), -- 87
(84, 0, 0, 0, 0, 'Aaah... Ich bin am Verhungern! Habt Ihr die Pastete für mich, $n?', 23420), -- 84
(88, 0, 0, 0, 0, 'Habt Ihr sie schon gesehen? Habt Ihr sie erwischt?', 23420), -- 88
(106, 0, 0, 0, 0, 'Ihr habt was?? Maybell ist der einzige Lichtstrahl in meinem trüben Leben. Schnell, lasst mich ihren Brief sehen!', 23420), -- 106
(86, 0, 0, 0, 0, 'Ich halte es nicht für richtig, den frechen Jungen, der meine Kette überhaupt erst gestohlen hat, dafür auch noch zu füttern, aber wenn es sein muss, damit ich mein Eigentum wiederbekomme, dann soll es eben so sein.$B$BHabt Ihr das Eberfleisch?', 23420), -- 86
(334, 0, 0, 0, 0, 'Seid Ihr hier, um Kleidung zu kaufen?', 23420), -- 334
(332, 0, 0, 0, 0, 'Seid gegrüßt und fühlt Euch willkommen, $gedler Herr:edle Dame;. Habt Ihr schon einmal einen unserer ausgezeichneten Weine versucht?', 23420), -- 332
(333, 0, 0, 0, 0, 'Ihr bringt Nachricht von Herrn Bagley?', 23420), -- 333
(26396, 6, 0, 0, 0, 'Ihr seid zurück aus Sturmwind? Hat Osric die Rüstungen geschickt?', 23420), -- 26396
(26395, 1, 0, 0, 0, 'Ist das Schweiß auf Eurer Stirn, $gder Herr:gnädige Frau;? Ihr habt Euch beim Laufen zu sehr verausgabt. Nehmt nächstes Mal einen Greifen!', 23420), -- 26395
(26394, 6, 0, 0, 0, 'Ihr seid gereist, ja? Seid Ihr an irgendwelchen interessanten Orten gewesen?', 23420), -- 26394
(26393, 6, 0, 0, 0, 'Ihr seht aus, als hättet Ihr es eilig. Tja, dann seid Ihr hier genau richtig!', 23420), -- 26393
(54, 1, 0, 0, 0, 'Ihr bringt Nachricht von McBride? Im Vergleich zum Wald von Elwynn ist Nordhain das reinste Paradies. Wir wollen doch mal sehen, was Marschall McBride so zu berichten hat...$B$BGebt mir doch bitte seine Papiere.', 23420), -- 54
(26389, 6, 0, 0, 0, 'Habt Ihr die wildgewordenen Orchorden getötet?', 23420); -- 26389


DELETE FROM `locales_gossip_menu_option` WHERE (`menu_id`=704 AND `id`=0) OR (`menu_id`=2744 AND `id`=0) OR (`menu_id`=14400 AND `id`=1) OR (`menu_id`=14400 AND `id`=0) OR (`menu_id`=9821 AND `id`=2) OR (`menu_id`=9821 AND `id`=1) OR (`menu_id`=689 AND `id`=0) OR (`menu_id`=688 AND `id`=0) OR (`menu_id`=12759 AND `id`=0) OR (`menu_id`=342 AND `id`=1) OR (`menu_id`=342 AND `id`=0) OR (`menu_id`=12189 AND `id`=16) OR (`menu_id`=12189 AND `id`=15) OR (`menu_id`=12189 AND `id`=14) OR (`menu_id`=12189 AND `id`=13) OR (`menu_id`=12189 AND `id`=12) OR (`menu_id`=12189 AND `id`=11) OR (`menu_id`=12189 AND `id`=4) OR (`menu_id`=12192 AND `id`=14) OR (`menu_id`=12192 AND `id`=13) OR (`menu_id`=12192 AND `id`=12) OR (`menu_id`=12192 AND `id`=11) OR (`menu_id`=12192 AND `id`=4) OR (`menu_id`=12185 AND `id`=14) OR (`menu_id`=12185 AND `id`=13) OR (`menu_id`=12185 AND `id`=12) OR (`menu_id`=12185 AND `id`=11) OR (`menu_id`=12185 AND `id`=4) OR (`menu_id`=12186 AND `id`=19) OR (`menu_id`=12186 AND `id`=18) OR (`menu_id`=12186 AND `id`=17) OR (`menu_id`=12186 AND `id`=16) OR (`menu_id`=12186 AND `id`=15) OR (`menu_id`=12186 AND `id`=14) OR (`menu_id`=12186 AND `id`=13) OR (`menu_id`=12186 AND `id`=12) OR (`menu_id`=12186 AND `id`=11) OR (`menu_id`=12186 AND `id`=4) OR (`menu_id`=12180 AND `id`=12) OR (`menu_id`=12180 AND `id`=11) OR (`menu_id`=12180 AND `id`=4) OR (`menu_id`=12188 AND `id`=15) OR (`menu_id`=12188 AND `id`=14) OR (`menu_id`=12188 AND `id`=13) OR (`menu_id`=12188 AND `id`=12) OR (`menu_id`=12188 AND `id`=11) OR (`menu_id`=1291 AND `id`=2) OR (`menu_id`=1291 AND `id`=1) OR (`menu_id`=1291 AND `id`=0) OR (`menu_id`=3506 AND `id`=6) OR (`menu_id`=3506 AND `id`=5) OR (`menu_id`=3506 AND `id`=4) OR (`menu_id`=3506 AND `id`=3) OR (`menu_id`=3506 AND `id`=2) OR (`menu_id`=3506 AND `id`=1) OR (`menu_id`=3506 AND `id`=0) OR (`menu_id`=3519 AND `id`=8) OR (`menu_id`=3519 AND `id`=7) OR (`menu_id`=3519 AND `id`=6) OR (`menu_id`=3519 AND `id`=5) OR (`menu_id`=3519 AND `id`=4) OR (`menu_id`=3519 AND `id`=3) OR (`menu_id`=3519 AND `id`=2) OR (`menu_id`=3519 AND `id`=1) OR (`menu_id`=3519 AND `id`=0) OR (`menu_id`=4172 AND `id`=0) OR (`menu_id`=5665 AND `id`=0);
INSERT INTO `locales_gossip_menu_option` (`menu_id`, `id`, `option_text_loc1`, `option_text_loc2`, `option_text_loc3`, `option_text_loc4`, `option_text_loc5`, `option_text_loc6`, `option_text_loc7`, `option_text_loc8`, `box_text_loc1`, `box_text_loc2`, `box_text_loc3`, `box_text_loc4`, `box_text_loc5`, `box_text_loc6`, `box_text_loc7`, `box_text_loc8`) VALUES
(704, 0, '', '', 'Ich brauche einen Flug.', '', '', '', '', '', '', '', '', '', '', '', '', ''),
(2744, 0, '', '', 'Bildet mich aus.', '', '', '', '', '', '', '', '', '', '', '', '', ''),
(14400, 1, '', '', 'Wollt Ihr Eure Kampfsteine eintauschen?', '', '', '', '', '', '', '', '', '', '', '', '', ''),
(14400, 0, '', '', 'Möchtet Ihr einige seltene Begleiter fangen?', '', '', '', '', '', '', '', '', '', '', '', '', ''),
(9821, 2, '', '', 'Ich würde gern meine Kampfhaustiere heilen und wiederbeleben.', '', '', '', '', '', '', '', 'Es wird eine kleine Gebühr für die medizinische Hilfe erhoben.', '', '', '', '', ''),
(9821, 1, '', '', 'Ich suche nach einem verlorenen Gefährten.', '', '', '', '', '', '', '', '', '', '', '', '', ''),
(689, 0, '', '', 'Ich sehe mich nur mal um.', '', '', '', '', '', '', '', '', '', '', '', '', ''),
(688, 0, '', '', 'Ich sehe mich nur mal um.', '', '', '', '', '', '', '', '', '', '', '', '', ''),
(12759, 0, '', '', 'Zeigt mir Eure Waren.', '', '', '', '', '', '', '', '', '', '', '', '', ''),
(342, 1, '', '', 'Ich möchte ein wenig in Euren Waren stöbern.', '', '', '', '', '', '', '', '', '', '', '', '', ''),
(342, 0, '', '', 'Ich möchte dieses Gasthaus zu meinem Heimatort machen.', '', '', '', '', '', '', '', '', '', '', '', '', ''),
(12189, 16, '', '', 'Erzählt mir etwas über Produktionsberufe.', '', '', '', '', '', '', '', '', '', '', '', '', ''),
(12189, 15, '', '', 'Erzählt mir etwas über Sammelberufe.', '', '', '', '', '', '', '', '', '', '', '', '', ''),
(12189, 14, '', '', 'Erzählt mir mehr über die Juwelierskunst.', '', '', '', '', '', '', '', '', '', '', '', '', ''),
(12189, 13, '', '', 'Erzählt mir mehr über die Ingenieurskunst.', '', '', '', '', '', '', '', '', '', '', '', '', ''),
(12189, 12, '', '', 'Erzählt mir mehr über die Schmiedekunst.', '', '', '', '', '', '', '', '', '', '', '', '', ''),
(12189, 11, '', '', 'Unterrichtet mich in Bergbau.', '', '', '', '', '', '', '', '', '', '', '', '', ''),
(12189, 4, '', '', 'Unterrichtet mich in Kräuterkunde.', '', '', '', '', '', '', '', '', '', '', '', '', ''),
(12192, 14, '', '', 'Erzählt mir etwas über Produktionsberufe.', '', '', '', '', '', '', '', '', '', '', '', '', ''),
(12192, 13, '', '', 'Erzählt mir etwas über Sammelberufe.', '', '', '', '', '', '', '', '', '', '', '', '', ''),
(12192, 12, '', '', 'Erzählt mir mehr über Bergbau.', '', '', '', '', '', '', '', '', '', '', '', '', ''),
(12192, 11, '', '', 'Unterrichtet mich in der Schmiedekunst.', '', '', '', '', '', '', '', '', '', '', '', '', ''),
(12192, 4, '', '', 'Unterrichtet mich in Kräuterkunde.', '', '', '', '', '', '', '', '', '', '', '', '', ''),
(12185, 14, '', '', 'Erzählt mir etwas über Produktionsberufe.', '', '', '', '', '', '', '', '', '', '', '', '', ''),
(12185, 13, '', '', 'Erzählt mir mehr über das Kürschnern.', '', '', '', '', '', '', '', '', '', '', '', '', ''),
(12185, 12, '', '', 'Erzählt mir mehr über Bergbau.', '', '', '', '', '', '', '', '', '', '', '', '', ''),
(12185, 11, '', '', 'Erzählt mir mehr über Kräuterkunde.', '', '', '', '', '', '', '', '', '', '', '', '', ''),
(12185, 4, '', '', 'Unterrichtet mich in Kräuterkunde.', '', '', '', '', '', '', '', '', '', '', '', '', ''),
(12186, 19, '', '', 'Erzählt mir etwas über Sammelberufe.', '', '', '', '', '', '', '', '', '', '', '', '', ''),
(12186, 18, '', '', 'Erzählt mir mehr über das Schneidern.', '', '', '', '', '', '', '', '', '', '', '', '', ''),
(12186, 17, '', '', 'Erzählt mir mehr über Lederverarbeitung.', '', '', '', '', '', '', '', '', '', '', '', '', ''),
(12186, 16, '', '', 'Erzählt mir mehr über die Juwelierskunst.', '', '', '', '', '', '', '', '', '', '', '', '', ''),
(12186, 15, '', '', 'Erzählt mir mehr über die Inschriftenkunde.', '', '', '', '', '', '', '', '', '', '', '', '', ''),
(12186, 14, '', '', 'Erzählt mir mehr über die Ingenieurskunst.', '', '', '', '', '', '', '', '', '', '', '', '', ''),
(12186, 13, '', '', 'Erzählt mir mehr über die Verzauberkunst.', '', '', '', '', '', '', '', '', '', '', '', '', ''),
(12186, 12, '', '', 'Erzählt mir mehr über die Schmiedekunst.', '', '', '', '', '', '', '', '', '', '', '', '', ''),
(12186, 11, '', '', 'Erzählt mir mehr über Alchemie.', '', '', '', '', '', '', '', '', '', '', '', '', ''),
(12186, 4, '', '', 'Unterrichtet mich in Kräuterkunde.', '', '', '', '', '', '', '', '', '', '', '', '', ''),
(12180, 12, '', '', 'Erzählt mir etwas über Produktionsberufe.', '', '', '', '', '', '', '', '', '', '', '', '', ''),
(12180, 11, '', '', 'Erzählt mir etwas über Sammelberufe.', '', '', '', '', '', '', '', '', '', '', '', '', ''),
(12180, 4, '', '', 'Unterrichtet mich in Kräuterkunde.', '', '', '', '', '', '', '', '', '', '', '', '', ''),
(12188, 15, '', '', 'Erzählt mir etwas über Produktionsberufe.', '', '', '', '', '', '', '', '', '', '', '', '', ''),
(12188, 14, '', '', 'Erzählt mir etwas über Sammelberufe.', '', '', '', '', '', '', '', '', '', '', '', '', ''),
(12188, 13, '', '', 'Erzählt mir mehr über die Inschriftenkunde.', '', '', '', '', '', '', '', '', '', '', '', '', ''),
(12188, 12, '', '', 'Erzählt mir mehr über Alchemie.', '', '', '', '', '', '', '', '', '', '', '', '', ''),
(12188, 11, '', '', 'Unterrichtet mich in Kräuterkunde.', '', '', '', '', '', '', '', '', '', '', '', '', ''),
(1291, 2, '', '', 'Ich sehe mich nur mal um.', '', '', '', '', '', '', '', '', '', '', '', '', ''),
(1291, 1, '', '', 'Ich möchte dieses Gasthaus zu meinem Heimatort machen.', '', '', '', '', '', '', '', '', '', '', '', '', ''),
(1291, 0, '', '', 'Was kann ich in einem Gasthaus tun?', '', '', '', '', '', '', '', '', '', '', '', '', ''),
(3506, 6, '', '', 'Berufsausbilder', '', '', '', '', '', '', '', '', '', '', '', '', ''),
(3506, 5, '', '', 'Klassenausbilder', '', '', '', '', '', '', '', '', '', '', '', '', ''),
(3506, 4, '', '', 'Stallmeister', '', '', '', '', '', '', '', '', '', '', '', '', ''),
(3506, 3, '', '', 'Gasthaus', '', '', '', '', '', '', '', '', '', '', '', '', ''),
(3506, 2, '', '', 'Gildenmeister & -händler', '', '', '', '', '', '', '', '', '', '', '', '', ''),
(3506, 1, '', '', 'Greifenmeister', '', '', '', '', '', '', '', '', '', '', '', '', ''),
(3506, 0, '', '', 'Bank', '', '', '', '', '', '', '', '', '', '', '', '', ''),
(3519, 8, '', '', 'Krieger', '', '', '', '', '', '', '', '', '', '', '', '', ''),
(3519, 7, '', '', 'Hexenmeister', '', '', '', '', '', '', '', '', '', '', '', '', ''),
(3519, 6, '', '', 'Schamane', '', '', '', '', '', '', '', '', '', '', '', '', ''),
(3519, 5, '', '', 'Schurke', '', '', '', '', '', '', '', '', '', '', '', '', ''),
(3519, 4, '', '', 'Priester', '', '', '', '', '', '', '', '', '', '', '', '', ''),
(3519, 3, '', '', 'Paladin', '', '', '', '', '', '', '', '', '', '', '', '', ''),
(3519, 2, '', '', 'Magier', '', '', '', '', '', '', '', '', '', '', '', '', ''),
(3519, 1, '', '', 'Jäger', '', '', '', '', '', '', '', '', '', '', '', '', ''),
(3519, 0, '', '', 'Druide', '', '', '', '', '', '', '', '', '', '', '', '', ''),
(4172, 0, '', '', 'Bildet mich aus.', '', '', '', '', '', '', '', '', '', '', '', '', ''),
(5665, 0, '', '', 'Bildet mich aus.', '', '', '', '', '', '', '', '', '', '', '', '', '');


DELETE FROM `locales_creature_text` WHERE (`entry`=40 AND `groupid`=0) OR(`entry`=97 AND `groupid`=0) OR(`entry`=97 AND `groupid`=1) OR(`entry`=116 AND `groupid`=0) OR(`entry`=251 AND `groupid`=0) OR(`entry`=253 AND `groupid`=0) OR(`entry`=253 AND `groupid`=1) OR(`entry`=448 AND `groupid`=0) OR(`entry`=448 AND `groupid`=1) OR(`entry`=474 AND `groupid`=0) OR(`entry`=474 AND `groupid`=1) OR(`entry`=951 AND `groupid`=0) OR(`entry`=951 AND `groupid`=1) OR(`entry`=1301 AND `groupid`=0) OR(`entry`=1333 AND `groupid`=0) OR(`entry`=1428 AND `groupid`=0) OR(`entry`=1433 AND `groupid`=0) OR(`entry`=3518 AND `groupid`=0) OR(`entry`=3520 AND `groupid`=0) OR(`entry`=3627 AND `groupid`=0) OR(`entry`=10616 AND `groupid`=0) OR(`entry`=42309 AND `groupid`=0) OR(`entry`=42309 AND `groupid`=1) OR(`entry`=42309 AND `groupid`=2) OR(`entry`=42937 AND `groupid`=0) OR(`entry`=42937 AND `groupid`=1) OR(`entry`=44773 AND `groupid`=0) OR(`entry`=49869 AND `groupid`=0) OR(`entry`=49869 AND `groupid`=1) OR(`entry`=49869 AND `groupid`=2) OR(`entry`=49869 AND `groupid`=3) OR(`entry`=50039 AND `groupid`=0) OR(`entry`=50039 AND `groupid`=1) OR(`entry`=64330 AND `groupid`=0) OR(`entry`=65153 AND `groupid`=0);
INSERT INTO `locales_creature_text` (`entry`, `groupid`, `id`, `text_loc1`, `text_loc2`, `text_loc3`, `text_loc4`, `text_loc5`, `text_loc6`, `text_loc7`, `text_loc8`) VALUES
(40, 0, 0, '', '', 'Du nicht nehmen Kerze!', '', '', '', '', ''),
(97, 0, 0, '', '', 'Grrr... Frischfleisch!', '', '', '', '', ''),
(97, 1, 0, '', '', '%s versucht zu flüchten!', '', '', '', '', ''),
(116, 0, 0, '', '', 'Keiner verlässt diesen Ort lebend!', '', '', '', '', ''),
(251, 0, 0, '', '', 'Das geht runter wie Nichts...', '', '', '', '', ''),
(253, 0, 0, '', '', 'Das dürfte nicht lange dauern...', '', '', '', '', ''),
(253, 1, 0, '', '', 'Der Unsichtbarkeitsschnaps steht für Euch bereit, $n.', '', '', '', '', ''),
(448, 0, 0, '', '', 'Huch! Helft Hogger!', '', '', '', '', ''),
(448, 1, 0, '', '', 'Hogger nicht wehtun!', '', '', '', '', ''),
(474, 0, 0, '', '', 'Geld oder Leben!', '', '', '', '', ''),
(474, 1, 0, '', '', 'Das Schicksal hat Euch zu mir geführt!', '', '', '', '', ''),
(951, 0, 0, '', '', 'MÖGE DAS LICHT EUCH ERNEUERN!', '', '', '', '', ''),
(951, 1, 0, '', '', 'KÄMPFT WEITER, $GBRUDER:SCHWESTER;!', '', '', '', '', ''),
(1301, 0, 0, '', '', 'Willkommen.', '', '', '', '', ''),
(1333, 0, 0, '', '', 'Seid gegrüßt.', '', '', '', '', ''),
(1428, 0, 0, '', '', 'Corbett, seid Ihr da? Harlan benötigt noch eine Ladung Strickwaren. Könnt Ihr sie ihm bringen?', '', '', '', '', ''),
(1433, 0, 0, '', '', 'Es war mir ein Vergnügen, Zuckerschnute. Ich bin bald zurück...', '', '', '', '', ''),
(3518, 0, 0, '', '', 'Frisch gebackenes Brot zu verkaufen!', '', '', '', '', ''),
(3520, 0, 0, '', '', 'Als ob ich auf meine alten Tage nichts Besseres zu tun hätte, als Wassereimer zu schleppen.', '', '', '', '', ''),
(3627, 0, 0, '', '', 'Kostenlose Getränke im Blauen Eremiten!', '', '', '', '', ''),
(10616, 0, 0, '', '', 'Wir müssen noch unser Pensum an Holz schaffen. Also wieder an die Arbeit mit Euch.', '', '', '', '', ''),
(42309, 0, 0, '', '', 'Ein Blutbad, Leutnant. Sie sind ermordet worden.', '', '', '', '', ''),
(42309, 1, 0, '', '', 'Nach der Körpertemperatur würde ich sagen, sie sind noch keine 6 Stunden tot.', '', '', '', '', ''),
(42309, 2, 0, '', '', 'Eine Schande, was sie Graumähne angetan haben...', '', '', '', '', ''),
(42937, 0, 0, '', '', 'Schwarzfels erobert Wald!', '', '', '', '', ''),
(42937, 1, 0, '', '', 'Orc TÖTEN $R!', '', '', '', '', ''),
(44773, 0, 0, '', '', 'Großartig!', '', '', '', '', ''),
(49869, 0, 0, '', '', 'Ich brauche Heilung!', '', '', '', '', ''),
(49869, 1, 0, '', '', 'Ich könnte etwas Heilung gebrauchen, Bruder!', '', '', '', '', ''),
(49869, 2, 0, '', '', 'Macht Euch nützlich und heilt mich, Paxton!', '', '', '', '', ''),
(49869, 3, 0, '', '', 'HILFE!', '', '', '', '', ''),
(50039, 0, 0, '', '', 'Wir töten jeden für den richtigen Preis!', '', '', '', '', ''),
(50039, 1, 0, '', '', 'STERBT!!!', '', '', '', '', ''),
(64330, 0, 0, '', '', 'Meint Ihr, Ihr könnt es mit mir aufnehmen? Die meisten Mädchen mögen keine Schlangen, ich aber finde sie süß!', '', '', '', '', ''),
(65153, 0, 0, '', '', 'Zügelt Eure Klinge, Abenteurer!', '', '', '', '', '');


DELETE FROM `creature_template_locale` WHERE (`entry`=42384 /*42384*/ AND `locale`='deDE') OR (`entry`=6271 /*6271*/ AND `locale`='deDE') OR (`entry`=61160 /*Cosechador pequeño*/ AND `locale`='deDE') OR (`entry`=42309 /*42309*/ AND `locale`='deDE') OR (`entry`=42308 /*42308*/ AND `locale`='deDE') OR (`entry`=582 /*582*/ AND `locale`='deDE') OR (`entry`=238 /*238*/ AND `locale`='deDE') OR (`entry`=237 /*237*/ AND `locale`='deDE') OR (`entry`=42311 /*42311*/ AND `locale`='deDE') OR (`entry`=42386 /*42386*/ AND `locale`='deDE') OR (`entry`=42383 /*42383*/ AND `locale`='deDE') OR (`entry`=42391 /*42391*/ AND `locale`='deDE') OR (`entry`=454 /*454*/ AND `locale`='deDE') OR (`entry`=834 /*834*/ AND `locale`='deDE') OR (`entry`=65661 /*Siegaenemigos 800*/ AND `locale`='deDE') OR (`entry`=65660 /*Clocló*/ AND `locale`='deDE') OR (`entry`=65659 /*Chiquitín*/ AND `locale`='deDE') OR (`entry`=65648 /*Viejo MacDonald*/ AND `locale`='deDE') OR (`entry`=99394 /*Cabrilla fétida*/ AND `locale`='deDE') OR (`entry`=44016 /*44016*/ AND `locale`='deDE') OR (`entry`=46943 /*46943*/ AND `locale`='deDE') OR (`entry`=46940 /*46940*/ AND `locale`='deDE') OR (`entry`=46941 /*46941*/ AND `locale`='deDE') OR (`entry`=46932 /*46932*/ AND `locale`='deDE') OR (`entry`=45979 /*45979*/ AND `locale`='deDE') OR (`entry`=42259 /*42259*/ AND `locale`='deDE') OR (`entry`=832 /*832*/ AND `locale`='deDE') OR (`entry`=51519 /*51519*/ AND `locale`='deDE') OR (`entry`=119 /*119*/ AND `locale`='deDE') OR (`entry`=448 /*448*/ AND `locale`='deDE') OR (`entry`=1645 /*1645*/ AND `locale`='deDE') OR (`entry`=1249 /*1249*/ AND `locale`='deDE') OR (`entry`=896 /*896*/ AND `locale`='deDE') OR (`entry`=963 /*963*/ AND `locale`='deDE') OR (`entry`=955 /*955*/ AND `locale`='deDE') OR (`entry`=50926 /*50926*/ AND `locale`='deDE') OR (`entry`=11979 /*11979*/ AND `locale`='deDE') OR (`entry`=111421 /*Buhogatito acechante*/ AND `locale`='deDE') OR (`entry`=50528 /*50528*/ AND `locale`='deDE') OR (`entry`=50527 /*50527*/ AND `locale`='deDE') OR (`entry`=50526 /*50526*/ AND `locale`='deDE') OR (`entry`=99 /*99*/ AND `locale`='deDE') OR (`entry`=417 /*Manáfago*/ AND `locale`='deDE') OR (`entry`=53527 /*53527*/ AND `locale`='deDE') OR (`entry`=44236 /*44236*/ AND `locale`='deDE') OR (`entry`=44235 /*44235*/ AND `locale`='deDE') OR (`entry`=11026 /*11026*/ AND `locale`='deDE') OR (`entry`=5519 /*5519*/ AND `locale`='deDE') OR (`entry`=5518 /*5518*/ AND `locale`='deDE') OR (`entry`=14563 /*14563*/ AND `locale`='deDE') OR (`entry`=43842 /*43842*/ AND `locale`='deDE') OR (`entry`=43841 /*43841*/ AND `locale`='deDE') OR (`entry`=43695 /*43695*/ AND `locale`='deDE') OR (`entry`=45306 /*45306*/ AND `locale`='deDE') OR (`entry`=6579 /*6579*/ AND `locale`='deDE') OR (`entry`=5509 /*5509*/ AND `locale`='deDE') OR (`entry`=1416 /*1416*/ AND `locale`='deDE') OR (`entry`=7232 /*7232*/ AND `locale`='deDE') OR (`entry`=80069 /*80069*/ AND `locale`='deDE') OR (`entry`=957 /*957*/ AND `locale`='deDE') OR (`entry`=5413 /*5413*/ AND `locale`='deDE') OR (`entry`=5511 /*5511*/ AND `locale`='deDE') OR (`entry`=5384 /*5384*/ AND `locale`='deDE') OR (`entry`=7798 /*7798*/ AND `locale`='deDE') OR (`entry`=5510 /*5510*/ AND `locale`='deDE') OR (`entry`=29725 /*29725*/ AND `locale`='deDE') OR (`entry`=656 /*656*/ AND `locale`='deDE') OR (`entry`=5514 /*5514*/ AND `locale`='deDE') OR (`entry`=5512 /*5512*/ AND `locale`='deDE') OR (`entry`=1472 /*1472*/ AND `locale`='deDE') OR (`entry`=5513 /*5513*/ AND `locale`='deDE') OR (`entry`=54218 /*54218*/ AND `locale`='deDE') OR (`entry`=53991 /*53991*/ AND `locale`='deDE') OR (`entry`=54215 /*54215*/ AND `locale`='deDE') OR (`entry`=10782 /*10782*/ AND `locale`='deDE') OR (`entry`=53641 /*53641*/ AND `locale`='deDE') OR (`entry`=54216 /*54216*/ AND `locale`='deDE') OR (`entry`=55684 /*55684*/ AND `locale`='deDE') OR (`entry`=54219 /*54219*/ AND `locale`='deDE') OR (`entry`=54217 /*54217*/ AND `locale`='deDE') OR (`entry`=1646 /*1646*/ AND `locale`='deDE') OR (`entry`=54214 /*54214*/ AND `locale`='deDE') OR (`entry`=1371 /*1371*/ AND `locale`='deDE') OR (`entry`=1370 /*1370*/ AND `locale`='deDE') OR (`entry`=1368 /*1368*/ AND `locale`='deDE') OR (`entry`=54117 /*54117*/ AND `locale`='deDE') OR (`entry`=54026 /*54026*/ AND `locale`='deDE') OR (`entry`=53626 /*53626*/ AND `locale`='deDE') OR (`entry`=14497 /*14497*/ AND `locale`='deDE') OR (`entry`=108180 /*108180*/ AND `locale`='deDE') OR (`entry`=14496 /*14496*/ AND `locale`='deDE') OR (`entry`=14450 /*14450*/ AND `locale`='deDE') OR (`entry`=1444 /*1444*/ AND `locale`='deDE') OR (`entry`=83890 /*83890*/ AND `locale`='deDE') OR (`entry`=83883 /*83883*/ AND `locale`='deDE') OR (`entry`=83882 /*83882*/ AND `locale`='deDE') OR (`entry`=83878 /*83878*/ AND `locale`='deDE') OR (`entry`=50432 /*50432*/ AND `locale`='deDE') OR (`entry`=50424 /*50424*/ AND `locale`='deDE') OR (`entry`=1349 /*1349*/ AND `locale`='deDE') OR (`entry`=1350 /*1350*/ AND `locale`='deDE') OR (`entry`=6093 /*6093*/ AND `locale`='deDE') OR (`entry`=51077 /*51077*/ AND `locale`='deDE') OR (`entry`=217 /*217*/ AND `locale`='deDE') OR (`entry`=50942 /*50942*/ AND `locale`='deDE') OR (`entry`=881 /*881*/ AND `locale`='deDE') OR (`entry`=880 /*880*/ AND `locale`='deDE') OR (`entry`=473 /*473*/ AND `locale`='deDE') OR (`entry`=50916 /*50916*/ AND `locale`='deDE') OR (`entry`=472 /*472*/ AND `locale`='deDE') OR (`entry`=6172 /*6172*/ AND `locale`='deDE') OR (`entry`=471 /*471*/ AND `locale`='deDE') OR (`entry`=476 /*476*/ AND `locale`='deDE') OR (`entry`=60 /*60*/ AND `locale`='deDE') OR (`entry`=50752 /*50752*/ AND `locale`='deDE') OR (`entry`=17254 /*Ash'ana*/ AND `locale`='deDE') OR (`entry`=46 /*46*/ AND `locale`='deDE') OR (`entry`=732 /*732*/ AND `locale`='deDE') OR (`entry`=62664 /*Pollo*/ AND `locale`='deDE') OR (`entry`=13159 /*13159*/ AND `locale`='deDE') OR (`entry`=12376 /*12376*/ AND `locale`='deDE') OR (`entry`=12375 /*12375*/ AND `locale`='deDE') OR (`entry`=1975 /*1975*/ AND `locale`='deDE') OR (`entry`=1650 /*1650*/ AND `locale`='deDE') OR (`entry`=385 /*385*/ AND `locale`='deDE') OR (`entry`=50413 /*50413*/ AND `locale`='deDE') OR (`entry`=50412 /*50412*/ AND `locale`='deDE') OR (`entry`=43000 /*43000*/ AND `locale`='deDE') OR (`entry`=42256 /*42256*/ AND `locale`='deDE') OR (`entry`=10616 /*10616*/ AND `locale`='deDE') OR (`entry`=5405 /*5405*/ AND `locale`='deDE') OR (`entry`=4732 /*4732*/ AND `locale`='deDE') OR (`entry`=384 /*384*/ AND `locale`='deDE') OR (`entry`=1250 /*1250*/ AND `locale`='deDE') OR (`entry`=1198 /*1198*/ AND `locale`='deDE') OR (`entry`=294 /*294*/ AND `locale`='deDE') OR (`entry`=11328 /*11328*/ AND `locale`='deDE') OR (`entry`=278 /*278*/ AND `locale`='deDE') OR (`entry`=1103 /*1103*/ AND `locale`='deDE') OR (`entry`=118 /*118*/ AND `locale`='deDE') OR (`entry`=261 /*261*/ AND `locale`='deDE') OR (`entry`=958 /*958*/ AND `locale`='deDE') OR (`entry`=313 /*313*/ AND `locale`='deDE') OR (`entry`=959 /*959*/ AND `locale`='deDE') OR (`entry`=11072 /*11072*/ AND `locale`='deDE') OR (`entry`=1949 /*1949*/ AND `locale`='deDE') OR (`entry`=1922 /*1922*/ AND `locale`='deDE') OR (`entry`=12423 /*12423*/ AND `locale`='deDE') OR (`entry`=285 /*285*/ AND `locale`='deDE') OR (`entry`=474 /*474*/ AND `locale`='deDE') OR (`entry`=100 /*100*/ AND `locale`='deDE') OR (`entry`=478 /*478*/ AND `locale`='deDE') OR (`entry`=252 /*252*/ AND `locale`='deDE') OR (`entry`=6846 /*6846*/ AND `locale`='deDE') OR (`entry`=6927 /*6927*/ AND `locale`='deDE') OR (`entry`=60649 /*Cordero negro*/ AND `locale`='deDE') OR (`entry`=258 /*258*/ AND `locale`='deDE') OR (`entry`=251 /*251*/ AND `locale`='deDE') OR (`entry`=822 /*822*/ AND `locale`='deDE') OR (`entry`=250 /*250*/ AND `locale`='deDE') OR (`entry`=524 /*524*/ AND `locale`='deDE') OR (`entry`=255 /*255*/ AND `locale`='deDE') OR (`entry`=247 /*247*/ AND `locale`='deDE') OR (`entry`=64335 /*Ofidiss*/ AND `locale`='deDE') OR (`entry`=64334 /*Colmillos*/ AND `locale`='deDE') OR (`entry`=64330 /*Julia Stevens*/ AND `locale`='deDE') OR (`entry`=327 /*327*/ AND `locale`='deDE') OR (`entry`=79 /*79*/ AND `locale`='deDE') OR (`entry`=330 /*330*/ AND `locale`='deDE') OR (`entry`=97 /*97*/ AND `locale`='deDE') OR (`entry`=244 /*244*/ AND `locale`='deDE') OR (`entry`=248 /*248*/ AND `locale`='deDE') OR (`entry`=246 /*246*/ AND `locale`='deDE') OR (`entry`=894 /*894*/ AND `locale`='deDE') OR (`entry`=475 /*475*/ AND `locale`='deDE') OR (`entry`=583 /*583*/ AND `locale`='deDE') OR (`entry`=84751 /*84751*/ AND `locale`='deDE') OR (`entry`=82564 /*82564*/ AND `locale`='deDE') OR (`entry`=3628 /*3628*/ AND `locale`='deDE') OR (`entry`=1141 /*1141*/ AND `locale`='deDE') OR (`entry`=5498 /*5498*/ AND `locale`='deDE') OR (`entry`=331 /*331*/ AND `locale`='deDE') OR (`entry`=5694 /*5694*/ AND `locale`='deDE') OR (`entry`=84745 /*84745*/ AND `locale`='deDE') OR (`entry`=84749 /*84749*/ AND `locale`='deDE') OR (`entry`=85816 /*85816*/ AND `locale`='deDE') OR (`entry`=85818 /*85818*/ AND `locale`='deDE') OR (`entry`=85817 /*85817*/ AND `locale`='deDE') OR (`entry`=85819 /*85819*/ AND `locale`='deDE') OR (`entry`=85307 /*85307*/ AND `locale`='deDE') OR (`entry`=89174 /*89174*/ AND `locale`='deDE') OR (`entry`=5497 /*5497*/ AND `locale`='deDE') OR (`entry`=2708 /*2708*/ AND `locale`='deDE') OR (`entry`=32639 /*32639*/ AND `locale`='deDE') OR (`entry`=32638 /*32638*/ AND `locale`='deDE') OR (`entry`=2485 /*2485*/ AND `locale`='deDE') OR (`entry`=1415 /*1415*/ AND `locale`='deDE') OR (`entry`=1414 /*1414*/ AND `locale`='deDE') OR (`entry`=4078 /*4078*/ AND `locale`='deDE') OR (`entry`=3627 /*3627*/ AND `locale`='deDE') OR (`entry`=52031 /*52031*/ AND `locale`='deDE') OR (`entry`=5499 /*5499*/ AND `locale`='deDE') OR (`entry`=30730 /*30730*/ AND `locale`='deDE') OR (`entry`=1309 /*1309*/ AND `locale`='deDE') OR (`entry`=5503 /*5503*/ AND `locale`='deDE') OR (`entry`=5500 /*5500*/ AND `locale`='deDE') OR (`entry`=1313 /*1313*/ AND `locale`='deDE') OR (`entry`=5567 /*5567*/ AND `locale`='deDE') OR (`entry`=1429 /*1429*/ AND `locale`='deDE') OR (`entry`=1310 /*1310*/ AND `locale`='deDE') OR (`entry`=5566 /*5566*/ AND `locale`='deDE') OR (`entry`=49701 /*49701*/ AND `locale`='deDE') OR (`entry`=42288 /*42288*/ AND `locale`='deDE') OR (`entry`=30713 /*30713*/ AND `locale`='deDE') OR (`entry`=1314 /*1314*/ AND `locale`='deDE') OR (`entry`=1346 /*1346*/ AND `locale`='deDE') OR (`entry`=1347 /*1347*/ AND `locale`='deDE') OR (`entry`=1300 /*1300*/ AND `locale`='deDE') OR (`entry`=5386 /*5386*/ AND `locale`='deDE') OR (`entry`=1316 /*1316*/ AND `locale`='deDE') OR (`entry`=338 /*338*/ AND `locale`='deDE') OR (`entry`=49893 /*49893*/ AND `locale`='deDE') OR (`entry`=1318 /*1318*/ AND `locale`='deDE') OR (`entry`=1317 /*1317*/ AND `locale`='deDE') OR (`entry`=1315 /*1315*/ AND `locale`='deDE') OR (`entry`=1312 /*1312*/ AND `locale`='deDE') OR (`entry`=46180 /*46180*/ AND `locale`='deDE') OR (`entry`=11068 /*11068*/ AND `locale`='deDE') OR (`entry`=8666 /*8666*/ AND `locale`='deDE') OR (`entry`=7386 /*Gatito blanco*/ AND `locale`='deDE') OR (`entry`=1433 /*1433*/ AND `locale`='deDE') OR (`entry`=1405 /*1405*/ AND `locale`='deDE') OR (`entry`=3520 /*3520*/ AND `locale`='deDE') OR (`entry`=1367 /*1367*/ AND `locale`='deDE') OR (`entry`=1366 /*1366*/ AND `locale`='deDE') OR (`entry`=5494 /*5494*/ AND `locale`='deDE') OR (`entry`=5493 /*5493*/ AND `locale`='deDE') OR (`entry`=106551 /*106551*/ AND `locale`='deDE') OR (`entry`=38453 /*38453*/ AND `locale`='deDE') OR (`entry`=14439 /*14439*/ AND `locale`='deDE') OR (`entry`=47649 /*47649*/ AND `locale`='deDE') OR (`entry`=61889 /*Rata de Entrañas*/ AND `locale`='deDE') OR (`entry`=60849 /*60849*/ AND `locale`='deDE') OR (`entry`=115146 /*Astihueso*/ AND `locale`='deDE') OR (`entry`=61840 /*61840*/ AND `locale`='deDE') OR (`entry`=61839 /*61839*/ AND `locale`='deDE') OR (`entry`=61841 /*61841*/ AND `locale`='deDE') OR (`entry`=1756 /*1756*/ AND `locale`='deDE') OR (`entry`=6090 /*6090*/ AND `locale`='deDE') OR (`entry`=71526 /*71526*/ AND `locale`='deDE') OR (`entry`=44256 /*44256*/ AND `locale`='deDE') OR (`entry`=44251 /*44251*/ AND `locale`='deDE') OR (`entry`=44249 /*44249*/ AND `locale`='deDE') OR (`entry`=44247 /*44247*/ AND `locale`='deDE') OR (`entry`=43294 /*43294*/ AND `locale`='deDE') OR (`entry`=43277 /*43277*/ AND `locale`='deDE') OR (`entry`=1328 /*1328*/ AND `locale`='deDE') OR (`entry`=5483 /*5483*/ AND `locale`='deDE') OR (`entry`=340 /*340*/ AND `locale`='deDE') OR (`entry`=6089 /*6089*/ AND `locale`='deDE') OR (`entry`=5482 /*5482*/ AND `locale`='deDE') OR (`entry`=3629 /*3629*/ AND `locale`='deDE') OR (`entry`=1327 /*1327*/ AND `locale`='deDE') OR (`entry`=6946 /*6946*/ AND `locale`='deDE') OR (`entry`=5480 /*5480*/ AND `locale`='deDE') OR (`entry`=5479 /*5479*/ AND `locale`='deDE') OR (`entry`=44245 /*44245*/ AND `locale`='deDE') OR (`entry`=32667 /*32667*/ AND `locale`='deDE') OR (`entry`=32666 /*32666*/ AND `locale`='deDE') OR (`entry`=31144 /*31144*/ AND `locale`='deDE') OR (`entry`=1326 /*1326*/ AND `locale`='deDE') OR (`entry`=914 /*914*/ AND `locale`='deDE') OR (`entry`=332 /*332*/ AND `locale`='deDE') OR (`entry`=58154 /*58154*/ AND `locale`='deDE') OR (`entry`=52028 /*52028*/ AND `locale`='deDE') OR (`entry`=44246 /*44246*/ AND `locale`='deDE') OR (`entry`=62913 /*62913*/ AND `locale`='deDE') OR (`entry`=35845 /*35845*/ AND `locale`='deDE') OR (`entry`=7208 /*7208*/ AND `locale`='deDE') OR (`entry`=7207 /*7207*/ AND `locale`='deDE') OR (`entry`=1325 /*1325*/ AND `locale`='deDE') OR (`entry`=51998 /*51998*/ AND `locale`='deDE') OR (`entry`=13283 /*13283*/ AND `locale`='deDE') OR (`entry`=8383 /*8383*/ AND `locale`='deDE') OR (`entry`=114832 /*114832*/ AND `locale`='deDE') OR (`entry`=46647 /*46647*/ AND `locale`='deDE') OR (`entry`=1324 /*1324*/ AND `locale`='deDE') OR (`entry`=31146 /*31146*/ AND `locale`='deDE') OR (`entry`=44237 /*44237*/ AND `locale`='deDE') OR (`entry`=1341 /*1341*/ AND `locale`='deDE') OR (`entry`=1323 /*1323*/ AND `locale`='deDE') OR (`entry`=38821 /*38821*/ AND `locale`='deDE') OR (`entry`=28355 /*28355*/ AND `locale`='deDE') OR (`entry`=44252 /*44252*/ AND `locale`='deDE') OR (`entry`=14561 /*14561*/ AND `locale`='deDE') OR (`entry`=14559 /*14559*/ AND `locale`='deDE') OR (`entry`=43693 /*43693*/ AND `locale`='deDE') OR (`entry`=14560 /*14560*/ AND `locale`='deDE') OR (`entry`=918 /*918*/ AND `locale`='deDE') OR (`entry`=73190 /*73190*/ AND `locale`='deDE') OR (`entry`=43694 /*43694*/ AND `locale`='deDE') OR (`entry`=4269 /*4269*/ AND `locale`='deDE') OR (`entry`=308 /*308*/ AND `locale`='deDE') OR (`entry`=284 /*284*/ AND `locale`='deDE') OR (`entry`=1721 /*1721*/ AND `locale`='deDE') OR (`entry`=28347 /*28347*/ AND `locale`='deDE') OR (`entry`=3626 /*3626*/ AND `locale`='deDE') OR (`entry`=12783 /*12783*/ AND `locale`='deDE') OR (`entry`=4961 /*4961*/ AND `locale`='deDE') OR (`entry`=112912 /*112912*/ AND `locale`='deDE') OR (`entry`=1333 /*1333*/ AND `locale`='deDE') OR (`entry`=87503 /*87503*/ AND `locale`='deDE') OR (`entry`=87501 /*87501*/ AND `locale`='deDE') OR (`entry`=62954 /*Rata de Ventormenta*/ AND `locale`='deDE') OR (`entry`=2795 /*2795*/ AND `locale`='deDE') OR (`entry`=1395 /*1395*/ AND `locale`='deDE') OR (`entry`=1339 /*1339*/ AND `locale`='deDE') OR (`entry`=11096 /*11096*/ AND `locale`='deDE') OR (`entry`=1292 /*1292*/ AND `locale`='deDE') OR (`entry`=23050 /*23050*/ AND `locale`='deDE') OR (`entry`=1319 /*1319*/ AND `locale`='deDE') OR (`entry`=5565 /*5565*/ AND `locale`='deDE') OR (`entry`=5564 /*5564*/ AND `locale`='deDE') OR (`entry`=1321 /*1321*/ AND `locale`='deDE') OR (`entry`=1320 /*1320*/ AND `locale`='deDE') OR (`entry`=2198 /*2198*/ AND `locale`='deDE') OR (`entry`=50480 /*50480*/ AND `locale`='deDE') OR (`entry`=44583 /*44583*/ AND `locale`='deDE') OR (`entry`=61837 /*61837*/ AND `locale`='deDE') OR (`entry`=416 /*Diablillo*/ AND `locale`='deDE') OR (`entry`=118244 /*118244*/ AND `locale`='deDE') OR (`entry`=12787 /*12787*/ AND `locale`='deDE') OR (`entry`=12786 /*12786*/ AND `locale`='deDE') OR (`entry`=395 /*395*/ AND `locale`='deDE') OR (`entry`=116 /*116*/ AND `locale`='deDE') OR (`entry`=5917 /*5917*/ AND `locale`='deDE') OR (`entry`=14394 /*14394*/ AND `locale`='deDE') OR (`entry`=52358 /*52358*/ AND `locale`='deDE') OR (`entry`=52359 /*52359*/ AND `locale`='deDE') OR (`entry`=52361 /*52361*/ AND `locale`='deDE') OR (`entry`=1478 /*1478*/ AND `locale`='deDE') OR (`entry`=1477 /*1477*/ AND `locale`='deDE') OR (`entry`=1428 /*1428*/ AND `locale`='deDE') OR (`entry`=1299 /*1299*/ AND `locale`='deDE') OR (`entry`=43692 /*43692*/ AND `locale`='deDE') OR (`entry`=14423 /*14423*/ AND `locale`='deDE') OR (`entry`=1298 /*1298*/ AND `locale`='deDE') OR (`entry`=1301 /*1301*/ AND `locale`='deDE') OR (`entry`=2455 /*2455*/ AND `locale`='deDE') OR (`entry`=1297 /*1297*/ AND `locale`='deDE') OR (`entry`=1431 /*1431*/ AND `locale`='deDE') OR (`entry`=277 /*277*/ AND `locale`='deDE') OR (`entry`=2457 /*2457*/ AND `locale`='deDE') OR (`entry`=2456 /*2456*/ AND `locale`='deDE') OR (`entry`=6740 /*6740*/ AND `locale`='deDE') OR (`entry`=56925 /*56925*/ AND `locale`='deDE') OR (`entry`=44582 /*44582*/ AND `locale`='deDE') OR (`entry`=29142 /*29142*/ AND `locale`='deDE') OR (`entry`=1402 /*1402*/ AND `locale`='deDE') OR (`entry`=44774 /*44774*/ AND `locale`='deDE') OR (`entry`=112015 /*Vástago de la Pesadilla*/ AND `locale`='deDE') OR (`entry`=44773 /*44773*/ AND `locale`='deDE') OR (`entry`=14438 /*14438*/ AND `locale`='deDE') OR (`entry`=1294 /*1294*/ AND `locale`='deDE') OR (`entry`=8670 /*8670*/ AND `locale`='deDE') OR (`entry`=8719 /*8719*/ AND `locale`='deDE') OR (`entry`=1295 /*1295*/ AND `locale`='deDE') OR (`entry`=54569 /*54569*/ AND `locale`='deDE') OR (`entry`=1291 /*1291*/ AND `locale`='deDE') OR (`entry`=15659 /*15659*/ AND `locale`='deDE') OR (`entry`=1427 /*1427*/ AND `locale`='deDE') OR (`entry`=29093 /*29093*/ AND `locale`='deDE') OR (`entry`=61838 /*61838*/ AND `locale`='deDE') OR (`entry`=12481 /*12481*/ AND `locale`='deDE') OR (`entry`=49748 /*49748*/ AND `locale`='deDE') OR (`entry`=1287 /*1287*/ AND `locale`='deDE') OR (`entry`=1289 /*1289*/ AND `locale`='deDE') OR (`entry`=43819 /*43819*/ AND `locale`='deDE') OR (`entry`=12480 /*12480*/ AND `locale`='deDE') OR (`entry`=1257 /*1257*/ AND `locale`='deDE') OR (`entry`=1860 /*Abisario*/ AND `locale`='deDE') OR (`entry`=61836 /*61836*/ AND `locale`='deDE') OR (`entry`=61834 /*61834*/ AND `locale`='deDE') OR (`entry`=43822 /*43822*/ AND `locale`='deDE') OR (`entry`=43820 /*43820*/ AND `locale`='deDE') OR (`entry`=1275 /*1275*/ AND `locale`='deDE') OR (`entry`=279 /*279*/ AND `locale`='deDE') OR (`entry`=51440 /*51440*/ AND `locale`='deDE') OR (`entry`=46602 /*46602*/ AND `locale`='deDE') OR (`entry`=6174 /*6174*/ AND `locale`='deDE') OR (`entry`=5193 /*5193*/ AND `locale`='deDE') OR (`entry`=4974 /*4974*/ AND `locale`='deDE') OR (`entry`=1432 /*1432*/ AND `locale`='deDE') OR (`entry`=78116 /*78116*/ AND `locale`='deDE') OR (`entry`=65153 /*65153*/ AND `locale`='deDE') OR (`entry`=1286 /*1286*/ AND `locale`='deDE') OR (`entry`=1285 /*1285*/ AND `locale`='deDE') OR (`entry`=26125 /*26125*/ AND `locale`='deDE') OR (`entry`=4696 /*4696*/ AND `locale`='deDE') OR (`entry`=50669 /*50669*/ AND `locale`='deDE') OR (`entry`=42421 /*42421*/ AND `locale`='deDE') OR (`entry`=51348 /*51348*/ AND `locale`='deDE') OR (`entry`=61896 /*61896*/ AND `locale`='deDE') OR (`entry`=61895 /*61895*/ AND `locale`='deDE') OR (`entry`=4981 /*4981*/ AND `locale`='deDE') OR (`entry`=482 /*482*/ AND `locale`='deDE') OR (`entry`=50523 /*50523*/ AND `locale`='deDE') OR (`entry`=50525 /*50525*/ AND `locale`='deDE') OR (`entry`=50524 /*50524*/ AND `locale`='deDE') OR (`entry`=483 /*483*/ AND `locale`='deDE') OR (`entry`=12781 /*12781*/ AND `locale`='deDE') OR (`entry`=12785 /*12785*/ AND `locale`='deDE') OR (`entry`=3518 /*3518*/ AND `locale`='deDE') OR (`entry`=12784 /*12784*/ AND `locale`='deDE') OR (`entry`=54660 /*54660*/ AND `locale`='deDE') OR (`entry`=37944 /*37944*/ AND `locale`='deDE') OR (`entry`=69974 /*69974*/ AND `locale`='deDE') OR (`entry`=2334 /*2334*/ AND `locale`='deDE') OR (`entry`=69975 /*69975*/ AND `locale`='deDE') OR (`entry`=12780 /*12780*/ AND `locale`='deDE') OR (`entry`=49877 /*49877*/ AND `locale`='deDE') OR (`entry`=52030 /*52030*/ AND `locale`='deDE') OR (`entry`=19848 /*19848*/ AND `locale`='deDE') OR (`entry`=42339 /*42339*/ AND `locale`='deDE') OR (`entry`=52029 /*52029*/ AND `locale`='deDE') OR (`entry`=12779 /*12779*/ AND `locale`='deDE') OR (`entry`=43769 /*43769*/ AND `locale`='deDE') OR (`entry`=43768 /*43768*/ AND `locale`='deDE') OR (`entry`=35477 /*35477*/ AND `locale`='deDE') OR (`entry`=4075 /*Rata*/ AND `locale`='deDE') OR (`entry`=1303 /*1303*/ AND `locale`='deDE') OR (`entry`=1302 /*1302*/ AND `locale`='deDE') OR (`entry`=352 /*352*/ AND `locale`='deDE') OR (`entry`=1976 /*1976*/ AND `locale`='deDE') OR (`entry`=14721 /*14721*/ AND `locale`='deDE') OR (`entry`=32520 /*32520*/ AND `locale`='deDE') OR (`entry`=17804 /*17804*/ AND `locale`='deDE') OR (`entry`=4959 /*4959*/ AND `locale`='deDE') OR (`entry`=111190 /*111190*/ AND `locale`='deDE') OR (`entry`=79746 /*79746*/ AND `locale`='deDE') OR (`entry`=106548 /*106548*/ AND `locale`='deDE') OR (`entry`=62822 /*62822*/ AND `locale`='deDE') OR (`entry`=62821 /*62821*/ AND `locale`='deDE') OR (`entry`=42717 /*42717*/ AND `locale`='deDE') OR (`entry`=16548 /*Don Cochinillo*/ AND `locale`='deDE') OR (`entry`=3937 /*3937*/ AND `locale`='deDE') OR (`entry`=113 /*113*/ AND `locale`='deDE') OR (`entry`=63015 /*63015*/ AND `locale`='deDE') OR (`entry`=63014 /*63014*/ AND `locale`='deDE') OR (`entry`=46985 /*46985*/ AND `locale`='deDE') OR (`entry`=46983 /*46983*/ AND `locale`='deDE') OR (`entry`=46982 /*46982*/ AND `locale`='deDE') OR (`entry`=927 /*927*/ AND `locale`='deDE') OR (`entry`=913 /*913*/ AND `locale`='deDE') OR (`entry`=797 /*797*/ AND `locale`='deDE') OR (`entry`=74 /*74*/ AND `locale`='deDE') OR (`entry`=54 /*54*/ AND `locale`='deDE') OR (`entry`=47384 /*47384*/ AND `locale`='deDE') OR (`entry`=241 /*241*/ AND `locale`='deDE') OR (`entry`=66 /*66*/ AND `locale`='deDE') OR (`entry`=796 /*796*/ AND `locale`='deDE') OR (`entry`=795 /*795*/ AND `locale`='deDE') OR (`entry`=2046 /*2046*/ AND `locale`='deDE') OR (`entry`=514 /*514*/ AND `locale`='deDE') OR (`entry`=240 /*240*/ AND `locale`='deDE') OR (`entry`=11940 /*11940*/ AND `locale`='deDE') OR (`entry`=42983 /*42983*/ AND `locale`='deDE') OR (`entry`=620 /*620*/ AND `locale`='deDE') OR (`entry`=5406 /*5406*/ AND `locale`='deDE') OR (`entry`=6749 /*6749*/ AND `locale`='deDE') OR (`entry`=377 /*377*/ AND `locale`='deDE') OR (`entry`=253 /*253*/ AND `locale`='deDE') OR (`entry`=6778 /*6778*/ AND `locale`='deDE') OR (`entry`=328 /*328*/ AND `locale`='deDE') OR (`entry`=6121 /*6121*/ AND `locale`='deDE') OR (`entry`=906 /*906*/ AND `locale`='deDE') OR (`entry`=917 /*917*/ AND `locale`='deDE') OR (`entry`=151 /*151*/ AND `locale`='deDE') OR (`entry`=2329 /*2329*/ AND `locale`='deDE') OR (`entry`=295 /*295*/ AND `locale`='deDE') OR (`entry`=6374 /*6374*/ AND `locale`='deDE') OR (`entry`=3935 /*3935*/ AND `locale`='deDE') OR (`entry`=1430 /*1430*/ AND `locale`='deDE') OR (`entry`=465 /*465*/ AND `locale`='deDE') OR (`entry`=71938 /*71938*/ AND `locale`='deDE') OR (`entry`=71261 /*71261*/ AND `locale`='deDE') OR (`entry`=735 /*735*/ AND `locale`='deDE') OR (`entry`=68 /*68*/ AND `locale`='deDE') OR (`entry`=794 /*794*/ AND `locale`='deDE') OR (`entry`=30 /*30*/ AND `locale`='deDE') OR (`entry`=1651 /*1651*/ AND `locale`='deDE') OR (`entry`=6306 /*6306*/ AND `locale`='deDE') OR (`entry`=383 /*383*/ AND `locale`='deDE') OR (`entry`=1632 /*1632*/ AND `locale`='deDE') OR (`entry`=13321 /*13321*/ AND `locale`='deDE') OR (`entry`=61165 /*Cervato*/ AND `locale`='deDE') OR (`entry`=1412 /*1412*/ AND `locale`='deDE') OR (`entry`=525 /*525*/ AND `locale`='deDE') OR (`entry`=61081 /*Ardilla*/ AND `locale`='deDE') OR (`entry`=299 /*299*/ AND `locale`='deDE') OR (`entry`=66163 /*66163*/ AND `locale`='deDE') OR (`entry`=7382 /*Atigrado naranja*/ AND `locale`='deDE') OR (`entry`=7381 /*Atigrado plateado*/ AND `locale`='deDE') OR (`entry`=6367 /*6367*/ AND `locale`='deDE') OR (`entry`=2442 /*2442*/ AND `locale`='deDE') OR (`entry`=7385 /*Gato bombay*/ AND `locale`='deDE') OR (`entry`=6368 /*6368*/ AND `locale`='deDE') OR (`entry`=1423 /*1423*/ AND `locale`='deDE') OR (`entry`=94 /*94*/ AND `locale`='deDE') OR (`entry`=1933 /*1933*/ AND `locale`='deDE') OR (`entry`=43 /*43*/ AND `locale`='deDE') OR (`entry`=49540 /*49540*/ AND `locale`='deDE') OR (`entry`=14881 /*14881*/ AND `locale`='deDE') OR (`entry`=40 /*40*/ AND `locale`='deDE') OR (`entry`=61071 /*Rana pequeña*/ AND `locale`='deDE') OR (`entry`=61080 /*Conejo*/ AND `locale`='deDE') OR (`entry`=42938 /*42938*/ AND `locale`='deDE') OR (`entry`=42937 /*42937*/ AND `locale`='deDE') OR (`entry`=62 /*62*/ AND `locale`='deDE') OR (`entry`=42940 /*42940*/ AND `locale`='deDE') OR (`entry`=11260 /*11260*/ AND `locale`='deDE') OR (`entry`=50039 /*50039*/ AND `locale`='deDE') OR (`entry`=6774 /*6774*/ AND `locale`='deDE') OR (`entry`=1642 /*1642*/ AND `locale`='deDE') OR (`entry`=890 /*890*/ AND `locale`='deDE') OR (`entry`=883 /*883*/ AND `locale`='deDE') OR (`entry`=50047 /*50047*/ AND `locale`='deDE') OR (`entry`=50378 /*50378*/ AND `locale`='deDE') OR (`entry`=89715 /*89715*/ AND `locale`='deDE') OR (`entry`=951 /*951*/ AND `locale`='deDE') OR (`entry`=42944 /*42944*/ AND `locale`='deDE') OR (`entry`=915 /*915*/ AND `locale`='deDE') OR (`entry`=823 /*823*/ AND `locale`='deDE') OR (`entry`=375 /*375*/ AND `locale`='deDE') OR (`entry`=198 /*198*/ AND `locale`='deDE') OR (`entry`=925 /*925*/ AND `locale`='deDE') OR (`entry`=63258 /*63258*/ AND `locale`='deDE') OR (`entry`=911 /*911*/ AND `locale`='deDE') OR (`entry`=24110 /*24110*/ AND `locale`='deDE') OR (`entry`=12922 /*12922*/ AND `locale`='deDE') OR (`entry`=6373 /*6373*/ AND `locale`='deDE') OR (`entry`=459 /*459*/ AND `locale`='deDE') OR (`entry`=952 /*952*/ AND `locale`='deDE') OR (`entry`=49874 /*49874*/ AND `locale`='deDE') OR (`entry`=196 /*196*/ AND `locale`='deDE') OR (`entry`=44548 /*44548*/ AND `locale`='deDE') OR (`entry`=49871 /*49871*/ AND `locale`='deDE') OR (`entry`=49869 /*49869*/ AND `locale`='deDE') OR (`entry`=5403 /*5403*/ AND `locale`='deDE') OR (`entry`=44564 /*44564*/ AND `locale`='deDE') OR (`entry`=78 /*78*/ AND `locale`='deDE') OR (`entry`=190 /*190*/ AND `locale`='deDE') OR (`entry`=152 /*152*/ AND `locale`='deDE') OR (`entry`=71486 /*71486*/ AND `locale`='deDE') OR (`entry`=63766 /*63766*/ AND `locale`='deDE') OR (`entry`=61809 /*61809*/ AND `locale`='deDE') OR (`entry`=48632 /*48632*/ AND `locale`='deDE') OR (`entry`=45338 /*45338*/ AND `locale`='deDE') OR (`entry`=40725 /*40725*/ AND `locale`='deDE') OR (`entry`=34187 /*34187*/ AND `locale`='deDE') OR (`entry`=32633 /*32633*/ AND `locale`='deDE') OR (`entry`=32335 /*Grifo nevado acorazado*/ AND `locale`='deDE') OR (`entry`=32206 /*32206*/ AND `locale`='deDE') OR (`entry`=31717 /*31717*/ AND `locale`='deDE') OR (`entry`=24653 /*24653*/ AND `locale`='deDE') OR (`entry`=18362 /*18362*/ AND `locale`='deDE') OR (`entry`=18375 /*18375*/ AND `locale`='deDE') OR (`entry`=18376 /*18376*/ AND `locale`='deDE') OR (`entry`=18406 /*18406*/ AND `locale`='deDE') OR (`entry`=18359 /*18359*/ AND `locale`='deDE') OR (`entry`=18357 /*18357*/ AND `locale`='deDE') OR (`entry`=29929 /*29929*/ AND `locale`='deDE') OR (`entry`=32203 /*32203*/ AND `locale`='deDE') OR (`entry`=18360 /*18360*/ AND `locale`='deDE') OR (`entry`=721 /*Conejo*/ AND `locale`='deDE') OR (`entry`=1213 /*1213*/ AND `locale`='deDE') OR (`entry`=50918 /*50918*/ AND `locale`='deDE') OR (`entry`=42216 /*42216*/ AND `locale`='deDE') OR (`entry`=43291 /*43291*/ AND `locale`='deDE') OR (`entry`=43278 /*43278*/ AND `locale`='deDE') OR (`entry`=43292 /*43292*/ AND `locale`='deDE') OR (`entry`=9296 /*9296*/ AND `locale`='deDE') OR (`entry`=42218 /*42218*/ AND `locale`='deDE') OR (`entry`=197 /*197*/ AND `locale`='deDE');
INSERT INTO `creature_template_locale` (`entry`, `locale`, `Name`, `NameAlt`, `Title`, `TitleAlt`, `VerifiedBuild`) VALUES
(42384, 'deDE', 'Obdachloser Bürger von Sturmwind', NULL, NULL, NULL, 23420), -- 42384
(6271, 'deDE', 'Maus', NULL, NULL, NULL, 23420), -- 6271
(61160, 'deDE', 'Winziger Ernter', NULL, NULL, 'wildpetcapturable', 23420), -- Cosechador pequeño
(42309, 'deDE', 'Ermittler von Sturmwind', NULL, NULL, NULL, 23420), -- 42309
(42308, 'deDE', 'Leutnant Horatio Laine', NULL, NULL, NULL, 23420), -- 42308
(582, 'deDE', 'Graumähne', NULL, NULL, NULL, 23420), -- 582
(238, 'deDE', 'Verna Brauenwirbel', NULL, NULL, NULL, 23420), -- 238
(237, 'deDE', 'Bauer Brauenwirbel', NULL, NULL, NULL, 23420), -- 237
(42311, 'deDE', 'Tatort-Alarm-o-Bot', NULL, NULL, NULL, 23420), -- 42311
(42386, 'deDE', 'Obdachlose Bürgerin von Sturmwind', NULL, NULL, NULL, 23420), -- 42386
(42383, 'deDE', 'Durchreisender', NULL, NULL, NULL, 23420), -- 42383
(42391, 'deDE', 'Streuner der Westlichen Ebenen', 'Streunerin der Westlichen Ebenen', NULL, NULL, 23420), -- 42391
(454, 'deDE', 'Junger Geiferzahn', NULL, NULL, NULL, 23420), -- 454
(834, 'deDE', 'Kojote', NULL, NULL, NULL, 23420), -- 834
(65661, 'deDE', 'Feindschnitter 800', NULL, NULL, NULL, 23420), -- Siegaenemigos 800
(65660, 'deDE', 'Gacksi', NULL, NULL, NULL, 23420), -- Clocló
(65659, 'deDE', 'Klitze', NULL, NULL, NULL, 23420), -- Chiquitín
(65648, 'deDE', 'Mac Donald', NULL, 'Meistertierzähmer', NULL, 23420), -- Viejo MacDonald
(99394, 'deDE', 'Fauliger Wogling', NULL, NULL, NULL, 23420), -- Cabrilla fétida
(44016, 'deDE', 'Kohlepelzbär', NULL, NULL, NULL, 23420), -- 44016
(46943, 'deDE', 'Gassenkind', 'Gassenkind', NULL, NULL, 23420), -- 46943
(46940, 'deDE', 'Maginor Dumas', NULL, 'Meistermagier', NULL, 23420), -- 46940
(46941, 'deDE', 'Zaubermeister Andromath', NULL, NULL, NULL, 23420), -- 46941
(46932, 'deDE', 'Diener von Hogger', NULL, NULL, NULL, 23420), -- 46932
(45979, 'deDE', 'General Purpose Bunny JMF', NULL, NULL, NULL, 23420), -- 45979
(42259, 'deDE', 'Toter Dieb', NULL, NULL, NULL, 23420), -- 42259
(832, 'deDE', 'Entfesselter Zyklon', NULL, NULL, NULL, 23420), -- 832
(51519, 'deDE', 'Wache von Elwynn', NULL, NULL, NULL, 23420), -- 51519
(119, 'deDE', 'Langschnauze', NULL, NULL, NULL, 23420), -- 119
(448, 'deDE', 'Hogger', NULL, NULL, NULL, 23420), -- 448
(1645, 'deDE', 'Rüstmeister Hicks', NULL, 'Waffenschmiedemeister', NULL, 23420), -- 1645
(1249, 'deDE', 'Rüstmeister Hudson', NULL, 'Rüstungsschmied & Schildmacher', NULL, 23420), -- 1249
(896, 'deDE', 'Veldan Leichtfuß', NULL, 'Lederrüstungshändler', NULL, 23420), -- 896
(963, 'deDE', 'Stellvertreter Rainer', NULL, NULL, NULL, 23420), -- 963
(955, 'deDE', 'Unteroffizier De Vries', NULL, 'Vertrauensoffizier', NULL, 23420), -- 955
(50926, 'deDE', 'Der graue Ben', NULL, NULL, NULL, 23420), -- 50926
(11979, 'deDE', 'Kim Bridenbecker', NULL, NULL, NULL, 23420), -- 11979
(111421, 'deDE', 'Lauerndes Eulenkätzchen', NULL, NULL, NULL, 23420), -- Buhogatito acechante
(50528, 'deDE', 'Samantha Cleland', NULL, NULL, NULL, 23420), -- 50528
(50527, 'deDE', 'Johanna Jolly', NULL, NULL, NULL, 23420), -- 50527
(50526, 'deDE', 'Jan Jolly', NULL, NULL, NULL, 23420), -- 50526
(99, 'deDE', 'Morgaine die Verschlagene', NULL, NULL, NULL, 23420), -- 99
(417, 'deDE', 'Teufelsjäger', NULL, NULL, NULL, 23420), -- Manáfago
(53527, 'deDE', 'Gefangener', NULL, NULL, NULL, 23420), -- 53527
(44236, 'deDE', 'Myrla Steinrund', NULL, 'Bardame', NULL, 23420), -- 44236
(44235, 'deDE', 'Thaegra Tillitstein', NULL, 'Gastwirtin', NULL, 23420), -- 44235
(11026, 'deDE', 'Glimm Springspross', NULL, 'Ingenieurslehrling', NULL, 23420), -- 11026
(5519, 'deDE', 'Billibub Zahnrad', NULL, 'Ingenieursbedarf', NULL, 23420), -- 5519
(5518, 'deDE', 'Lilliam Spindelfunks', NULL, 'Lehrer für Ingenieurskunst', NULL, 23420), -- 5518
(14563, 'deDE', 'Schneller roter Roboschreiter', NULL, NULL, NULL, 23420), -- 14563
(43842, 'deDE', 'Auktionator Fitzgerald', NULL, NULL, NULL, 23420), -- 43842
(43841, 'deDE', 'Auktionator Lauffer', NULL, NULL, NULL, 23420), -- 43841
(43695, 'deDE', 'Auktionator Hesse', NULL, NULL, NULL, 23420), -- 43695
(45306, 'deDE', 'Chefchirurgin Schnittflick', NULL, 'Priesterlehrerin', NULL, 23420), -- 45306
(6579, 'deDE', 'Shoni die Schtille', NULL, NULL, NULL, 23420), -- 6579
(5509, 'deDE', 'Kathrum Axthand', NULL, 'Axthändler', NULL, 23420), -- 5509
(1416, 'deDE', 'Grimand Elmore', NULL, NULL, NULL, 23420), -- 1416
(7232, 'deDE', 'Borgus Stahlhand', NULL, 'Schmiedekunstlehrer', NULL, 23420), -- 7232
(80069, 'deDE', 'Riesige Kanalratte', NULL, NULL, NULL, 23420), -- 80069
(957, 'deDE', 'Dane Lindgren', NULL, 'Schmiedekunstlehrling', NULL, 23420), -- 957
(5413, 'deDE', 'Furen Langbart', NULL, NULL, NULL, 23420), -- 5413
(5511, 'deDE', 'Therum Tiefenschmied', NULL, 'Schmiedekunstlehrer', NULL, 23420), -- 5511
(5384, 'deDE', 'Brohann Fassbauch', NULL, 'Forscherliga', NULL, 23420), -- 5384
(7798, 'deDE', 'Hank der Hammer', NULL, 'Der Mithrilorden', NULL, 23420), -- 7798
(5510, 'deDE', 'Thulman Kieselbruch', NULL, 'Schusswaffenverkäufer', NULL, 23420), -- 5510
(29725, 'deDE', 'Benik Bolzscher', NULL, 'Schlosser', NULL, 23420), -- 29725
(656, 'deDE', 'Wilder Distelklette', NULL, NULL, NULL, 23420), -- 656
(5514, 'deDE', 'Brooke Steinzopf', NULL, 'Bergbaubedarf', NULL, 23420), -- 5514
(5512, 'deDE', 'Kaita Tiefenschmied', NULL, 'Schmiedekunstbedarf', NULL, 23420), -- 5512
(1472, 'deDE', 'Morgg Sturmschuss', NULL, NULL, NULL, 23420), -- 1472
(5513, 'deDE', 'Gelman Steinhand', NULL, 'Bergbaulehrer', NULL, 23420), -- 5513
(54218, 'deDE', 'Daniel Kinsey', NULL, NULL, NULL, 23420), -- 54218
(53991, 'deDE', 'Quincy Messerschmied', NULL, 'Besitzer und Eigentümer', NULL, 23420), -- 53991
(54215, 'deDE', 'Lana Aschwin', NULL, NULL, NULL, 23420), -- 54215
(10782, 'deDE', 'Königlicher Disponent Bathrilor', NULL, 'Zählung von Sturmwind', NULL, 23420), -- 10782
(53641, 'deDE', 'Allison Potts', NULL, 'Händlerin für Kettenrüstungen', NULL, 23420), -- 53641
(54216, 'deDE', 'Warren Fulton', NULL, NULL, NULL, 23420), -- 54216
(55684, 'deDE', 'Jordan Smith', NULL, 'Schmiedekunstlehrer & -bedarf', NULL, 23420), -- 55684
(54219, 'deDE', 'Sean Copeland', NULL, NULL, NULL, 23420), -- 54219
(54217, 'deDE', 'Daphne "Die Rose" Blueht', NULL, NULL, NULL, 23420), -- 54217
(1646, 'deDE', 'Baros Alexston', NULL, 'Stadtarchitekt', NULL, 23420), -- 1646
(54214, 'deDE', 'Scott Keenan', NULL, NULL, NULL, 23420), -- 54214
(1371, 'deDE', 'Roman', NULL, NULL, NULL, 23420), -- 1371
(1370, 'deDE', 'Brandon', NULL, NULL, NULL, 23420), -- 1370
(1368, 'deDE', 'Justin', NULL, NULL, NULL, 23420), -- 1368
(54117, 'deDE', 'Vin', NULL, NULL, NULL, 23420), -- 54117
(54026, 'deDE', 'Pünktchen', NULL, 'Vins Haustier', NULL, 23420), -- 54026
(53626, 'deDE', 'Waisenkind aus Sturmwind', NULL, NULL, NULL, 23420), -- 53626
(14497, 'deDE', 'Shellene', NULL, 'Waisenhausmatrone', NULL, 23420), -- 14497
(108180, 'deDE', 'Lukas Stockton', NULL, NULL, NULL, 23420), -- 108180
(14496, 'deDE', 'Waisenkind aus Sturmwind', NULL, NULL, NULL, 23420), -- 14496
(14450, 'deDE', 'Waisenmatrone Nachtigall', NULL, NULL, NULL, 23420), -- 14450
(1444, 'deDE', 'Bruder Kristoff', NULL, NULL, NULL, 23420), -- 1444
(83890, 'deDE', 'Gemälde', NULL, NULL, NULL, 23420), -- 83890
(83883, 'deDE', 'Maunz', NULL, NULL, NULL, 23420), -- 83883
(83882, 'deDE', 'Hirn', NULL, NULL, NULL, 23420), -- 83882
(83878, 'deDE', 'Jennica Holzmann', NULL, NULL, NULL, 23420), -- 83878
(50432, 'deDE', 'Deva Marie', NULL, NULL, NULL, 23420), -- 50432
(50424, 'deDE', 'Terran "Gerechtigkeit" Gregor', NULL, NULL, NULL, 23420), -- 50424
(1349, 'deDE', 'Agustus Moulaine', NULL, 'Händler für Kettenrüstungen', NULL, 23420), -- 1349
(1350, 'deDE', 'Theresa Moulaine', NULL, 'Robenverkäuferin', NULL, 23420), -- 1350
(6093, 'deDE', 'Stumpfzahn Jack', NULL, NULL, NULL, 23420), -- 6093
(51077, 'deDE', 'Buschschwanz', NULL, NULL, NULL, 23420), -- 51077
(217, 'deDE', 'Giftweberspinne', NULL, NULL, NULL, 23420), -- 217
(50942, 'deDE', 'Schnauz der Wühler', NULL, NULL, NULL, 23420), -- 50942
(881, 'deDE', 'Surena Caledon', NULL, NULL, NULL, 23420), -- 881
(880, 'deDE', 'Erlan Tragmehr', NULL, NULL, NULL, 23420), -- 880
(473, 'deDE', 'Morgan der Sammler', NULL, NULL, NULL, 23420), -- 473
(50916, 'deDE', 'Hinkepfote der Winselnde', NULL, NULL, NULL, 23420), -- 50916
(472, 'deDE', 'Fedfennel', NULL, NULL, NULL, 23420), -- 472
(6172, 'deDE', 'Henze Faulk', NULL, NULL, NULL, 23420), -- 6172
(471, 'deDE', 'Giftzahnbrutmutter', NULL, NULL, NULL, 23420), -- 471
(476, 'deDE', 'Koboldgeomant', NULL, NULL, NULL, 23420), -- 476
(60, 'deDE', 'Ruklar der Fallensteller', NULL, NULL, NULL, 23420), -- 60
(50752, 'deDE', 'Tarantis', NULL, NULL, NULL, 23420), -- 50752
(17254, 'deDE', 'Ash''ana', NULL, NULL, NULL, 23420), -- Ash'ana
(46, 'deDE', 'Murlocfutterwühler', NULL, NULL, NULL, 23420), -- 46
(732, 'deDE', 'Murloclauerer', NULL, NULL, NULL, 23420), -- 732
(62664, 'deDE', 'Huhn', NULL, NULL, 'wildpetcapturable', 23420), -- Pollo
(13159, 'deDE', 'James Clark', NULL, NULL, NULL, 23420), -- 13159
(12376, 'deDE', 'Braunes Pferd', NULL, NULL, NULL, 23420), -- 12376
(12375, 'deDE', 'Kastanienbraune Stute', NULL, NULL, NULL, 23420), -- 12375
(1975, 'deDE', 'Holzfäller des Osttals', NULL, NULL, NULL, 23420), -- 1975
(1650, 'deDE', 'Terry Palin', NULL, 'Holzfäller', NULL, 23420), -- 1650
(385, 'deDE', 'Pferd', NULL, NULL, NULL, 23420), -- 385
(50413, 'deDE', 'Mr. Wuffi', NULL, NULL, NULL, 23420), -- 50413
(50412, 'deDE', 'Kaitlin', NULL, NULL, NULL, 23420), -- 50412
(43000, 'deDE', 'Goss der Flinke', NULL, 'Greifenmeister', NULL, 23420), -- 43000
(42256, 'deDE', 'Marschall McCree', NULL, NULL, NULL, 23420), -- 42256
(10616, 'deDE', 'Vorsteherin Raelen', NULL, NULL, NULL, 23420), -- 10616
(5405, 'deDE', 'Schecke', NULL, NULL, NULL, 23420), -- 5405
(4732, 'deDE', 'Randal Weidmann', NULL, 'Reitlehrer', NULL, 23420), -- 4732
(384, 'deDE', 'Katie Weidmann', NULL, 'Pferdezüchterin', NULL, 23420), -- 384
(1250, 'deDE', 'Drake Lindgren', NULL, 'Gemischt- & Handwerkswaren', NULL, 23420), -- 1250
(1198, 'deDE', 'Rallic Finn', NULL, 'Bogenmacher', NULL, 23420), -- 1198
(294, 'deDE', 'Marschall Haggard', NULL, NULL, NULL, 23420), -- 294
(11328, 'deDE', 'Arbeiter des Osttals', 'Arbeiterin des Osttals', NULL, NULL, 23420), -- 11328
(278, 'deDE', 'Sara Roderwald', NULL, NULL, NULL, 23420), -- 278
(1103, 'deDE', 'Eldrin', NULL, 'Schneiderlehrer', NULL, 23420), -- 1103
(118, 'deDE', 'Streuner', NULL, NULL, NULL, 23420), -- 118
(261, 'deDE', 'Wache Thomas', NULL, NULL, NULL, 23420), -- 261
(958, 'deDE', 'Dawn Sternenlicht', NULL, 'Arkanarien', NULL, 23420), -- 958
(313, 'deDE', 'Theocritus', NULL, 'Magier des Turms von Azora', NULL, 23420), -- 313
(959, 'deDE', 'Morley Eberlein', NULL, 'Tuchmacher', NULL, 23420), -- 959
(11072, 'deDE', 'Kitta Feuerwind', NULL, 'Verzauberkunstlehrerin', NULL, 23420), -- 11072
(1949, 'deDE', 'Diener von Azora', 'Dienerin von Azora', NULL, NULL, 23420), -- 1949
(1922, 'deDE', 'Grauer Forstwolf', NULL, NULL, NULL, 23420), -- 1922
(12423, 'deDE', 'Wache Roberts', NULL, NULL, NULL, 23420), -- 12423
(285, 'deDE', 'Murloc', NULL, NULL, NULL, 23420), -- 285
(474, 'deDE', 'Abtrünniger Hexer', 'Abtrünnige Hexerin', NULL, NULL, 23420), -- 474
(100, 'deDE', 'Gruff Schnappflink', NULL, NULL, NULL, 23420), -- 100
(478, 'deDE', 'Kundschafter der Flusspfoten', NULL, NULL, NULL, 23420), -- 478
(252, 'deDE', 'Tommy Joe Steinfeld', NULL, NULL, NULL, 23420), -- 252
(6846, 'deDE', 'Dockmeister', NULL, NULL, NULL, 23420), -- 6846
(6927, 'deDE', 'Dockarbeiter', 'Dockarbeiterin', NULL, NULL, 23420), -- 6927
(60649, 'deDE', 'Schwarzes Lamm', NULL, NULL, 'wildpetcapturable', 23420), -- Cordero negro
(258, 'deDE', 'Joshua Maclure', NULL, 'Weinhändler', NULL, 23420), -- 258
(251, 'deDE', 'Maybell Maclure', NULL, NULL, NULL, 23420), -- 251
(822, 'deDE', 'Junger Waldbär', NULL, NULL, NULL, 23420), -- 822
(250, 'deDE', 'Paps Maclure', NULL, NULL, NULL, 23420), -- 250
(524, 'deDE', 'Steinhauteber', NULL, NULL, NULL, 23420), -- 524
(255, 'deDE', 'Gerard Tiller', NULL, NULL, NULL, 23420), -- 255
(247, 'deDE', 'Billy Maclure', NULL, NULL, NULL, 23420), -- 247
(64335, 'deDE', 'Kriecher', NULL, NULL, NULL, 23420), -- Ofidiss
(64334, 'deDE', 'Kiefer', NULL, NULL, NULL, 23420), -- Colmillos
(64330, 'deDE', 'Julia Stevens', NULL, 'Aufstrebende Tierzähmerin', NULL, 23420), -- Julia Stevens
(327, 'deDE', 'Goldzahn', NULL, NULL, NULL, 23420), -- 327
(79, 'deDE', 'Narg der Zuchtmeister', NULL, NULL, NULL, 23420), -- 79
(330, 'deDE', 'Prinzessin', NULL, NULL, NULL, 23420), -- 330
(97, 'deDE', 'Wicht der Flusspfoten', NULL, NULL, NULL, 23420), -- 97
(244, 'deDE', 'Mutter Steinfeld', NULL, NULL, NULL, 23420), -- 244
(248, 'deDE', 'Oma Steinfeld', NULL, NULL, NULL, 23420), -- 248
(246, 'deDE', 'Tantchen Bernice Steinfeld', NULL, NULL, NULL, 23420), -- 246
(894, 'deDE', 'Homer Steinfeld', NULL, 'Obstverkäufer', NULL, 23420), -- 894
(475, 'deDE', 'Koboldtunnelgräber', NULL, NULL, NULL, 23420), -- 475
(583, 'deDE', 'Wegelagerer', NULL, NULL, NULL, 23420), -- 583
(84751, 'deDE', 'Linda', NULL, NULL, NULL, 23420), -- 84751
(82564, 'deDE', 'Erzmagier Nakada', NULL, 'Meister der Zauber', NULL, 23420), -- 82564
(3628, 'deDE', 'Steven Lohan', NULL, 'Gastwirt', NULL, 23420), -- 3628
(1141, 'deDE', 'Angus Stern', NULL, 'Chefkoch', NULL, 23420), -- 1141
(5498, 'deDE', 'Elsharin', NULL, 'Magierlehrerin', NULL, 23420), -- 5498
(331, 'deDE', 'Maginor Dumas', NULL, 'Meistermagier', NULL, 23420), -- 331
(5694, 'deDE', 'Zaubermeister Andromath', NULL, NULL, NULL, 23420), -- 5694
(84745, 'deDE', 'Sammy', NULL, 'Nachwuchsmagier', NULL, 23420), -- 84745
(84749, 'deDE', 'Jenna', NULL, 'Nachwuchsmagierin', NULL, 23420), -- 84749
(85816, 'deDE', 'Elizabeth', NULL, 'Nachwuchsmagierin', NULL, 23420), -- 85816
(85818, 'deDE', 'Jeremy', NULL, 'Nachwuchsmagier', NULL, 23420), -- 85818
(85817, 'deDE', 'Naomi', NULL, 'Nachwuchsmagierin', NULL, 23420), -- 85817
(85819, 'deDE', 'Daniel', NULL, 'Nachwuchsmagier', NULL, 23420), -- 85819
(85307, 'deDE', 'Funkenblitz', NULL, 'Magierlehrerin', NULL, 23420), -- 85307
(89174, 'deDE', 'Laluu', NULL, 'Magierlehrerin', NULL, 23420), -- 89174
(5497, 'deDE', 'Jennea Haubitz', NULL, 'Magierlehrerin', NULL, 23420), -- 5497
(2708, 'deDE', 'Erzmagier Malin', NULL, NULL, NULL, 23420), -- 2708
(32639, 'deDE', 'Gnimo', NULL, 'Abenteuerlicher Tüftler', NULL, 23420), -- 32639
(32638, 'deDE', 'Hakmud von Argus', NULL, 'Handelsreisender', NULL, 23420), -- 32638
(2485, 'deDE', 'Larimaine Purdue', NULL, 'Portallehrerin', NULL, 23420), -- 2485
(1415, 'deDE', 'Suzanne', NULL, NULL, NULL, 23420), -- 1415
(1414, 'deDE', 'Lisan Pierce', NULL, NULL, NULL, 23420), -- 1414
(4078, 'deDE', 'Collin Mauren', NULL, NULL, NULL, 23420), -- 4078
(3627, 'deDE', 'Erich Lohan', NULL, NULL, NULL, 23420), -- 3627
(52031, 'deDE', 'Sarana Damir', NULL, 'Tintenhändlerin', NULL, 23420), -- 52031
(5499, 'deDE', 'Lilyssia Nachtbrise', NULL, 'Alchemielehrerin', NULL, 23420), -- 5499
(30730, 'deDE', 'Stanly McCormick', NULL, 'Inschriftenkundebedarf', NULL, 23420), -- 30730
(1309, 'deDE', 'Wynne Larson', NULL, 'Robenhändlerin', NULL, 23420), -- 1309
(5503, 'deDE', 'Eldraeith', NULL, 'Kräuterkundebedarf', NULL, 23420), -- 5503
(5500, 'deDE', 'Tel''Athir', NULL, 'Alchemielehrling', NULL, 23420), -- 5500
(1313, 'deDE', 'Maria Lumere', NULL, 'Alchemiebedarf', NULL, 23420), -- 1313
(5567, 'deDE', 'Sellandus', NULL, 'Schneiderlehrling', NULL, 23420), -- 5567
(1429, 'deDE', 'Thurman Schneider', NULL, NULL, NULL, 23420), -- 1429
(1310, 'deDE', 'Evan Larson', NULL, 'Hutmacher', NULL, 23420), -- 1310
(5566, 'deDE', 'Tannysa', NULL, 'Kräuterkundelehrerin', NULL, 23420), -- 5566
(49701, 'deDE', 'Bario Matalli', NULL, 'Souschef', NULL, 23420), -- 49701
(42288, 'deDE', 'Robby Flay', NULL, 'Chefkoch', NULL, 23420), -- 42288
(30713, 'deDE', 'Catarina Stanford', NULL, 'Inschriftenkundelehrerin', NULL, 23420), -- 30713
(1314, 'deDE', 'Duncan Merzer', NULL, 'Händler für leichte Rüstungen', NULL, 23420), -- 1314
(1346, 'deDE', 'Georgio Bolero', NULL, 'Schneiderlehrer', NULL, 23420), -- 1346
(1347, 'deDE', 'Alexandra Bolero', NULL, 'Schneiderbedarf', NULL, 23420), -- 1347
(1300, 'deDE', 'Lawrence Schneider', NULL, 'Schneiderlehrling', NULL, 23420), -- 1300
(5386, 'deDE', 'Akolyth Dellis', NULL, NULL, NULL, 23420), -- 5386
(1316, 'deDE', 'Adair Gilroy', NULL, 'Bibliothekar', NULL, 23420), -- 1316
(338, 'deDE', 'Mazen Mac''Nadir', NULL, 'Akademie der Arkanen Künste und Wissenschaften', NULL, 23420), -- 338
(49893, 'deDE', 'Lisa McKeever', NULL, 'Bonbonverkäuferin', NULL, 23420), -- 49893
(1318, 'deDE', 'Jessara Cordell', NULL, 'Verzauberkunstbedarf', NULL, 23420), -- 1318
(1317, 'deDE', 'Lucan Cordell', NULL, 'Verzauberkunstlehrer', NULL, 23420), -- 1317
(1315, 'deDE', 'Allan Hafgan', NULL, 'Stabhändler', NULL, 23420), -- 1315
(1312, 'deDE', 'Ardwyn Cailen', NULL, 'Zauberstabhändlerin', NULL, 23420), -- 1312
(46180, 'deDE', 'Ithurian Weißspitz', NULL, NULL, NULL, 23420), -- 46180
(11068, 'deDE', 'Betty Quin', NULL, 'Verzauberkunstlehrling', NULL, 23420), -- 11068
(8666, 'deDE', 'Klein Timmy', NULL, 'Junge mit Kätzchen', NULL, 23420), -- 8666
(7386, 'deDE', 'Weißes Kätzchen', NULL, NULL, NULL, 23420), -- Gatito blanco
(1433, 'deDE', 'Corbett Schneider', NULL, NULL, NULL, 23420), -- 1433
(1405, 'deDE', 'Morris Lawry', NULL, NULL, NULL, 23420), -- 1405
(3520, 'deDE', 'Alte Emma', NULL, NULL, NULL, 23420), -- 3520
(1367, 'deDE', 'Billy', NULL, NULL, NULL, 23420), -- 1367
(1366, 'deDE', 'Adam', NULL, NULL, NULL, 23420), -- 1366
(5494, 'deDE', 'Catherine Leland', NULL, 'Angelbedarf', NULL, 23420), -- 5494
(5493, 'deDE', 'Arnold Leland', NULL, 'Angellehrer', NULL, 23420), -- 5493
(106551, 'deDE', 'Hati', NULL, NULL, NULL, 23420), -- 106551
(38453, 'deDE', 'Arcturis', NULL, NULL, NULL, 23420), -- 38453
(14439, 'deDE', 'Offizier Brady', NULL, NULL, NULL, 23420), -- 14439
(47649, 'deDE', 'Erblühen', NULL, NULL, NULL, 23420), -- 47649
(61889, 'deDE', 'Ratte von Unterstadt', NULL, NULL, 'wildpetcapturable', 23420), -- Rata de Entrañas
(60849, 'deDE', 'Statue der Jadeschlange', NULL, NULL, NULL, 23420), -- 60849
(115146, 'deDE', 'Knochi', NULL, NULL, NULL, 23420), -- Astihueso
(61840, 'deDE', 'Naanae', NULL, NULL, NULL, 23420), -- 61840
(61839, 'deDE', 'Lucas Trenner', NULL, NULL, NULL, 23420), -- 61839
(61841, 'deDE', 'Brunn Goldbecher', NULL, NULL, NULL, 23420), -- 61841
(1756, 'deDE', 'Königswache von Sturmwind', 'Königswache von Sturmwind', NULL, NULL, 23420), -- 1756
(6090, 'deDE', 'Bartleby', NULL, 'Betrunkener', NULL, 23420), -- 6090
(71526, 'deDE', 'Elisabeth Vogelsang', NULL, NULL, NULL, 23420),
(44256, 'deDE', 'Grautatze', NULL, 'Almas Begleiter', NULL, 23420), -- 44256
(44251, 'deDE', 'Alma Deering', NULL, 'Tierausbilderin', NULL, 23420), -- 44251
(44249, 'deDE', 'Sarisse Jume', NULL, 'Jägerlehrerin', NULL, 23420), -- 44249
(44247, 'deDE', 'Wulf Hansreim', NULL, 'Jägerlehrer', NULL, 23420), -- 44247
(43294, 'deDE', 'Gonzalez', NULL, 'Don Omars Begleiter', NULL, 23420), -- 43294
(43277, 'deDE', 'Don Omar', NULL, 'Jägerlehrer', NULL, 23420), -- 43277
(1328, 'deDE', 'Elly Langstein', NULL, 'Bardame', NULL, 23420), -- 1328
(5483, 'deDE', 'Erika Tate', NULL, 'Kochbedarf', NULL, 23420), -- 5483
(340, 'deDE', 'Kendor Kabonka', NULL, 'Meister der Kochrezepte', NULL, 23420), -- 340
(6089, 'deDE', 'Harry Burlwacht', NULL, NULL, NULL, 23420), -- 6089
(5482, 'deDE', 'Stephen Ryback', NULL, 'Kochkunstlehrer', NULL, 23420), -- 5482
(3629, 'deDE', 'David Langstein', NULL, NULL, NULL, 23420), -- 3629
(1327, 'deDE', 'Reese Langstein', NULL, 'Schankwirt', NULL, 23420), -- 1327
(6946, 'deDE', 'Renzik "Das Messer"', NULL, 'Agent des SI:7', NULL, 23420), -- 6946
(5480, 'deDE', 'Ilsa Corbin', NULL, 'Kriegerlehrerin', NULL, 23420), -- 5480
(5479, 'deDE', 'Wu Shen', NULL, 'Kriegerlehrer', NULL, 23420), -- 5479
(44245, 'deDE', 'Faldren Tillsdale', NULL, 'Rüstmeister für Tapferkeitspunkte', NULL, 23420), -- 44245
(32667, 'deDE', 'Trainingsattrappe', NULL, NULL, NULL, 23420), -- 32667
(32666, 'deDE', 'Trainingsattrappe', NULL, NULL, NULL, 23420), -- 32666
(31144, 'deDE', 'Trainingsattrappe', NULL, NULL, NULL, 23420), -- 31144
(1326, 'deDE', 'Sloan McCoy', NULL, 'Gifte', NULL, 23420), -- 1326
(914, 'deDE', 'Ander Germaine', NULL, 'Kriegerlehrer', NULL, 23420), -- 914
(332, 'deDE', 'Meister Mathias Shaw', NULL, 'Anführer des SI:7', NULL, 23420), -- 332
(58154, 'deDE', 'Toren Landow', NULL, 'Antiquitätenrüstmeister für Gerechtigkeitspunkte', NULL, 23420), -- 58154
(52028, 'deDE', 'Talric Unverblümt', NULL, 'Gerechtigkeitshandwerkswaren', NULL, 23420), -- 52028
(44246, 'deDE', 'Magatha Silverton', NULL, 'Rüstmeisterin für Gerechtigkeitspunkte', NULL, 23420), -- 44246
(62913, 'deDE', 'Der schnelle Dave', NULL, NULL, NULL, 23420), -- 62913
(35845, 'deDE', 'Dave''s Industrial Light and Magic Bunny (Small)(Sessile)', NULL, NULL, NULL, 23420), -- 35845
(7208, 'deDE', 'Noarm', NULL, NULL, NULL, 23420), -- 7208
(7207, 'deDE', 'Dok Mixilpixil', NULL, NULL, NULL, 23420), -- 7207
(1325, 'deDE', 'Jasper Teufel', NULL, 'Zwielichtiger Händler', NULL, 23420), -- 1325
(51998, 'deDE', 'Arthur Huwe', NULL, 'Schurkenlehrer', NULL, 23420), -- 51998
(13283, 'deDE', 'Lord Tony Romano', NULL, 'Schurkenlehrer', NULL, 23420), -- 13283
(8383, 'deDE', 'Meister Holz', NULL, NULL, NULL, 23420), -- 8383
(46647, 'deDE', 'Trainingsattrappe', NULL, NULL, NULL, 23420), -- 46647
(1324, 'deDE', 'Heinrich Stein', NULL, 'Klingenhändler', NULL, 23420), -- 1324
(31146, 'deDE', 'Trainingsattrappe des Schlachtzuges', NULL, NULL, NULL, 23420), -- 31146
(44237, 'deDE', 'Maegan Tillman', NULL, 'Gastwirtin', NULL, 23420), -- 44237
(1341, 'deDE', 'Wilhelm Strang', NULL, 'Händler für Kettenrüstungen', NULL, 23420), -- 1341
(1323, 'deDE', 'Osric Strang', NULL, 'Händler für Kettenrüstungen', NULL, 23420), -- 1323
(38821, 'deDE', 'Dave''s Industrial Light and Magic Bunny (Medium)(Sessile)', NULL, NULL, NULL, 23420), -- 38821
(28355, 'deDE', 'Wright Williams', NULL, NULL, NULL, 23420), -- 28355
(44252, 'deDE', 'Karin', NULL, 'Stallmeisterin', NULL, 23420), -- 44252
(14561, 'deDE', 'Schnelles braunes Ross', NULL, NULL, NULL, 23420), -- 14561
(14559, 'deDE', 'Schneller Palomino', NULL, NULL, NULL, 23420), -- 14559
(43693, 'deDE', 'Darlene Stokx', NULL, 'Reitlehrerin', NULL, 23420), -- 43693
(14560, 'deDE', 'Schnelles weißes Ross', NULL, NULL, NULL, 23420), -- 14560
(918, 'deDE', 'Osborne der Nachtmensch', NULL, 'Schurkenlehrer', NULL, 23420), -- 918
(73190, 'deDE', 'Nekrolord Sipe', NULL, 'Rüstmeister für Kampfreittiere', NULL, 23420), -- 73190
(43694, 'deDE', 'Katie Stokx', NULL, 'Pferdezüchterin', NULL, 23420), -- 43694
(4269, 'deDE', 'Kastanienbraune Stute', NULL, NULL, NULL, 23420), -- 4269
(308, 'deDE', 'Rappe', NULL, NULL, NULL, 23420), -- 308
(284, 'deDE', 'Braunes Pferd', NULL, NULL, NULL, 23420), -- 284
(1721, 'deDE', 'Nikova Raskol', NULL, NULL, NULL, 23420), -- 1721
(28347, 'deDE', 'Miles Sidney', NULL, 'Gifte', NULL, 23420), -- 28347
(3626, 'deDE', 'Jenn Langstein', NULL, NULL, NULL, 23420), -- 3626
(12783, 'deDE', 'Leutnant Karter', NULL, 'Rüstmeisterin für Kriegsreittiere', NULL, 23420), -- 12783
(4961, 'deDE', 'Dashel Steinfaust', NULL, NULL, NULL, 23420), -- 4961
(112912, 'deDE', 'Martin Ocejo', NULL, 'Krieger von Azeroth', NULL, 23420), -- 112912
(1333, 'deDE', 'Gerik Koen', NULL, 'Zweihandwaffenhändler', NULL, 23420), -- 1333
(87503, 'deDE', 'Kettenrad des Champions', NULL, NULL, NULL, 23420), -- 87503
(87501, 'deDE', 'Paulie', NULL, 'Altstadt-Choppers', NULL, 23420), -- 87501
(62954, 'deDE', 'Ratte von Sturmwind', NULL, NULL, 'wildpetcapturable', 23420), -- Rata de Ventormenta
(2795, 'deDE', 'Lenny "Finger" McCoy', NULL, NULL, NULL, 23420), -- 2795
(1395, 'deDE', 'Alter Wiesel', NULL, NULL, NULL, 23420), -- 1395
(1339, 'deDE', 'Mayda Thane', NULL, 'Schusterin', NULL, 23420), -- 1339
(11096, 'deDE', 'Randal Goldwert', NULL, 'Lederverarbeitungslehrling', NULL, 23420), -- 11096
(1292, 'deDE', 'Maris Granger', NULL, 'Kürschnerlehrerin', NULL, 23420), -- 1292
(23050, 'deDE', 'Klein Noah', NULL, NULL, NULL, 23420), -- 23050
(1319, 'deDE', 'Bryan Kreuz', NULL, 'Schildhändler', NULL, 23420), -- 1319
(5565, 'deDE', 'Jillian Gerber', NULL, 'Lederverarbeitungsbedarf', NULL, 23420), -- 5565
(5564, 'deDE', 'Simon Gerber', NULL, 'Lederverarbeitungslehrer', NULL, 23420), -- 5564
(1321, 'deDE', 'Alyssa Griffith', NULL, 'Taschenverkäuferin', NULL, 23420), -- 1321
(1320, 'deDE', 'Seoman Griffith', NULL, 'Lederrüstungshändler', NULL, 23420), -- 1320
(2198, 'deDE', 'Ausrufer Gutmann', NULL, NULL, NULL, 23420), -- 2198
(50480, 'deDE', 'Isabel Jones', NULL, 'Händlerin für Juwelenschliffdesigns', NULL, 23420), -- 50480
(44583, 'deDE', 'Terrance Denman', NULL, 'Juwelierskunstbedarf', NULL, 23420), -- 44583
(61837, 'deDE', 'Leria Nachtwind', NULL, NULL, NULL, 23420), -- 61837
(416, 'deDE', 'Wichtel', NULL, NULL, NULL, 23420), -- Diablillo
(118244, 'deDE', 'Blitzpfote', NULL, NULL, NULL, 23420), -- 118244
(12787, 'deDE', 'Wache Hammond', NULL, NULL, NULL, 23420), -- 12787
(12786, 'deDE', 'Wache Quinn', NULL, NULL, NULL, 23420), -- 12786
(395, 'deDE', 'Markus', NULL, NULL, NULL, 23420), -- 395
(116, 'deDE', 'Bandit', 'Banditin', NULL, NULL, 23420), -- 116
(5917, 'deDE', 'Clara Charles', NULL, NULL, NULL, 23420), -- 5917
(14394, 'deDE', 'Major Mattingly', NULL, NULL, NULL, 23420), -- 14394
(52358, 'deDE', 'Craggle Schlingerkreisel', NULL, 'Spielzeuge und Kuriositäten', NULL, 23420), -- 52358
(52359, 'deDE', 'Spielzeugwagen', NULL, NULL, NULL, 23420), -- 52359
(52361, 'deDE', 'Toy Cart Bunny', NULL, NULL, NULL, 23420), -- 52361
(1478, 'deDE', 'Aedis Brom', NULL, NULL, NULL, 23420), -- 1478
(1477, 'deDE', 'Christoph Faral', NULL, NULL, NULL, 23420), -- 1477
(1428, 'deDE', 'Rema Schneider', NULL, NULL, NULL, 23420), -- 1428
(1299, 'deDE', 'Lisbeth Schneider', NULL, 'Tuchmacherin', NULL, 23420), -- 1299
(43692, 'deDE', 'Kristin Cazarez', NULL, 'Bankierin', NULL, 23420), -- 43692
(14423, 'deDE', 'Offizier Jaxon', NULL, NULL, NULL, 23420), -- 14423
(1298, 'deDE', 'Frederick Ofner', NULL, 'Bogenhändler', NULL, 23420), -- 1298
(1301, 'deDE', 'Julia Gallina', NULL, 'Weinverkäuferin', NULL, 23420), -- 1301
(2455, 'deDE', 'Olivia Uferbach', NULL, 'Bankierin', NULL, 23420), -- 2455
(1297, 'deDE', 'Lina Ofner', NULL, 'Bogen- & Schusswaffenhändlerin', NULL, 23420), -- 1297
(1431, 'deDE', 'Suzetta Gallina', NULL, NULL, NULL, 23420), -- 1431
(277, 'deDE', 'Roberto Pupellyverbos', NULL, 'Rotweinkenner', NULL, 23420), -- 277
(2457, 'deDE', 'John Uferbach', NULL, 'Bankier', NULL, 23420), -- 2457
(2456, 'deDE', 'Newton Uferbach', NULL, 'Bankier', NULL, 23420), -- 2456
(6740, 'deDE', 'Gastwirtin Allison', NULL, 'Gastwirtin', NULL, 23420), -- 6740
(56925, 'deDE', 'Farrah Facett', NULL, 'Epische Juwelenschliffdesigns', NULL, 23420), -- 56925
(44582, 'deDE', 'Theresa Denman', NULL, 'Juwelierskunstlehrerin', NULL, 23420), -- 44582
(29142, 'deDE', 'Jelinek Scharfschur', NULL, 'Barbier', NULL, 23420), -- 29142
(1402, 'deDE', 'Topper McNabb', NULL, NULL, NULL, 23420), -- 1402
(44774, 'deDE', 'Genevieve', NULL, NULL, NULL, 23420), -- 44774
(112015, 'deDE', 'Alptraumwelpling', NULL, NULL, NULL, 23420), -- Vástago de la Pesadilla
(44773, 'deDE', 'Anastasia', NULL, NULL, NULL, 23420), -- 44773
(14438, 'deDE', 'Offizier Pomeroy', NULL, NULL, NULL, 23420), -- 14438
(1294, 'deDE', 'Aldric Moor', NULL, 'Händler für Kettenrüstungen', NULL, 23420), -- 1294
(8670, 'deDE', 'Auktionator Chilton', NULL, NULL, NULL, 23420), -- 8670
(8719, 'deDE', 'Auktionator Fitch', NULL, NULL, NULL, 23420), -- 8719
(1295, 'deDE', 'Lara Moor', NULL, 'Lederrüstungshändlerin', NULL, 23420), -- 1295
(54569, 'deDE', 'Transzendenzgeist', NULL, NULL, NULL, 23420), -- 54569
(1291, 'deDE', 'Carla Granger', NULL, 'Stoffrüstungshändlerin', NULL, 23420), -- 1291
(15659, 'deDE', 'Auktionatorin Jaxon', NULL, NULL, NULL, 23420), -- 15659
(1427, 'deDE', 'Harlan Bagley', NULL, NULL, NULL, 23420), -- 1427
(29093, 'deDE', 'Ian Drake', NULL, 'Ältester', NULL, 23420), -- 29093
(61838, 'deDE', 'Gavin Marlsbury', NULL, NULL, NULL, 23420), -- 61838
(12481, 'deDE', 'Justine Demalier', NULL, 'Anwerberin von Sturmwind', NULL, 23420), -- 12481
(49748, 'deDE', 'Heldenherold', NULL, NULL, NULL, 23420), -- 49748
(1287, 'deDE', 'Marda Weller', NULL, 'Waffenhändlerin', NULL, 23420), -- 1287
(1289, 'deDE', 'Gunther Weller', NULL, 'Waffenhändler', NULL, 23420), -- 1289
(43819, 'deDE', 'Kirsten Westmühle', NULL, 'Bankierin', NULL, 23420), -- 43819
(12480, 'deDE', 'Melris Malagan', NULL, 'Hauptmann der Wache', NULL, 23420), -- 12480
(1257, 'deDE', 'Keldric Boucher', NULL, 'Alchemiebedarf & Reagenzien', NULL, 23420), -- 1257
(1860, 'deDE', 'Leerwandler', NULL, NULL, NULL, 23420), -- Abisario
(61836, 'deDE', 'Moni Knuffelspross', NULL, NULL, NULL, 23420), -- 61836
(61834, 'deDE', 'Alyn Schwarz', NULL, NULL, NULL, 23420), -- 61834
(43822, 'deDE', 'Thomas Westmühle', NULL, 'Bankier', NULL, 23420), -- 43822
(43820, 'deDE', 'Scott Westmühle', NULL, 'Bankier', NULL, 23420), -- 43820
(1275, 'deDE', 'Kyra Boucher', NULL, 'Reagenzien', NULL, 23420), -- 1275
(279, 'deDE', 'Morgan Pestle', NULL, NULL, NULL, 23420), -- 279
(51440, 'deDE', 'Adam Pressler', NULL, NULL, NULL, 23420), -- 51440
(46602, 'deDE', 'Shay Pressler', NULL, 'Gildenhändler', NULL, 23420), -- 46602
(6174, 'deDE', 'Stephanie Turner', NULL, NULL, NULL, 23420), -- 6174
(5193, 'deDE', 'Rebecca Laughlin', NULL, 'Designerin für Wappenröcke', NULL, 23420), -- 5193
(4974, 'deDE', 'Aldwin Laughlin', NULL, 'Gildenmeister', NULL, 23420), -- 4974
(1432, 'deDE', 'Renato Gallina', NULL, NULL, NULL, 23420), -- 1432
(78116, 'deDE', 'Wasserelementar', NULL, NULL, NULL, 23420), -- 78116
(65153, 'deDE', 'General Hammond Clay', NULL, 'Hochkommandant der Verteidigung von Sturmwind', NULL, 23420), -- 65153
(1286, 'deDE', 'Edna Mullby', NULL, 'Handwerkswaren', NULL, 23420), -- 1286
(1285, 'deDE', 'Thurman Mullby', NULL, 'Gemischtwaren', NULL, 23420), -- 1285
(26125, 'deDE', 'Auferstandener Verbündeter', NULL, NULL, NULL, 23420), -- 26125
(4696, 'deDE', 'Skorpashischnapper', NULL, NULL, NULL, 23420), -- 4696
(50669, 'deDE', 'Dawn Radue', NULL, 'Taschenhändlerin', NULL, 23420), -- 50669
(42421, 'deDE', 'Fischer von Sturmwind', NULL, NULL, NULL, 23420), -- 42421
(51348, 'deDE', 'Greifenreiter von Sturmwind', 'Greifenreiterin von Sturmwind', NULL, NULL, 23420), -- 51348
(61896, 'deDE', 'Josie', NULL, NULL, NULL, 23420), -- 61896
(61895, 'deDE', 'Marty', NULL, NULL, NULL, 23420), -- 61895
(4981, 'deDE', 'Ben Trias', NULL, 'Käsereilehrling', NULL, 23420), -- 4981
(482, 'deDE', 'Elling Trias', NULL, 'Käsemeister', NULL, 23420), -- 482
(50523, 'deDE', 'Kyle Radue', NULL, NULL, NULL, 23420), -- 50523
(50525, 'deDE', 'Chris Müller', NULL, NULL, NULL, 23420), -- 50525
(50524, 'deDE', 'Travis Nichols', NULL, 'Verkäufer von heißem Kaffee', NULL, 23420), -- 50524
(483, 'deDE', 'Elaine Trias', NULL, 'Käsemeisterin', NULL, 23420), -- 483
(12781, 'deDE', 'Hauptfeldwebel Biggins', NULL, 'Rüstmeister für Zubehör', NULL, 23420), -- 12781
(12785, 'deDE', 'Stabsfeldwebel Clate', NULL, 'Rüstmeister für Rüstungen vergangener Zeiten', NULL, 23420), -- 12785
(3518, 'deDE', 'Thomas Müller', NULL, 'Bäcker', NULL, 23420), -- 3518
(12784, 'deDE', 'Leutnant Jackspring', NULL, 'Rüstmeister für Waffen vergangener Zeiten', NULL, 23420), -- 12784
(54660, 'deDE', 'Leutnant Tristia', NULL, 'Rüstmeisterin für boshafte Gladiatoren', NULL, 23420), -- 54660
(37944, 'deDE', 'Stadtpatrolleur von Sturmwind', NULL, NULL, NULL, 23420), -- 37944
(69974, 'deDE', 'Hauptmann T''Maire Sydes', NULL, 'Rüstmeisterin für ruchlose Gladiatoren', NULL, 23420), -- 69974
(2334, 'deDE', 'Ereignisgenerator 001', NULL, NULL, NULL, 23420), -- 2334
(69975, 'deDE', 'Hauptmann Klagehammer', NULL, 'Rüstmeister für Eroberungspunkte', NULL, 23420), -- 69975
(12780, 'deDE', 'Stabsfeldwebel Himmelsschatten', NULL, NULL, NULL, 23420), -- 12780
(49877, 'deDE', 'Hauptmann Lancy Revshon', NULL, 'Rüstmeisterin von Sturmwind', NULL, 23420), -- 49877
(52030, 'deDE', 'Liliana Frostglut', NULL, 'Ehrenerbstücke', NULL, 23420), -- 52030
(19848, 'deDE', 'Herold Ennarth', NULL, NULL, NULL, 23420), -- 19848
(42339, 'deDE', 'Kanalkrebs', NULL, NULL, 'LootAll', 23420), -- 42339
(52029, 'deDE', 'Edlan Halsing', NULL, 'Rüstmeister für blutrünstige Gladiatoren', NULL, 23420), -- 52029
(12779, 'deDE', 'Erzmagier Gaiman', NULL, NULL, NULL, 23420), -- 12779
(43769, 'deDE', 'Bralla Wolkenflug', NULL, 'Fluglehrerin', NULL, 23420), -- 43769
(43768, 'deDE', 'Tannec Steinschnabel', NULL, 'Greifenhüter', NULL, 23420), -- 43768
(35477, 'deDE', 'Die kleine Adeline', NULL, NULL, NULL, 23420), -- 35477
(4075, 'deDE', 'Ratte', NULL, NULL, NULL, 23420), -- Rata
(1303, 'deDE', 'Felicia Gump', NULL, 'Kräuterkundebedarf', NULL, 23420), -- 1303
(1302, 'deDE', 'Bernard Gump', NULL, 'Florist', NULL, 23420), -- 1302
(352, 'deDE', 'Dungar Trinkfest', NULL, 'Greifenmeister', NULL, 23420), -- 352
(1976, 'deDE', 'Stadtpatrolleur von Sturmwind', NULL, NULL, 'Directions', 23420), -- 1976
(14721, 'deDE', 'Feldmarschall Afrasiabi', NULL, NULL, NULL, 23420), -- 14721
(32520, 'deDE', 'Totally Generic Bunny (All Phase)', NULL, NULL, NULL, 23420), -- 32520
(17804, 'deDE', 'Knappe Rowe', NULL, NULL, NULL, 23420), -- 17804
(4959, 'deDE', 'Jorgen', NULL, NULL, NULL, 23420), -- 4959
(79746, 'deDE', 'Terokralle', NULL, NULL, NULL, 23420), -- 79746
(106548, 'deDE', 'Hati', NULL, NULL, NULL, 23420), -- 106548
(62822, 'deDE', 'Cousin Träghand', NULL, 'Handelsreisender', NULL, 23420), -- 62822
(62821, 'deDE', 'Mystiker Vogelhut', NULL, 'Transmogrifizierer', 'transmogrify', 23420), -- 62821
(42717, 'deDE', 'Junger Wolf', NULL, NULL, NULL, 23420), -- 42717
(16548, 'deDE', 'Dr. Wackel', NULL, NULL, NULL, 23420), -- Don Cochinillo
(3937, 'deDE', 'Kira Liederschein', NULL, 'Umherziehende Bäckerin', NULL, 23420), -- 3937
(113, 'deDE', 'Steinhauereber', NULL, NULL, NULL, 23420), -- 113
(63015, 'deDE', 'Tigerchen', NULL, 'Kampfhaustier', NULL, 23420), -- 63015
(63014, 'deDE', 'Marcus Jensen', NULL, 'Kampfhaustiertrainer', NULL, 23420), -- 63014
(46985, 'deDE', '[DNT] Generic Target Bunny', NULL, NULL, NULL, 23420), -- 46985
(46983, 'deDE', 'Benjamin Fuchsfell', NULL, 'Jägerlehrer', NULL, 23420), -- 46983
(46982, 'deDE', 'Schlitzohr', NULL, 'Benjamins Begleiter', NULL, 23420), -- 46982
(927, 'deDE', 'Bruder Wilhelm', NULL, 'Paladinlehrer', NULL, 23420), -- 927
(913, 'deDE', 'Lyria Du Lac', NULL, 'Kriegerlehrerin', NULL, 23420), -- 913
(797, 'deDE', 'Bo', NULL, NULL, NULL, 23420), -- 797
(74, 'deDE', 'Kurran Stähler', NULL, 'Tuch- & Lederrüstungshändler', NULL, 23420), -- 74
(54, 'deDE', 'Corina Stähler', NULL, 'Waffenschmiedin', NULL, 23420), -- 54
(47384, 'deDE', 'Lien Farner', NULL, 'Berufsausbilder', NULL, 23420), -- 47384
(241, 'deDE', 'Remy "Zweifach"', NULL, NULL, NULL, 23420), -- 241
(66, 'deDE', 'Tharynn Bouden', NULL, 'Handwerkswaren', NULL, 23420), -- 66
(796, 'deDE', 'Joshua', NULL, NULL, NULL, 23420), -- 796
(795, 'deDE', 'Mark', NULL, NULL, NULL, 23420), -- 795
(2046, 'deDE', 'Andrew Krighton', NULL, 'Rüstungsschmied & Schildmacher', NULL, 23420), -- 2046
(514, 'deDE', 'Schmied Argus', NULL, 'Schmiedekunstlehrer', NULL, 23420), -- 514
(240, 'deDE', 'Marschall Dughan', NULL, NULL, NULL, 23420), -- 240
(11940, 'deDE', 'Merissa Stillbrunn', NULL, NULL, NULL, 23420), -- 11940
(42983, 'deDE', 'Bartlett der Tapfere', NULL, 'Greifenmeister', NULL, 23420), -- 42983
(620, 'deDE', 'Huhn', NULL, NULL, NULL, 23420), -- 620
(5406, 'deDE', 'Palomino', NULL, NULL, NULL, 23420), -- 5406
(6749, 'deDE', 'Erma', NULL, 'Stallmeisterin', NULL, 23420), -- 6749
(377, 'deDE', 'Priesterin Josetta', NULL, 'Priesterlehrerin', NULL, 23420), -- 377
(253, 'deDE', 'William Pestle', NULL, NULL, NULL, 23420), -- 253
(6778, 'deDE', 'Melika Isenlauf', NULL, 'Gastwirtsgehilfin', NULL, 23420), -- 6778
(328, 'deDE', 'Zaldimar Wefhellt', NULL, 'Magierlehrer', NULL, 23420), -- 328
(6121, 'deDE', 'Remen Marcot', NULL, NULL, NULL, 23420), -- 6121
(906, 'deDE', 'Maximillian Raab', NULL, 'Hexenmeisterlehrer', NULL, 23420), -- 906
(917, 'deDE', 'Keryn Sylvius', NULL, 'Schurkenlehrerin', NULL, 23420), -- 917
(151, 'deDE', 'Brog Grobschlacht', NULL, 'Gemischtwaren', NULL, 23420), -- 151
(2329, 'deDE', 'Michelle Belle', NULL, 'Lehrerin für Erste Hilfe', NULL, 23420), -- 2329
(295, 'deDE', 'Gastwirt Farley', NULL, 'Gastwirt', NULL, 23420), -- 295
(6374, 'deDE', 'Cylina Dunkelseel', NULL, 'Dämonenausbilderin', NULL, 23420), -- 6374
(3935, 'deDE', 'Toddrick', NULL, 'Metzger', NULL, 23420), -- 3935
(1430, 'deDE', 'Tomas', NULL, 'Kochkunstlehrer', NULL, 23420), -- 1430
(465, 'deDE', 'Barkeeper Dobbins', NULL, 'Schankkellner', NULL, 23420), -- 465
(71938, 'deDE', 'Lunk', NULL, NULL, NULL, 23420), -- 71938
(71261, 'deDE', 'Wippe', NULL, NULL, 'vehichleCursor', 23420), -- 71261
(735, 'deDE', 'Murlocbachläufer', NULL, NULL, NULL, 23420), -- 735
(68, 'deDE', 'Stadtwache von Sturmwind', NULL, NULL, 'Directions', 23420), -- 68
(794, 'deDE', 'Matt', NULL, NULL, NULL, 23420), -- 794
(30, 'deDE', 'Waldspinne', NULL, NULL, NULL, 23420), -- 30
(1651, 'deDE', 'Lee Braun', NULL, 'Angellehrer', NULL, 23420), -- 1651
(6306, 'deDE', 'Helene Pelzschneider', NULL, 'Kürschnerlehrerin', NULL, 23420), -- 6306
(383, 'deDE', 'Jason Mathers', NULL, 'Fischhändler', NULL, 23420), -- 383
(1632, 'deDE', 'Adele Fädler', NULL, 'Lederverarbeitungslehrerin', NULL, 23420), -- 1632
(13321, 'deDE', 'Kleiner Frosch', NULL, NULL, NULL, 23420), -- 13321
(61165, 'deDE', 'Rehkitz', NULL, NULL, 'wildpetcapturable', 23420), -- Cervato
(1412, 'deDE', 'Eichhörnchen', NULL, NULL, NULL, 23420), -- 1412
(525, 'deDE', 'Räudiger Wolf', NULL, NULL, NULL, 23420), -- 525
(61081, 'deDE', 'Eichhörnchen', NULL, NULL, 'wildpetcapturable', 23420), -- Ardilla
(299, 'deDE', 'Junger Wolf', NULL, NULL, NULL, 23420),
(66163, 'deDE', 'Katze', NULL, NULL, NULL, 23420), -- 66163
(7382, 'deDE', 'Orangefarbene Tigerkatze', NULL, NULL, NULL, 23420), -- Atigrado naranja
(7381, 'deDE', 'Silberne Tigerkatze', NULL, NULL, NULL, 23420), -- Atigrado plateado
(6367, 'deDE', 'Donni Anthania', NULL, 'Verrückte Katzenfrau', NULL, 23420), -- 6367
(2442, 'deDE', 'Kuh', NULL, NULL, NULL, 23420), -- 2442
(7385, 'deDE', 'Bombaykatze', NULL, NULL, NULL, 23420), -- Gato bombay
(6368, 'deDE', 'Katze', NULL, NULL, NULL, 23420), -- 6368
(1423, 'deDE', 'Wache von Sturmwind', 'Wache von Sturmwind', NULL, 'Directions', 23420), -- 1423
(94, 'deDE', 'Taschendieb', 'Taschendiebin', NULL, NULL, 23420), -- 94
(1933, 'deDE', 'Schaf', NULL, NULL, NULL, 23420), -- 1933
(43, 'deDE', 'Minenspinne', NULL, NULL, NULL, 23420), -- 43
(49540, 'deDE', 'Ratte von Sturmwind', NULL, NULL, NULL, 23420), -- 49540
(14881, 'deDE', 'Spinne', NULL, NULL, NULL, 23420), -- 14881
(40, 'deDE', 'Koboldminenarbeiter', NULL, NULL, NULL, 23420), -- 40
(61071, 'deDE', 'Kleiner Frosch', NULL, NULL, 'wildpetcapturable', 23420), -- Rana pequeña
(61080, 'deDE', 'Kaninchen', NULL, NULL, 'wildpetcapturable', 23420), -- Conejo
(42938, 'deDE', 'Kurtok der Schlächter', NULL, NULL, NULL, 23420), -- 42938
(42937, 'deDE', 'Eindringling des Schwarzfels', 'Eindringling des Schwarzfels', NULL, NULL, 23420), -- 42937
(62, 'deDE', 'Gug Fettkerze', NULL, NULL, NULL, 23420), -- 62
(42940, 'deDE', 'Northshire Vineyards Fire Trigger', NULL, NULL, NULL, 23420), -- 42940
(11260, 'deDE', 'Arbeiter von Nordhain', NULL, NULL, NULL, 23420), -- 11260
(50039, 'deDE', 'Goblinischer Auftragsmörder', 'Goblinische Auftragsmörderin', NULL, NULL, 23420), -- 50039
(6774, 'deDE', 'Falkhaan Isenlauf', NULL, NULL, NULL, 23420), -- 6774
(1642, 'deDE', 'Wache von Nordhain', NULL, NULL, NULL, 23420), -- 1642
(890, 'deDE', 'Rehkitz', NULL, NULL, NULL, 23420), -- 890
(883, 'deDE', 'Reh', NULL, NULL, NULL, 23420), -- 883
(50047, 'deDE', 'Verletzter Infanterist von Sturmwind', NULL, NULL, 'SkinAlliance', 23420), -- 50047
(50378, 'deDE', 'Injured Stormwind Infantry Dummy', NULL, NULL, 'SkinAlliance', 23420), -- 50378
(89715, 'deDE', 'Franklin Martin', NULL, 'Transporter', NULL, 23420), -- 89715
(951, 'deDE', 'Bruder Paxton', NULL, NULL, NULL, 23420), -- 951
(42944, 'deDE', 'Hose Anchor', NULL, NULL, NULL, 23420), -- 42944
(915, 'deDE', 'Jorik Kerridan', NULL, 'Schurkenlehrer', NULL, 23420), -- 915
(823, 'deDE', 'Unteroffizier Willem', NULL, NULL, NULL, 23420), -- 823
(375, 'deDE', 'Priesterin Anetta', NULL, 'Priesterlehrerin', NULL, 23420), -- 375
(198, 'deDE', 'Khelden Bremen', NULL, 'Magierlehrer', NULL, 23420), -- 198
(925, 'deDE', 'Bruder Sammuel', NULL, 'Paladinlehrer', NULL, 23420), -- 925
(63258, 'deDE', 'Bao', NULL, 'Mönchslehrer', NULL, 23420), -- 63258
(911, 'deDE', 'Llane Beshere', NULL, 'Kriegerlehrer', NULL, 23420), -- 911
(24110, 'deDE', 'ELM General Purpose Bunny Large', NULL, NULL, NULL, 23420), -- 24110
(12922, 'deDE', 'Wichteldiener', NULL, NULL, NULL, 23420), -- 12922
(6373, 'deDE', 'Dane Winsloe', NULL, 'Dämonenausbilder', NULL, 23420), -- 6373
(459, 'deDE', 'Drusilla La Salle', NULL, 'Hexenmeisterlehrerin', NULL, 23420), -- 459
(952, 'deDE', 'Bruder Neals', NULL, NULL, NULL, 23420), -- 952
(49874, 'deDE', 'Spion des Schwarzfels', 'Spionin des Schwarzfels', NULL, NULL, 23420), -- 49874
(196, 'deDE', 'Eagan Pelzschneider', NULL, NULL, NULL, 23420), -- 196
(44548, 'deDE', 'Trainingsattrappe', NULL, NULL, NULL, 23420), -- 44548
(49871, 'deDE', 'Worg des Schwarzfelsklans', NULL, NULL, NULL, 23420), -- 49871
(49869, 'deDE', 'Infanterist von Sturmwind', NULL, NULL, NULL, 23420), -- 49869
(5403, 'deDE', 'Reitbarer Schimmel', NULL, NULL, NULL, 23420), -- 5403
(44564, 'deDE', 'Verwundeter Lehrling', 'Verwundeter Lehrling', NULL, NULL, 23420), -- 44564
(78, 'deDE', 'Janos Knöchelhammer', NULL, 'Waffenschmied', NULL, 23420), -- 78
(190, 'deDE', 'Dermot Johns', NULL, 'Tuch- & Lederrüstungshändler', NULL, 23420), -- 190
(152, 'deDE', 'Bruder Danil', NULL, 'Gemischtwaren', NULL, 23420), -- 152
(71486, 'deDE', 'Pegasus', NULL, NULL, NULL, 23420), -- 71486
(63766, 'deDE', 'Donnernde Jadewolkenschlange', NULL, NULL, NULL, 23420), -- 63766
(61809, 'deDE', 'Grüne Drachenschildkröte', NULL, NULL, NULL, 23420), -- 61809
(48632, 'deDE', 'Goldkönig', NULL, NULL, NULL, 23420), -- 48632
(45338, 'deDE', 'Fossiler Raptor', NULL, NULL, NULL, 23420), -- 45338
(40725, 'deDE', 'X-53 Reiserakete', NULL, NULL, 'vehichleCursor', 23420), -- 40725
(34187, 'deDE', 'Meeresschildkröte', NULL, NULL, NULL, 23420), -- 34187
(32633, 'deDE', 'Tundramammut des Reisenden', NULL, NULL, 'vehichleCursor', 23420), -- 32633
(32335, 'deDE', 'Gepanzerter weißer Greif', NULL, NULL, NULL, 23420), -- Grifo nevado acorazado
(32206, 'deDE', 'Gepanzerter Braunbär', NULL, NULL, NULL, 23420), -- 32206
(31717, 'deDE', 'Bronzefarbener Reitdrache', NULL, NULL, 'vehichleCursor', 23420), -- 31717
(24653, 'deDE', 'Flugmaschine', NULL, NULL, NULL, 23420), -- 24653
(18362, 'deDE', 'Schneller purpurfarbener Greif', NULL, NULL, NULL, 23420), -- 18362
(18375, 'deDE', 'Schneller grüner Greif', NULL, NULL, NULL, 23420), -- 18375
(18376, 'deDE', 'Schneller roter Greif', NULL, NULL, NULL, 23420), -- 18376
(18406, 'deDE', 'Schneller blauer Greif', NULL, NULL, NULL, 23420), -- 18406
(18359, 'deDE', 'Weißer Greif', NULL, NULL, NULL, 23420), -- 18359
(18357, 'deDE', 'Schwarzer Greif', NULL, NULL, NULL, 23420), -- 18357
(29929, 'deDE', 'Feuerstuhl', NULL, NULL, 'vehichleCursor', 23420), -- 29929
(32203, 'deDE', 'Schwarzer Kriegsbär', NULL, NULL, NULL, 23420), -- 32203
(18360, 'deDE', 'Goldener Greif', NULL, NULL, NULL, 23420), -- 18360
(721, 'deDE', 'Kaninchen', NULL, NULL, NULL, 23420), -- Conejo
(1213, 'deDE', 'Godric Rothgar', NULL, 'Rüstungsschmied & Schildmacher', NULL, 23420), -- 1213
(50918, 'deDE', 'Yelper', NULL, NULL, NULL, 23420), -- 50918
(42216, 'deDE', 'Armeeregistrator von Sturmwind', 'Armeeregistratorin von Sturmwind', NULL, NULL, 23420), -- 42216
(43291, 'deDE', 'Wilson', NULL, NULL, NULL, 23420), -- 43291
(43278, 'deDE', 'Ashley Blank', NULL, 'Jägerlehrerin', NULL, 23420), -- 43278
(43292, 'deDE', 'Adele', NULL, NULL, NULL, 23420), -- 43292
(9296, 'deDE', 'Milly Geltmark', NULL, NULL, NULL, 23420), -- 9296
(42218, 'deDE', 'Königswache von Sturmwind', NULL, NULL, NULL, 23420), -- 42218
(197, 'deDE', 'Marschall McBride', NULL, NULL, NULL, 23420); -- 197



INSERT IGNORE INTO `gossip_menu_option` (`menu_id`, `id`, `option_icon`, `option_text`, `OptionBroadcastTextID`, `action_poi_id`, `box_coded`, `box_money`, `box_text`, `BoxBroadcastTextID`) VALUES
(704, 0, 2, 'Ich brauche einen Flug.', 0, 0, 0, 0, '', 0),
(2744, 0, 3, 'Bildet mich aus.', 0, 0, 0, 0, '', 0),
(14400, 1, 1, 'Wollt Ihr Eure Kampfsteine eintauschen?', 0, 0, 0, 0, '', 0),
(14400, 0, 3, 'Möchtet Ihr einige seltene Begleiter fangen?', 0, 0, 0, 0, '', 0),
(9821, 2, 0, 'Ich würde gern meine Kampfhaustiere heilen und wiederbeleben.', 0, 0, 0, 1000, 'Es wird eine kleine Gebühr für die medizinische Hilfe erhoben.', 0),
(9821, 1, 1, 'Ich suche nach einem verlorenen Gefährten.', 0, 0, 0, 0, '', 0),
(689, 0, 1, 'Ich sehe mich nur mal um.', 0, 0, 0, 0, '', 0),
(688, 0, 1, 'Ich sehe mich nur mal um.', 0, 0, 0, 0, '', 0),
(12759, 0, 1, 'Zeigt mir Eure Waren.', 0, 0, 0, 0, '', 0),
(342, 1, 1, 'Ich möchte ein wenig in Euren Waren stöbern.', 0, 0, 0, 0, '', 0),
(342, 0, 5, 'Ich möchte dieses Gasthaus zu meinem Heimatort machen.', 0, 0, 0, 0, '', 0),
(12189, 16, 0, 'Erzählt mir etwas über Produktionsberufe.', 0, 0, 0, 0, '', 0),
(12189, 15, 0, 'Erzählt mir etwas über Sammelberufe.', 0, 0, 0, 0, '', 0),
(12189, 14, 0, 'Erzählt mir mehr über die Juwelierskunst.', 0, 0, 0, 0, '', 0),
(12189, 13, 0, 'Erzählt mir mehr über die Ingenieurskunst.', 0, 0, 0, 0, '', 0),
(12189, 12, 0, 'Erzählt mir mehr über die Schmiedekunst.', 0, 0, 0, 0, '', 0),
(12189, 11, 3, 'Unterrichtet mich in Bergbau.', 0, 0, 0, 0, '', 0),
(12189, 4, 3, 'Unterrichtet mich in Kräuterkunde.', 0, 0, 0, 0, '', 0),
(12192, 14, 0, 'Erzählt mir etwas über Produktionsberufe.', 0, 0, 0, 0, '', 0),
(12192, 13, 0, 'Erzählt mir etwas über Sammelberufe.', 0, 0, 0, 0, '', 0),
(12192, 12, 0, 'Erzählt mir mehr über Bergbau.', 0, 0, 0, 0, '', 0),
(12192, 11, 3, 'Unterrichtet mich in der Schmiedekunst.', 0, 0, 0, 0, '', 0),
(12192, 4, 3, 'Unterrichtet mich in Kräuterkunde.', 0, 0, 0, 0, '', 0),
(12185, 14, 0, 'Erzählt mir etwas über Produktionsberufe.', 0, 0, 0, 0, '', 0),
(12185, 13, 0, 'Erzählt mir mehr über das Kürschnern.', 0, 0, 0, 0, '', 0),
(12185, 12, 0, 'Erzählt mir mehr über Bergbau.', 0, 0, 0, 0, '', 0),
(12185, 11, 0, 'Erzählt mir mehr über Kräuterkunde.', 0, 0, 0, 0, '', 0),
(12185, 4, 3, 'Unterrichtet mich in Kräuterkunde.', 0, 0, 0, 0, '', 0),
(12186, 19, 0, 'Erzählt mir etwas über Sammelberufe.', 0, 0, 0, 0, '', 0),
(12186, 18, 0, 'Erzählt mir mehr über das Schneidern.', 0, 0, 0, 0, '', 0),
(12186, 17, 0, 'Erzählt mir mehr über Lederverarbeitung.', 0, 0, 0, 0, '', 0),
(12186, 16, 0, 'Erzählt mir mehr über die Juwelierskunst.', 0, 0, 0, 0, '', 0),
(12186, 15, 0, 'Erzählt mir mehr über die Inschriftenkunde.', 0, 0, 0, 0, '', 0),
(12186, 14, 0, 'Erzählt mir mehr über die Ingenieurskunst.', 0, 0, 0, 0, '', 0),
(12186, 13, 0, 'Erzählt mir mehr über die Verzauberkunst.', 0, 0, 0, 0, '', 0),
(12186, 12, 0, 'Erzählt mir mehr über die Schmiedekunst.', 0, 0, 0, 0, '', 0),
(12186, 11, 0, 'Erzählt mir mehr über Alchemie.', 0, 0, 0, 0, '', 0),
(12186, 4, 3, 'Unterrichtet mich in Kräuterkunde.', 0, 0, 0, 0, '', 0),
(12180, 12, 0, 'Erzählt mir etwas über Produktionsberufe.', 0, 0, 0, 0, '', 0),
(12180, 11, 0, 'Erzählt mir etwas über Sammelberufe.', 0, 0, 0, 0, '', 0),
(12180, 4, 3, 'Unterrichtet mich in Kräuterkunde.', 0, 0, 0, 0, '', 0),
(12188, 15, 0, 'Erzählt mir etwas über Produktionsberufe.', 0, 0, 0, 0, '', 0),
(12188, 14, 0, 'Erzählt mir etwas über Sammelberufe.', 0, 0, 0, 0, '', 0),
(12188, 13, 0, 'Erzählt mir mehr über die Inschriftenkunde.', 0, 0, 0, 0, '', 0),
(12188, 12, 0, 'Erzählt mir mehr über Alchemie.', 0, 0, 0, 0, '', 0),
(12188, 11, 3, 'Unterrichtet mich in Kräuterkunde.', 0, 0, 0, 0, '', 0),
(1291, 2, 1, 'Ich sehe mich nur mal um.', 0, 0, 0, 0, '', 0),
(1291, 1, 5, 'Ich möchte dieses Gasthaus zu meinem Heimatort machen.', 0, 0, 0, 0, '', 0),
(1291, 0, 0, 'Was kann ich in einem Gasthaus tun?', 0, 0, 0, 0, '', 0),
(3506, 6, 0, 'Berufsausbilder', 0, 0, 0, 0, '', 0),
(3506, 5, 0, 'Klassenausbilder', 0, 0, 0, 0, '', 0),
(3506, 4, 0, 'Stallmeister', 0, 0, 0, 0, '', 0),
(3506, 3, 0, 'Gasthaus', 0, 0, 0, 0, '', 0),
(3506, 2, 0, 'Gildenmeister & -händler', 0, 0, 0, 0, '', 0),
(3506, 1, 0, 'Greifenmeister', 0, 0, 0, 0, '', 0),
(3506, 0, 0, 'Bank', 0, 0, 0, 0, '', 0),
(3519, 8, 0, 'Krieger', 0, 0, 0, 0, '', 0),
(3519, 7, 0, 'Hexenmeister', 0, 0, 0, 0, '', 0),
(3519, 6, 0, 'Schamane', 0, 0, 0, 0, '', 0),
(3519, 5, 0, 'Schurke', 0, 0, 0, 0, '', 0),
(3519, 4, 0, 'Priester', 0, 0, 0, 0, '', 0),
(3519, 3, 0, 'Paladin', 0, 0, 0, 0, '', 0),
(3519, 2, 0, 'Magier', 0, 0, 0, 0, '', 0),
(3519, 1, 0, 'Jäger', 0, 0, 0, 0, '', 0),
(3519, 0, 0, 'Druide', 0, 0, 0, 0, '', 0),
(4172, 0, 3, 'Bildet mich aus.', 0, 0, 0, 0, '', 0),
(5665, 0, 3, 'Bildet mich aus.', 0, 0, 0, 0, '', 0);


-- unknown broadcasttextid
INSERT IGNORE INTO `creature_text` (`entry`, `groupid`, `id`, `text`, `type`, `language`, `probability`, `emote`, `duration`, `sound`, `BroadcastTextId`, `comment`) VALUES
(40, 0, 0, 'Du nicht nehmen Kerze!', 12, 0, 100, 0, 0, 0, 0, 'Koboldminenarbeiter to Player'),
(97, 0, 0, 'Grrr... Frischfleisch!', 12, 0, 100, 0, 0, 0, 0, 'Wicht der Flusspfoten to Player'),
(97, 1, 0, '%s versucht zu flüchten!', 16, 0, 100, 0, 0, 0, 0, 'Wicht der Flusspfoten'),
(116, 0, 0, 'Keiner verlässt diesen Ort lebend!', 12, 0, 100, 0, 0, 0, 0, 'Banditin to Player'),
(251, 0, 0, 'Das geht runter wie Nichts...', 12, 0, 100, 0, 0, 0, 0, 'Maybell Maclure to Player'),
(253, 0, 0, 'Das dürfte nicht lange dauern...', 12, 0, 100, 0, 0, 0, 0, 'William Pestle to Player'),
(253, 1, 0, 'Der Unsichtbarkeitsschnaps steht für Euch bereit, $n.', 12, 0, 100, 0, 0, 0, 0, 'William Pestle to Player'),
(448, 0, 0, 'Huch! Helft Hogger!', 14, 0, 100, 0, 0, 0, 0, 'Hogger'),
(448, 1, 0, 'Hogger nicht wehtun!', 14, 0, 100, 0, 0, 0, 0, 'Hogger'),
(474, 0, 0, 'Geld oder Leben!', 12, 0, 100, 0, 0, 0, 0, 'Abtrünniger Hexer to Player'),
(474, 1, 0, 'Das Schicksal hat Euch zu mir geführt!', 12, 0, 100, 0, 0, 0, 0, 'Abtrünnige Hexerin to Player'),
(951, 0, 0, 'MÖGE DAS LICHT EUCH ERNEUERN!', 12, 0, 100, 0, 0, 0, 0, 'Bruder Paxton to Infanterist von Sturmwind'),
(951, 1, 0, 'KÄMPFT WEITER, $GBRUDER:SCHWESTER;!', 12, 0, 100, 0, 0, 0, 0, 'Bruder Paxton to Infanterist von Sturmwind'),
(1301, 0, 0, 'Willkommen.', 12, 7, 100, 3, 0, 0, 0, 'Julia Gallina to Player'),
(1333, 0, 0, 'Seid gegrüßt.', 12, 7, 100, 3, 0, 0, 0, 'Gerik Koen to Player'),
(1428, 0, 0, 'Corbett, seid Ihr da? Harlan benötigt noch eine Ladung Strickwaren. Könnt Ihr sie ihm bringen?', 12, 7, 100, 0, 0, 0, 0, 'Rema Schneider to Player'),
(1433, 0, 0, 'Es war mir ein Vergnügen, Zuckerschnute. Ich bin bald zurück...', 12, 7, 100, 0, 0, 0, 0, 'Corbett Schneider to Player'),
(3518, 0, 0, 'Frisch gebackenes Brot zu verkaufen!', 12, 7, 100, 0, 0, 0, 0, 'Thomas Müller to Ereignisgenerator 001'),
(3520, 0, 0, 'Als ob ich auf meine alten Tage nichts Besseres zu tun hätte, als Wassereimer zu schleppen.', 12, 7, 100, 0, 0, 0, 0, 'Alte Emma to Ereignisgenerator 001'),
(3627, 0, 0, 'Kostenlose Getränke im Blauen Eremiten!', 12, 7, 100, 0, 0, 0, 0, 'Erich Lohan'),
(10616, 0, 0, 'Wir müssen noch unser Pensum an Holz schaffen. Also wieder an die Arbeit mit Euch.', 12, 7, 100, 0, 0, 0, 0, 'Vorsteherin Raelen to Arbeiter des Osttals'),
(42309, 0, 0, 'Ein Blutbad, Leutnant. Sie sind ermordet worden.', 12, 7, 100, 1, 0, 0, 0, 'Ermittler von Sturmwind to Player'),
(42309, 1, 0, 'Nach der Körpertemperatur würde ich sagen, sie sind noch keine 6 Stunden tot.', 12, 7, 100, 0, 0, 0, 0, 'Ermittler von Sturmwind to Player'),
(42309, 2, 0, 'Eine Schande, was sie Graumähne angetan haben...', 12, 7, 100, 0, 0, 0, 0, 'Ermittler von Sturmwind to Player'),
(42937, 0, 0, 'Schwarzfels erobert Wald!', 12, 0, 100, 71, 0, 0, 0, 'Eindringling des Schwarzfels to Player'),
(42937, 1, 0, 'Orc TÖTEN $R!', 12, 0, 100, 0, 0, 0, 0, 'Eindringling des Schwarzfels to Player'),
(44773, 0, 0, 'Großartig!', 12, 7, 100, 0, 0, 0, 0, 'Anastasia to Genevieve'),
(49869, 0, 0, 'Ich brauche Heilung!', 12, 0, 100, 0, 0, 0, 0, 'Infanterist von Sturmwind'),
(49869, 1, 0, 'Ich könnte etwas Heilung gebrauchen, Bruder!', 12, 0, 100, 0, 0, 0, 0, 'Infanterist von Sturmwind'),
(49869, 2, 0, 'Macht Euch nützlich und heilt mich, Paxton!', 12, 0, 100, 0, 0, 0, 0, 'Infanterist von Sturmwind'),
(49869, 3, 0, 'HILFE!', 12, 0, 100, 0, 0, 0, 0, 'Infanterist von Sturmwind'),
(50039, 0, 0, 'Wir töten jeden für den richtigen Preis!', 12, 0, 100, 0, 0, 0, 0, 'Goblinischer Auftragsmörder to Player'),
(50039, 1, 0, 'STERBT!!!', 12, 0, 100, 0, 0, 0, 0, 'Goblinische Auftragsmörderin to Player'),
(64330, 0, 0, 'Meint Ihr, Ihr könnt es mit mir aufnehmen? Die meisten Mädchen mögen keine Schlangen, ich aber finde sie süß!', 12, 0, 100, 0, 0, 0, 0, 'Julia Stevens to Player'),
(65153, 0, 0, 'Zügelt Eure Klinge, Abenteurer!', 14, 0, 100, 0, 0, 0, 0, 'General Hammond Clay to Hogger');

INSERT IGNORE INTO `creature_template` (`entry`, `KillCredit1`, `KillCredit2`, `modelid1`, `modelid2`, `modelid3`, `modelid4`, `name`, `femaleName`, `subname`, `IconName`, `HealthScalingExpansion`, `RequiredExpansion`, `VignetteID`, `rank`, `family`, `type`, `type_flags`, `type_flags2`, `HealthModifier`, `ManaModifier`, `RacialLeader`, `movementId`, `VerifiedBuild`) VALUES
(42384, 42625, 0, 32817, 32818, 32819, 32820, 'Obdachloser Bürger von Sturmwind', NULL, NULL, NULL, 0, 0, 0, 0, 0, 7, 0, 0, 1, 1, 0, 0, 23420), -- 42384
(6271, 0, 0, 4959, 4960, 0, 0, 'Maus', NULL, NULL, NULL, 0, 0, 0, 0, 0, 8, 0, 0, 0.2, 1, 0, 100, 23420), -- 6271
(61160, 0, 0, 41886, 0, 0, 0, 'Winziger Ernter', NULL, NULL, 'wildpetcapturable', 4, 0, 0, 0, 0, 14, 0, 0, 0.01, 1, 0, 100, 23420), -- Cosechador pequeño
(42309, 0, 0, 32775, 32776, 0, 0, 'Ermittler von Sturmwind', NULL, NULL, NULL, 0, 0, 0, 0, 0, 7, 0, 0, 2, 1, 0, 0, 23420), -- 42309
(42308, 0, 0, 32774, 0, 0, 0, 'Leutnant Horatio Laine', NULL, NULL, NULL, 0, 0, 0, 1, 0, 7, 0, 0, 3, 1, 0, 0, 23420), -- 42308
(582, 0, 0, 236, 0, 0, 0, 'Graumähne', NULL, NULL, NULL, 0, 0, 0, 0, 0, 8, 0, 0, 1, 1, 0, 0, 23420), -- 582
(238, 0, 0, 1692, 0, 0, 0, 'Verna Brauenwirbel', NULL, NULL, NULL, 0, 0, 0, 0, 0, 7, 0, 0, 1, 1, 0, 0, 23420), -- 238
(237, 0, 0, 1944, 0, 0, 0, 'Bauer Brauenwirbel', NULL, NULL, NULL, 0, 0, 0, 0, 0, 7, 0, 0, 1, 1, 0, 0, 23420), -- 237
(42311, 0, 0, 23408, 0, 0, 0, 'Tatort-Alarm-o-Bot', NULL, NULL, NULL, 0, 0, 0, 0, 0, 7, 0, 0, 1, 1, 0, 0, 23420), -- 42311
(42386, 42625, 0, 32824, 32825, 32826, 32827, 'Obdachlose Bürgerin von Sturmwind', NULL, NULL, NULL, 0, 0, 0, 0, 0, 7, 0, 0, 1, 1, 0, 0, 23420), -- 42386
(42383, 42625, 0, 32816, 32821, 32822, 32823, 'Durchreisender', NULL, NULL, NULL, 0, 0, 0, 0, 0, 7, 0, 0, 1, 1, 0, 0, 23420), -- 42383
(42391, 42625, 0, 32837, 32838, 32839, 32840, 'Streuner der Westlichen Ebenen', 'Streunerin der Westlichen Ebenen', NULL, NULL, 0, 0, 0, 0, 0, 7, 0, 0, 1, 1, 0, 0, 23420), -- 42391
(454, 0, 0, 8871, 0, 0, 0, 'Junger Geiferzahn', NULL, NULL, NULL, 0, 0, 0, 0, 5, 1, 1, 0, 1, 1, 0, 0, 23420), -- 454
(834, 0, 0, 643, 0, 0, 0, 'Kojote', NULL, NULL, NULL, 0, 0, 0, 0, 1, 1, 1, 0, 1, 1, 0, 0, 23420), -- 834
(65661, 0, 0, 45555, 0, 0, 0, 'Feindschnitter 800', NULL, NULL, NULL, 0, 0, 0, 0, 0, 12, 0, 0, 1, 1, 0, 121, 23420), -- Siegaenemigos 800
(65660, 0, 0, 26184, 0, 0, 0, 'Gacksi', NULL, NULL, NULL, 0, 0, 0, 0, 0, 12, 0, 0, 1, 1, 0, 121, 23420), -- Clocló
(65659, 0, 0, 1418, 0, 0, 0, 'Klitze', NULL, NULL, NULL, 0, 0, 0, 0, 0, 12, 0, 0, 1, 1, 0, 121, 23420), -- Chiquitín
(65648, 0, 0, 44495, 0, 0, 0, 'Mac Donald', NULL, 'Meistertierzähmer', NULL, 0, 0, 0, 0, 0, 7, 0, 0, 1, 1, 0, 0, 23420), -- Viejo MacDonald
(99394, 0, 0, 66155, 0, 0, 0, 'Fauliger Wogling', NULL, NULL, NULL, 6, 0, 0, 0, 0, 12, 0, 0, 1, 1, 0, 0, 23420), -- Cabrilla fétida
(44016, 0, 0, 707, 0, 0, 0, 'Kohlepelzbär', NULL, NULL, NULL, 0, 0, 0, 0, 4, 1, 1, 0, 1, 1, 0, 0, 23420), -- 44016
(46943, 0, 0, 221, 3640, 344, 11873, 'Gassenkind', 'Gassenkind', NULL, NULL, 0, 0, 0, 0, 0, 7, 0, 0, 1, 1, 0, 0, 23420), -- 46943
(46940, 0, 0, 1484, 0, 0, 0, 'Maginor Dumas', NULL, 'Meistermagier', NULL, 0, 0, 0, 0, 0, 7, 0, 0, 1.35, 1, 0, 0, 23420), -- 46940
(46941, 0, 0, 5076, 0, 0, 0, 'Zaubermeister Andromath', NULL, NULL, NULL, 0, 0, 0, 0, 0, 7, 0, 0, 1.35, 1, 0, 0, 23420), -- 46941
(46932, 0, 0, 35352, 0, 0, 0, 'Diener von Hogger', NULL, NULL, NULL, 0, 0, 0, 0, 0, 7, 0, 0, 0.05, 1, 0, 0, 23420), -- 46932
(45979, 0, 0, 1126, 11686, 0, 0, 'General Purpose Bunny JMF', NULL, NULL, NULL, 3, 0, 0, 0, 0, 10, 1024, 0, 1, 1, 0, 0, 23420), -- 45979
(42259, 0, 0, 184, 0, 0, 0, 'Toter Dieb', NULL, NULL, NULL, 0, 0, 0, 0, 0, 7, 0, 0, 1, 1, 0, 100, 23420), -- 42259
(832, 0, 0, 32808, 0, 0, 0, 'Entfesselter Zyklon', NULL, NULL, NULL, 0, 0, 0, 0, 0, 4, 0, 0, 1, 1, 0, 0, 23420), -- 832
(51519, 0, 0, 3258, 0, 0, 0, 'Wache von Elwynn', NULL, NULL, NULL, -1, 0, 0, 0, 0, 7, 0, 0, 1.5, 1, 0, 0, 23420), -- 51519
(119, 0, 0, 381, 0, 0, 0, 'Langschnauze', NULL, NULL, NULL, 0, 0, 0, 0, 5, 1, 1, 0, 1, 1, 0, 0, 23420), -- 119
(448, 0, 0, 384, 0, 0, 0, 'Hogger', NULL, NULL, NULL, 0, 0, 0, 1, 0, 7, 0, 0, 3, 1, 0, 0, 23420), -- 448
(1645, 0, 0, 3336, 0, 0, 0, 'Rüstmeister Hicks', NULL, 'Waffenschmiedemeister', NULL, 0, 0, 0, 0, 0, 7, 0, 0, 1, 1, 0, 0, 23420), -- 1645
(1249, 0, 0, 3337, 0, 0, 0, 'Rüstmeister Hudson', NULL, 'Rüstungsschmied & Schildmacher', NULL, 0, 0, 0, 0, 0, 7, 0, 0, 1, 1, 0, 0, 23420), -- 1249
(896, 0, 0, 3339, 0, 0, 0, 'Veldan Leichtfuß', NULL, 'Lederrüstungshändler', NULL, 0, 0, 0, 0, 0, 7, 0, 0, 1, 1, 0, 0, 23420), -- 896
(963, 0, 0, 3279, 0, 0, 0, 'Stellvertreter Rainer', NULL, NULL, NULL, 0, 0, 0, 0, 0, 7, 0, 0, 1, 1, 0, 0, 23420), -- 963
(955, 0, 0, 3338, 0, 0, 0, 'Unteroffizier De Vries', NULL, 'Vertrauensoffizier', NULL, 0, 0, 0, 0, 0, 7, 0, 0, 1, 1, 0, 0, 23420), -- 955
(50926, 0, 0, 70199, 0, 0, 0, 'Der graue Ben', NULL, NULL, NULL, 0, 0, 0, 4, 4, 1, 1, 0, 1.5, 1, 0, 0, 23420), -- 50926
(11979, 0, 0, 11929, 0, 0, 0, 'Kim Bridenbecker', NULL, NULL, NULL, 0, 0, 0, 0, 0, 7, 0, 0, 1.02, 1, 0, 0, 23420), -- 11979
(111421, 0, 0, 71826, 0, 0, 0, 'Lauerndes Eulenkätzchen', NULL, NULL, NULL, 6, 0, 0, 0, 0, 12, 0, 0, 1, 1, 0, 0, 23420), -- Buhogatito acechante
(50528, 0, 0, 36819, 0, 0, 0, 'Samantha Cleland', NULL, NULL, NULL, 0, 0, 0, 0, 0, 7, 4096, 0, 1, 1, 0, 0, 23420), -- 50528
(50527, 0, 0, 36818, 0, 0, 0, 'Johanna Jolly', NULL, NULL, NULL, 0, 0, 0, 0, 0, 7, 4096, 0, 1, 1, 0, 0, 23420), -- 50527
(50526, 0, 0, 36817, 0, 0, 0, 'Jan Jolly', NULL, NULL, NULL, 0, 0, 0, 0, 0, 7, 4096, 0, 1, 1, 0, 0, 23420), -- 50526
(99, 0, 0, 3320, 0, 0, 0, 'Morgaine die Verschlagene', NULL, NULL, NULL, 0, 0, 0, 4, 0, 7, 0, 0, 1.5, 1, 0, 0, 23420), -- 99
(417, 0, 0, 850, 0, 0, 0, 'Teufelsjäger', NULL, NULL, NULL, 4, 0, 0, 0, 15, 3, 262144, 1, 1, 2, 0, 121, 23420), -- Manáfago
(53527, 0, 0, 2148, 0, 0, 0, 'Gefangener', NULL, NULL, NULL, 0, 0, 0, 1, 0, 7, 0, 0, 3, 1, 0, 0, 23420), -- 53527
(44236, 0, 0, 33740, 0, 0, 0, 'Myrla Steinrund', NULL, 'Bardame', NULL, 0, 0, 0, 0, 0, 7, 0, 0, 1, 1, 0, 0, 23420), -- 44236
(44235, 0, 0, 33738, 0, 0, 0, 'Thaegra Tillitstein', NULL, 'Gastwirtin', NULL, 0, 0, 0, 0, 0, 7, 0, 0, 1, 1, 0, 0, 23420), -- 44235
(11026, 0, 0, 10569, 0, 0, 0, 'Glimm Springspross', NULL, 'Ingenieurslehrling', NULL, 0, 0, 0, 0, 0, 7, 0, 0, 1.02, 1, 0, 0, 23420), -- 11026
(5519, 0, 0, 3315, 0, 0, 0, 'Billibub Zahnrad', NULL, 'Ingenieursbedarf', NULL, 0, 0, 0, 0, 0, 7, 0, 0, 1.05, 1, 0, 0, 23420), -- 5519
(5518, 0, 0, 3314, 0, 0, 0, 'Lilliam Spindelfunks', NULL, 'Lehrer für Ingenieurskunst', NULL, 0, 0, 0, 0, 0, 7, 0, 0, 1.1, 1, 0, 0, 23420), -- 5518
(14563, 0, 0, 14375, 0, 0, 0, 'Schneller roter Roboschreiter', NULL, NULL, NULL, 0, 0, 0, 0, 0, 9, 0, 0, 1, 1, 0, 140, 23420), -- 14563
(43842, 0, 0, 33529, 0, 0, 0, 'Auktionator Fitzgerald', NULL, NULL, NULL, -1, 0, 0, 0, 0, 7, 0, 0, 3, 1, 0, 0, 23420), -- 43842
(43841, 0, 0, 33528, 0, 0, 0, 'Auktionator Lauffer', NULL, NULL, NULL, -1, 0, 0, 0, 0, 7, 0, 0, 3, 1, 0, 0, 23420), -- 43841
(43695, 0, 0, 33471, 0, 0, 0, 'Auktionator Hesse', NULL, NULL, NULL, -1, 0, 0, 0, 0, 7, 0, 0, 3, 1, 0, 0, 23420), -- 43695
(45306, 0, 0, 34396, 0, 0, 0, 'Chefchirurgin Schnittflick', NULL, 'Priesterlehrerin', NULL, 0, 0, 0, 0, 0, 7, 0, 0, 1, 1, 0, 0, 23420), -- 45306
(6579, 0, 0, 5378, 0, 0, 0, 'Shoni die Schtille', NULL, NULL, NULL, 0, 0, 0, 0, 0, 7, 0, 0, 1, 1, 0, 0, 23420), -- 6579
(5509, 0, 0, 3305, 0, 0, 0, 'Kathrum Axthand', NULL, 'Axthändler', NULL, 0, 0, 0, 0, 0, 7, 0, 0, 1.05, 1, 0, 0, 23420), -- 5509
(1416, 0, 0, 4998, 0, 0, 0, 'Grimand Elmore', NULL, NULL, NULL, 0, 0, 0, 0, 0, 7, 0, 0, 1.25, 1, 0, 0, 23420), -- 1416
(7232, 0, 0, 6007, 0, 0, 0, 'Borgus Stahlhand', NULL, 'Schmiedekunstlehrer', NULL, 0, 0, 0, 0, 0, 7, 0, 0, 1.35, 1, 0, 0, 23420), -- 7232
(80069, 0, 0, 46544, 0, 0, 0, 'Riesige Kanalratte', NULL, NULL, NULL, 5, 0, 0, 0, 0, 1, 0, 0, 10, 1, 0, 0, 23420), -- 80069
(957, 0, 0, 3354, 0, 0, 0, 'Dane Lindgren', NULL, 'Schmiedekunstlehrling', NULL, 0, 0, 0, 0, 0, 7, 0, 0, 1.05, 1, 0, 0, 23420), -- 957
(5413, 0, 0, 4997, 0, 0, 0, 'Furen Langbart', NULL, NULL, NULL, 0, 0, 0, 0, 0, 7, 0, 0, 1.15, 1, 0, 0, 23420), -- 5413
(5511, 0, 0, 3307, 0, 0, 0, 'Therum Tiefenschmied', NULL, 'Schmiedekunstlehrer', NULL, 0, 0, 0, 0, 0, 7, 0, 0, 1.1, 1, 0, 0, 23420), -- 5511
(5384, 0, 0, 5079, 0, 0, 0, 'Brohann Fassbauch', NULL, 'Forscherliga', NULL, 0, 0, 0, 0, 0, 7, 0, 0, 1.15, 1, 0, 0, 23420), -- 5384
(7798, 0, 0, 6844, 0, 0, 0, 'Hank der Hammer', NULL, 'Der Mithrilorden', NULL, 0, 0, 0, 0, 0, 7, 0, 0, 1.25, 1, 0, 0, 23420), -- 7798
(5510, 0, 0, 3306, 0, 0, 0, 'Thulman Kieselbruch', NULL, 'Schusswaffenverkäufer', NULL, 0, 0, 0, 0, 0, 7, 0, 0, 1.05, 1, 0, 0, 23420), -- 5510
(29725, 0, 0, 26450, 0, 0, 0, 'Benik Bolzscher', NULL, 'Schlosser', NULL, 2, 0, 0, 0, 0, 7, 0, 0, 1, 1, 0, 0, 23420), -- 29725
(656, 0, 0, 2363, 0, 0, 0, 'Wilder Distelklette', NULL, NULL, NULL, 0, 0, 0, 0, 0, 7, 0, 0, 1, 1, 0, 0, 23420), -- 656
(5514, 0, 0, 3313, 0, 0, 0, 'Brooke Steinzopf', NULL, 'Bergbaubedarf', NULL, 0, 0, 0, 0, 0, 7, 0, 0, 1.05, 1, 0, 0, 23420), -- 5514
(5512, 0, 0, 3311, 0, 0, 0, 'Kaita Tiefenschmied', NULL, 'Schmiedekunstbedarf', NULL, 0, 0, 0, 0, 0, 7, 0, 0, 1.05, 1, 0, 0, 23420), -- 5512
(1472, 0, 0, 5570, 0, 0, 0, 'Morgg Sturmschuss', NULL, NULL, NULL, 0, 0, 0, 0, 0, 7, 0, 0, 1.3, 1, 0, 0, 23420), -- 1472
(5513, 0, 0, 3308, 0, 0, 0, 'Gelman Steinhand', NULL, 'Bergbaulehrer', NULL, 0, 0, 0, 0, 0, 7, 0, 0, 1.1, 1, 0, 0, 23420), -- 5513
(54218, 0, 0, 38688, 0, 0, 0, 'Daniel Kinsey', NULL, NULL, NULL, 0, 0, 0, 0, 0, 7, 4096, 0, 1, 1, 0, 0, 23420), -- 54218
(53991, 0, 0, 38596, 0, 0, 0, 'Quincy Messerschmied', NULL, 'Besitzer und Eigentümer', NULL, 0, 0, 0, 0, 0, 7, 4096, 0, 1, 1, 0, 0, 23420), -- 53991
(54215, 0, 0, 38686, 0, 0, 0, 'Lana Aschwin', NULL, NULL, NULL, 0, 0, 0, 0, 0, 7, 4096, 0, 1, 1, 0, 0, 23420), -- 54215
(10782, 0, 0, 10131, 0, 0, 0, 'Königlicher Disponent Bathrilor', NULL, 'Zählung von Sturmwind', NULL, 0, 0, 0, 0, 0, 7, 0, 0, 1.15, 1, 0, 0, 23420), -- 10782
(53641, 0, 0, 38422, 0, 0, 0, 'Allison Potts', NULL, 'Händlerin für Kettenrüstungen', NULL, 0, 0, 0, 0, 0, 7, 0, 0, 1.05, 1, 0, 0, 23420), -- 53641
(54216, 0, 0, 38685, 0, 0, 0, 'Warren Fulton', NULL, NULL, NULL, 0, 0, 0, 0, 0, 7, 4096, 0, 1, 1, 0, 0, 23420), -- 54216
(55684, 0, 0, 39184, 0, 0, 0, 'Jordan Smith', NULL, 'Schmiedekunstlehrer & -bedarf', NULL, 0, 0, 0, 0, 0, 7, 0, 0, 1, 1, 0, 0, 23420), -- 55684
(54219, 0, 0, 38684, 0, 0, 0, 'Sean Copeland', NULL, NULL, NULL, 0, 0, 0, 0, 0, 7, 4096, 0, 1, 1, 0, 0, 23420), -- 54219
(54217, 0, 0, 38687, 0, 0, 0, 'Daphne "Die Rose" Blueht', NULL, NULL, NULL, 0, 0, 0, 0, 0, 7, 4096, 0, 1, 1, 0, 0, 23420), -- 54217
(1646, 0, 0, 1357, 0, 0, 0, 'Baros Alexston', NULL, 'Stadtarchitekt', NULL, 0, 0, 0, 0, 0, 7, 0, 0, 1.05, 1, 0, 0, 23420), -- 1646
(54214, 0, 0, 38683, 0, 0, 0, 'Scott Keenan', NULL, NULL, NULL, 0, 0, 0, 0, 0, 7, 4096, 0, 1, 1, 0, 0, 23420), -- 54214
(1371, 0, 0, 262, 0, 0, 0, 'Roman', NULL, NULL, NULL, 0, 0, 0, 0, 0, 7, 0, 0, 1, 1, 0, 0, 23420), -- 1371
(1370, 0, 0, 338, 0, 0, 0, 'Brandon', NULL, NULL, NULL, 0, 0, 0, 0, 0, 7, 0, 0, 1, 1, 0, 0, 23420), -- 1370
(1368, 0, 0, 221, 0, 0, 0, 'Justin', NULL, NULL, NULL, 0, 0, 0, 0, 0, 7, 0, 0, 1, 1, 0, 0, 23420), -- 1368
(54117, 0, 0, 19091, 0, 0, 0, 'Vin', NULL, NULL, NULL, 0, 0, 0, 0, 0, 7, 0, 0, 1, 1, 0, 0, 23420), -- 54117
(54026, 0, 0, 38626, 0, 0, 0, 'Pünktchen', NULL, 'Vins Haustier', NULL, 0, 0, 0, 0, 52, 1, 0, 0, 1, 1, 0, 0, 23420), -- 54026
(53626, 0, 0, 38421, 252, 257, 344, 'Waisenkind aus Sturmwind', NULL, NULL, NULL, 0, 0, 0, 0, 0, 7, 0, 0, 1, 1, 0, 0, 23420), -- 53626
(14497, 0, 0, 8632, 0, 0, 0, 'Shellene', NULL, 'Waisenhausmatrone', NULL, 0, 0, 0, 0, 0, 7, 0, 0, 1, 1, 0, 0, 23420), -- 14497
(108180, 0, 0, 251, 0, 0, 0, 'Lukas Stockton', NULL, NULL, NULL, 0, 0, 0, 0, 0, 7, 0, 0, 1, 1, 0, 0, 23420), -- 108180
(14496, 0, 0, 221, 251, 262, 38420, 'Waisenkind aus Sturmwind', NULL, NULL, NULL, 0, 0, 0, 0, 0, 7, 0, 0, 1, 1, 0, 0, 23420), -- 14496
(14450, 0, 0, 14500, 0, 0, 0, 'Waisenmatrone Nachtigall', NULL, NULL, NULL, 0, 0, 0, 0, 0, 7, 0, 0, 1, 1, 0, 0, 23420), -- 14450
(1444, 0, 0, 5549, 0, 0, 0, 'Bruder Kristoff', NULL, NULL, NULL, 0, 0, 0, 0, 0, 7, 0, 0, 1.15, 1, 0, 0, 23420), -- 1444
(83890, 0, 0, 11686, 0, 0, 0, 'Gemälde', NULL, NULL, NULL, 0, 0, 0, 0, 0, 10, 1048576, 0, 1, 1, 0, 0, 23420), -- 83890
(83883, 0, 0, 5586, 0, 0, 0, 'Maunz', NULL, NULL, NULL, 0, 0, 0, 0, 0, 8, 0, 0, 1, 1, 0, 0, 23420), -- 83883
(83882, 0, 0, 5448, 0, 0, 0, 'Hirn', NULL, NULL, NULL, 0, 0, 0, 0, 0, 8, 0, 0, 1, 1, 0, 0, 23420), -- 83882
(83878, 0, 0, 58003, 0, 0, 0, 'Jennica Holzmann', NULL, NULL, NULL, 0, 0, 0, 0, 0, 7, 0, 0, 1, 1, 0, 0, 23420), -- 83878
(50432, 0, 0, 36790, 0, 0, 0, 'Deva Marie', NULL, NULL, NULL, 3, 0, 0, 0, 0, 7, 4096, 0, 1, 1, 0, 0, 23420), -- 50432
(50424, 0, 0, 36786, 0, 0, 0, 'Terran "Gerechtigkeit" Gregor', NULL, NULL, NULL, 3, 0, 0, 1, 0, 7, 4096, 0, 3, 1, 0, 0, 23420), -- 50424
(1349, 0, 0, 1500, 0, 0, 0, 'Agustus Moulaine', NULL, 'Händler für Kettenrüstungen', NULL, 0, 0, 0, 0, 0, 7, 0, 0, 1.05, 1, 0, 0, 23420), -- 1349
(1350, 0, 0, 1498, 0, 0, 0, 'Theresa Moulaine', NULL, 'Robenverkäuferin', NULL, 0, 0, 0, 0, 0, 7, 0, 0, 1.05, 1, 0, 0, 23420), -- 1350
(6093, 0, 0, 4947, 0, 0, 0, 'Stumpfzahn Jack', NULL, NULL, NULL, 0, 0, 0, 0, 0, 7, 0, 0, 1, 1, 0, 0, 23420), -- 6093
(51077, 0, 0, 30254, 0, 0, 0, 'Buschschwanz', NULL, NULL, NULL, 0, 0, 0, 4, 50, 1, 1, 0, 1.5, 1, 0, 0, 23420), -- 51077
(217, 0, 0, 955, 0, 0, 0, 'Giftweberspinne', NULL, NULL, NULL, 0, 0, 0, 0, 3, 1, 1, 0, 1, 1, 0, 0, 23420), -- 217
(50942, 0, 0, 1208, 0, 0, 0, 'Schnauz der Wühler', NULL, NULL, NULL, 0, 0, 0, 4, 5, 1, 1, 0, 1.5, 1, 0, 0, 23420), -- 50942
(881, 0, 0, 3321, 0, 0, 0, 'Surena Caledon', NULL, NULL, NULL, 0, 0, 0, 0, 0, 7, 0, 0, 1, 1, 0, 100, 23420), -- 881
(880, 0, 0, 3322, 0, 0, 0, 'Erlan Tragmehr', NULL, NULL, NULL, 0, 0, 0, 0, 0, 7, 0, 0, 1, 1, 0, 100, 23420), -- 880
(473, 0, 0, 2074, 0, 0, 0, 'Morgan der Sammler', NULL, NULL, NULL, 0, 0, 0, 0, 0, 7, 2147483648, 0, 2, 1, 0, 100, 23420), -- 473
(50916, 0, 0, 46543, 0, 0, 0, 'Hinkepfote der Winselnde', NULL, NULL, NULL, 0, 0, 0, 4, 1, 1, 1, 0, 1.5, 1, 0, 0, 23420), -- 50916
(472, 0, 0, 543, 0, 0, 0, 'Fedfennel', NULL, NULL, NULL, 0, 0, 0, 4, 0, 7, 0, 0, 1.5, 1, 0, 0, 23420), -- 472
(6172, 0, 0, 4886, 0, 0, 0, 'Henze Faulk', NULL, NULL, NULL, 0, 0, 0, 0, 0, 7, 0, 0, 1, 1, 0, 0, 23420), -- 6172
(471, 0, 0, 36505, 0, 0, 0, 'Giftzahnbrutmutter', NULL, NULL, NULL, 0, 0, 0, 4, 3, 1, 1, 0, 1.5, 1, 0, 100, 23420), -- 471
(476, 0, 0, 163, 0, 0, 0, 'Koboldgeomant', NULL, NULL, NULL, 0, 0, 0, 0, 0, 7, 0, 0, 1, 1, 0, 100, 23420), -- 476
(60, 0, 0, 2153, 0, 0, 0, 'Ruklar der Fallensteller', NULL, NULL, NULL, 0, 0, 0, 0, 0, 7, 0, 0, 1, 1, 0, 100, 23420), -- 60
(50752, 0, 0, 2537, 0, 0, 0, 'Tarantis', NULL, NULL, NULL, 0, 0, 0, 4, 3, 1, 1, 0, 1.5, 1, 0, 0, 23420), -- 50752
(17254, 0, 0, 37949, 0, 0, 0, 'Ash''ana', NULL, NULL, NULL, 0, 0, 0, 0, 0, 12, 0, 0, 1, 1, 0, 121, 23420), -- Ash'ana
(46, 0, 0, 441, 0, 0, 0, 'Murlocfutterwühler', NULL, NULL, NULL, 0, 0, 0, 0, 0, 7, 0, 0, 1, 1, 0, 100, 23420), -- 46
(732, 0, 0, 983, 0, 0, 0, 'Murloclauerer', NULL, NULL, NULL, 0, 0, 0, 0, 0, 7, 0, 0, 1, 1, 0, 100, 23420), -- 732
(62664, 0, 0, 304, 0, 0, 0, 'Huhn', NULL, NULL, 'wildpetcapturable', 0, 0, 0, 0, 0, 14, 0, 0, 0.01, 1, 0, 100, 23420), -- Pollo
(13159, 0, 0, 13091, 0, 0, 0, 'James Clark', NULL, NULL, NULL, 0, 0, 0, 0, 0, 7, 2147483648, 0, 2, 1, 0, 0, 23420), -- 13159
(12376, 0, 0, 2404, 0, 0, 0, 'Braunes Pferd', NULL, NULL, NULL, 0, 0, 0, 0, 0, 1, 0, 0, 1, 1, 0, 140, 23420), -- 12376
(12375, 0, 0, 2405, 0, 0, 0, 'Kastanienbraune Stute', NULL, NULL, NULL, 0, 0, 0, 0, 0, 1, 0, 0, 1, 1, 0, 140, 23420), -- 12375
(1975, 0, 0, 5034, 0, 0, 0, 'Holzfäller des Osttals', NULL, NULL, NULL, 0, 0, 0, 0, 0, 7, 0, 0, 1, 1, 0, 0, 23420), -- 1975
(1650, 0, 0, 5032, 0, 0, 0, 'Terry Palin', NULL, 'Holzfäller', NULL, 0, 0, 0, 0, 0, 7, 0, 0, 1, 1, 0, 0, 23420), -- 1650
(385, 0, 0, 229, 0, 0, 0, 'Pferd', NULL, NULL, NULL, 0, 0, 0, 0, 0, 8, 0, 0, 1, 1, 0, 100, 23420), -- 385
(50413, 0, 0, 31174, 0, 0, 0, 'Mr. Wuffi', NULL, NULL, NULL, 0, 0, 0, 0, 0, 1, 0, 0, 1, 1, 0, 0, 23420), -- 50413
(50412, 0, 0, 257, 0, 0, 0, 'Kaitlin', NULL, NULL, NULL, 0, 0, 0, 0, 0, 7, 0, 0, 1, 1, 0, 0, 23420), -- 50412
(43000, 0, 0, 33169, 0, 0, 0, 'Goss der Flinke', NULL, 'Greifenmeister', NULL, -1, 0, 0, 1, 0, 7, 0, 0, 3, 3, 0, 0, 23420), -- 43000
(42256, 0, 0, 1985, 0, 0, 0, 'Marschall McCree', NULL, NULL, NULL, 0, 0, 0, 0, 0, 7, 0, 0, 1.02, 1, 0, 0, 23420), -- 42256
(10616, 0, 0, 10995, 0, 0, 0, 'Vorsteherin Raelen', NULL, NULL, NULL, 0, 0, 0, 0, 0, 7, 0, 0, 1, 1, 0, 0, 23420), -- 10616
(5405, 0, 0, 2409, 0, 0, 0, 'Schecke', NULL, NULL, NULL, 0, 0, 0, 0, 0, 1, 0, 0, 1, 1, 0, 140, 23420), -- 5405
(4732, 0, 0, 3274, 0, 0, 0, 'Randal Weidmann', NULL, 'Reitlehrer', NULL, 0, 0, 0, 0, 0, 7, 0, 0, 1, 1, 0, 0, 23420), -- 4732
(384, 0, 0, 3270, 0, 0, 0, 'Katie Weidmann', NULL, 'Pferdezüchterin', NULL, 0, 0, 0, 0, 0, 7, 0, 0, 1, 1, 0, 0, 23420), -- 384
(1250, 0, 0, 3326, 0, 0, 0, 'Drake Lindgren', NULL, 'Gemischt- & Handwerkswaren', NULL, 0, 0, 0, 0, 0, 7, 0, 0, 1, 1, 0, 0, 23420), -- 1250
(1198, 0, 0, 5014, 0, 0, 0, 'Rallic Finn', NULL, 'Bogenmacher', NULL, 0, 0, 0, 0, 0, 7, 0, 0, 1, 1, 0, 0, 23420), -- 1198
(294, 0, 0, 1689, 0, 0, 0, 'Marschall Haggard', NULL, NULL, NULL, 0, 0, 0, 0, 0, 7, 0, 0, 1, 1, 0, 0, 23420), -- 294
(11328, 0, 0, 310, 0, 0, 0, 'Arbeiter des Osttals', 'Arbeiterin des Osttals', NULL, NULL, 0, 0, 0, 0, 0, 7, 0, 0, 1, 1, 0, 0, 23420), -- 11328
(278, 0, 0, 3268, 0, 0, 0, 'Sara Roderwald', NULL, NULL, NULL, 0, 0, 0, 0, 0, 7, 0, 0, 1, 1, 0, 0, 23420), -- 278
(1103, 0, 0, 1290, 0, 0, 0, 'Eldrin', NULL, 'Schneiderlehrer', NULL, 0, 0, 0, 0, 0, 7, 0, 0, 1.02, 1, 0, 0, 23420), -- 1103
(118, 0, 0, 11415, 0, 0, 0, 'Streuner', NULL, NULL, NULL, 0, 0, 0, 0, 1, 1, 1, 0, 1, 1, 0, 100, 23420), -- 118
(261, 0, 0, 1984, 0, 0, 0, 'Wache Thomas', NULL, NULL, NULL, 0, 0, 0, 0, 0, 7, 0, 0, 1.05, 1, 0, 0, 23420), -- 261
(958, 0, 0, 3347, 0, 0, 0, 'Dawn Sternenlicht', NULL, 'Arkanarien', NULL, 0, 0, 0, 0, 0, 7, 0, 0, 1.1, 1, 0, 0, 23420), -- 958
(313, 0, 0, 3348, 0, 0, 0, 'Theocritus', NULL, 'Magier des Turms von Azora', NULL, 0, 0, 0, 0, 0, 7, 0, 0, 1.02, 1, 0, 0, 23420), -- 313
(959, 0, 0, 5012, 0, 0, 0, 'Morley Eberlein', NULL, 'Tuchmacher', NULL, 0, 0, 0, 0, 0, 7, 0, 0, 1, 1, 0, 0, 23420), -- 959
(11072, 0, 0, 10610, 0, 0, 0, 'Kitta Feuerwind', NULL, 'Verzauberkunstlehrerin', NULL, 0, 0, 0, 0, 0, 7, 0, 0, 1.2, 1, 0, 0, 23420), -- 11072
(1949, 0, 0, 5015, 5016, 5017, 5018, 'Diener von Azora', 'Dienerin von Azora', NULL, NULL, 0, 0, 0, 0, 0, 7, 0, 0, 1, 1, 0, 0, 23420), -- 1949
(1922, 118, 0, 380, 0, 0, 0, 'Grauer Forstwolf', NULL, NULL, NULL, 0, 0, 0, 0, 1, 1, 1, 0, 1, 1, 0, 100, 23420), -- 1922
(12423, 0, 0, 3258, 0, 0, 0, 'Wache Roberts', NULL, NULL, NULL, 0, 0, 0, 0, 0, 7, 0, 0, 1, 1, 0, 0, 23420), -- 12423
(285, 0, 0, 617, 0, 0, 0, 'Murloc', NULL, NULL, NULL, 0, 0, 0, 0, 0, 7, 0, 0, 0.9, 1, 0, 100, 23420), -- 285
(474, 0, 0, 33166, 33167, 0, 0, 'Abtrünniger Hexer', 'Abtrünnige Hexerin', NULL, NULL, 0, 0, 0, 0, 0, 7, 0, 0, 1, 1, 0, 100, 23420), -- 474
(100, 0, 0, 603, 0, 0, 0, 'Gruff Schnappflink', NULL, NULL, NULL, 0, 0, 0, 4, 0, 7, 0, 0, 1.5, 1, 0, 0, 23420), -- 100
(478, 0, 0, 512, 0, 0, 0, 'Kundschafter der Flusspfoten', NULL, NULL, NULL, 0, 0, 0, 0, 0, 7, 0, 0, 1, 1, 0, 100, 23420), -- 478
(252, 0, 0, 3331, 0, 0, 0, 'Tommy Joe Steinfeld', NULL, NULL, NULL, 0, 0, 0, 0, 0, 7, 0, 0, 1, 1, 0, 0, 23420), -- 252
(6846, 0, 0, 7849, 0, 0, 0, 'Dockmeister', NULL, NULL, NULL, 0, 0, 0, 0, 0, 7, 0, 0, 1, 1, 0, 0, 23420), -- 6846
(6927, 0, 0, 33161, 33162, 0, 0, 'Dockarbeiter', 'Dockarbeiterin', NULL, NULL, 0, 0, 0, 0, 0, 7, 0, 0, 1, 1, 0, 100, 23420), -- 6927
(60649, 0, 0, 42906, 0, 0, 0, 'Schwarzes Lamm', NULL, NULL, 'wildpetcapturable', 4, 0, 0, 0, 0, 14, 0, 0, 0.01, 1, 0, 100, 23420), -- Cordero negro
(258, 0, 0, 3328, 0, 0, 0, 'Joshua Maclure', NULL, 'Weinhändler', NULL, 0, 0, 0, 0, 0, 7, 0, 0, 1, 1, 0, 0, 23420), -- 258
(251, 0, 0, 3323, 0, 0, 0, 'Maybell Maclure', NULL, NULL, NULL, 0, 0, 0, 0, 0, 7, 0, 0, 1, 1, 0, 0, 23420), -- 251
(822, 0, 0, 1006, 0, 0, 0, 'Junger Waldbär', NULL, NULL, NULL, 0, 0, 0, 0, 4, 1, 1, 0, 1.25, 1, 0, 100, 23420), -- 822
(250, 0, 0, 3327, 0, 0, 0, 'Paps Maclure', NULL, NULL, NULL, 0, 0, 0, 0, 0, 7, 0, 0, 1, 1, 0, 0, 23420), -- 250
(524, 0, 0, 389, 0, 0, 0, 'Steinhauteber', NULL, NULL, NULL, 0, 0, 0, 0, 5, 1, 1, 0, 1, 1, 0, 100, 23420), -- 524
(255, 0, 0, 3324, 0, 0, 0, 'Gerard Tiller', NULL, NULL, NULL, 0, 0, 0, 0, 0, 7, 0, 0, 1, 1, 0, 0, 23420), -- 255
(247, 0, 0, 221, 0, 0, 0, 'Billy Maclure', NULL, NULL, NULL, 0, 0, 0, 0, 0, 7, 0, 0, 1, 1, 0, 0, 23420), -- 247
(64335, 0, 0, 2954, 0, 0, 0, 'Kriecher', NULL, NULL, NULL, 0, 0, 0, 0, 0, 12, 0, 0, 1, 1, 0, 121, 23420), -- Ofidiss
(64334, 0, 0, 2958, 0, 0, 0, 'Kiefer', NULL, NULL, NULL, 0, 0, 0, 0, 0, 12, 0, 0, 1, 1, 0, 121, 23420), -- Colmillos
(64330, 0, 0, 1691, 0, 0, 0, 'Julia Stevens', NULL, 'Aufstrebende Tierzähmerin', NULL, 0, 0, 0, 0, 0, 7, 0, 0, 1, 1, 0, 0, 23420), -- Julia Stevens
(327, 0, 0, 2299, 0, 0, 0, 'Goldzahn', NULL, NULL, NULL, 0, 0, 0, 0, 0, 7, 2147483648, 0, 2, 1, 0, 100, 23420), -- 327
(79, 0, 0, 774, 0, 0, 0, 'Narg der Zuchtmeister', NULL, NULL, NULL, 0, 0, 0, 4, 0, 7, 0, 0, 1.5, 1, 0, 100, 23420), -- 79
(330, 0, 0, 22320, 0, 0, 0, 'Prinzessin', NULL, NULL, NULL, 0, 0, 0, 0, 5, 1, 2147483649, 0, 2, 1, 0, 100, 23420), -- 330
(97, 0, 0, 10791, 0, 0, 0, 'Wicht der Flusspfoten', NULL, NULL, NULL, 0, 0, 0, 0, 0, 7, 0, 0, 1, 1, 0, 100, 23420), -- 97
(244, 0, 0, 3330, 0, 0, 0, 'Mutter Steinfeld', NULL, NULL, NULL, 0, 0, 0, 0, 0, 7, 0, 0, 1, 1, 0, 0, 23420), -- 244
(248, 0, 0, 2959, 0, 0, 0, 'Oma Steinfeld', NULL, NULL, NULL, 0, 0, 0, 0, 0, 7, 0, 0, 1, 1, 0, 0, 23420), -- 248
(246, 0, 0, 3329, 0, 0, 0, 'Tantchen Bernice Steinfeld', NULL, NULL, NULL, 0, 0, 0, 0, 0, 7, 0, 0, 1, 1, 0, 0, 23420), -- 246
(894, 0, 0, 3332, 0, 0, 0, 'Homer Steinfeld', NULL, 'Obstverkäufer', NULL, 0, 0, 0, 0, 0, 7, 0, 0, 1, 1, 0, 0, 23420), -- 894
(475, 0, 0, 139, 0, 0, 0, 'Koboldtunnelgräber', NULL, NULL, NULL, 0, 0, 0, 0, 0, 7, 0, 0, 1, 1, 0, 100, 23420), -- 475
(583, 0, 0, 32831, 0, 0, 0, 'Wegelagerer', NULL, NULL, NULL, 0, 0, 0, 0, 0, 7, 0, 0, 1, 1, 0, 100, 23420), -- 583
(84751, 0, 0, 58478, 0, 0, 0, 'Linda', NULL, NULL, NULL, 5, 0, 0, 1, 0, 7, 4096, 0, 20, 5, 0, 0, 23420), -- 84751
(82564, 0, 0, 57081, 0, 0, 0, 'Erzmagier Nakada', NULL, 'Meister der Zauber', NULL, 5, 0, 0, 1, 0, 7, 4096, 0, 20, 5, 0, 0, 23420), -- 82564
(3628, 0, 0, 1695, 0, 0, 0, 'Steven Lohan', NULL, 'Gastwirt', NULL, 0, 0, 0, 0, 0, 7, 0, 0, 1, 1, 0, 0, 23420), -- 3628
(1141, 0, 0, 5073, 0, 0, 0, 'Angus Stern', NULL, 'Chefkoch', NULL, 0, 0, 0, 0, 0, 7, 0, 0, 1.35, 1, 0, 0, 23420), -- 1141
(5498, 0, 0, 19803, 0, 0, 0, 'Elsharin', NULL, 'Magierlehrerin', NULL, 0, 0, 0, 0, 0, 7, 0, 0, 1.25, 1, 0, 0, 23420), -- 5498
(331, 0, 0, 1484, 0, 0, 0, 'Maginor Dumas', NULL, 'Meistermagier', NULL, 0, 0, 0, 0, 0, 7, 0, 0, 1.35, 1, 0, 0, 23420), -- 331
(5694, 0, 0, 5076, 0, 0, 0, 'Zaubermeister Andromath', NULL, NULL, NULL, 0, 0, 0, 0, 0, 7, 0, 0, 1.35, 1, 0, 0, 23420), -- 5694
(84745, 0, 0, 338, 0, 0, 0, 'Sammy', NULL, 'Nachwuchsmagier', NULL, 5, 0, 0, 0, 0, 7, 0, 0, 1, 1, 0, 0, 23420), -- 84745
(84749, 0, 0, 252, 0, 0, 0, 'Jenna', NULL, 'Nachwuchsmagierin', NULL, 5, 0, 0, 0, 0, 7, 0, 0, 1, 1, 0, 0, 23420), -- 84749
(85816, 0, 0, 59145, 0, 0, 0, 'Elizabeth', NULL, 'Nachwuchsmagierin', NULL, 5, 0, 0, 0, 0, 7, 0, 0, 1, 1, 0, 0, 23420), -- 85816
(85818, 0, 0, 19619, 0, 0, 0, 'Jeremy', NULL, 'Nachwuchsmagier', NULL, 5, 0, 0, 0, 0, 7, 0, 0, 1, 1, 0, 0, 23420), -- 85818
(85817, 0, 0, 59144, 0, 0, 0, 'Naomi', NULL, 'Nachwuchsmagierin', NULL, 5, 0, 0, 0, 0, 7, 0, 0, 1, 1, 0, 0, 23420), -- 85817
(85819, 0, 0, 7935, 0, 0, 0, 'Daniel', NULL, 'Nachwuchsmagier', NULL, 5, 0, 0, 0, 0, 7, 0, 0, 1, 1, 0, 0, 23420), -- 85819
(85307, 0, 0, 58785, 0, 0, 0, 'Funkenblitz', NULL, 'Magierlehrerin', NULL, 1, 0, 0, 1, 0, 7, 0, 0, 10, 10, 0, 0, 23420), -- 85307
(89174, 0, 0, 17241, 0, 0, 0, 'Laluu', NULL, 'Magierlehrerin', NULL, 0, 0, 0, 0, 0, 7, 0, 0, 1, 1, 0, 0, 23420), -- 89174
(5497, 0, 0, 3292, 0, 0, 0, 'Jennea Haubitz', NULL, 'Magierlehrerin', NULL, 0, 0, 0, 0, 0, 7, 0, 0, 1.15, 1, 0, 0, 23420), -- 5497
(2708, 0, 0, 2968, 0, 0, 0, 'Erzmagier Malin', NULL, NULL, NULL, 0, 0, 0, 0, 0, 7, 0, 0, 1.15, 1, 0, 0, 23420), -- 2708
(32639, 0, 0, 28282, 0, 0, 0, 'Gnimo', NULL, 'Abenteuerlicher Tüftler', NULL, 2, 0, 0, 0, 0, 7, 0, 0, 1, 1, 0, 0, 23420), -- 32639
(32638, 0, 0, 28111, 0, 0, 0, 'Hakmud von Argus', NULL, 'Handelsreisender', NULL, 2, 0, 0, 0, 0, 7, 0, 0, 1, 1, 0, 0, 23420), -- 32638
(2485, 0, 0, 1470, 0, 0, 0, 'Larimaine Purdue', NULL, 'Portallehrerin', NULL, 0, 0, 0, 0, 0, 7, 0, 0, 1.25, 1, 0, 0, 23420), -- 2485
(1415, 0, 0, 2038, 0, 0, 0, 'Suzanne', NULL, NULL, NULL, 0, 0, 0, 0, 0, 7, 0, 0, 1.02, 1, 0, 0, 23420), -- 1415
(1414, 0, 0, 1473, 0, 0, 0, 'Lisan Pierce', NULL, NULL, NULL, 0, 0, 0, 0, 0, 7, 0, 0, 1.02, 1, 0, 0, 23420), -- 1414
(4078, 0, 0, 2181, 0, 0, 0, 'Collin Mauren', NULL, NULL, NULL, 0, 0, 0, 0, 0, 7, 0, 0, 1.1, 1, 0, 0, 23420), -- 4078
(3627, 0, 0, 1694, 0, 0, 0, 'Erich Lohan', NULL, NULL, NULL, 0, 0, 0, 0, 0, 7, 0, 0, 1, 1, 0, 0, 23420), -- 3627
(52031, 0, 0, 37721, 0, 0, 0, 'Sarana Damir', NULL, 'Tintenhändlerin', NULL, 0, 0, 0, 0, 0, 7, 4096, 0, 1, 1, 0, 0, 23420), -- 52031
(5499, 0, 0, 3295, 0, 0, 0, 'Lilyssia Nachtbrise', NULL, 'Alchemielehrerin', NULL, 0, 0, 0, 0, 0, 7, 0, 0, 1.1, 1, 0, 0, 23420), -- 5499
(30730, 0, 0, 27295, 0, 0, 0, 'Stanly McCormick', NULL, 'Inschriftenkundebedarf', NULL, 0, 0, 0, 0, 0, 7, 4096, 0, 1, 1, 0, 0, 23420), -- 30730
(1309, 0, 0, 1483, 0, 0, 0, 'Wynne Larson', NULL, 'Robenhändlerin', NULL, 0, 0, 0, 0, 0, 7, 0, 0, 1.05, 1, 0, 0, 23420), -- 1309
(5503, 0, 0, 3297, 0, 0, 0, 'Eldraeith', NULL, 'Kräuterkundebedarf', NULL, 0, 0, 0, 0, 0, 7, 0, 0, 1.05, 1, 0, 0, 23420), -- 5503
(5500, 0, 0, 3298, 0, 0, 0, 'Tel''Athir', NULL, 'Alchemielehrling', NULL, 0, 0, 0, 0, 0, 7, 0, 0, 1.1, 1, 0, 0, 23420), -- 5500
(1313, 0, 0, 1482, 0, 0, 0, 'Maria Lumere', NULL, 'Alchemiebedarf', NULL, 0, 0, 0, 0, 0, 7, 0, 0, 1.05, 1, 0, 0, 23420), -- 1313
(5567, 0, 0, 3444, 0, 0, 0, 'Sellandus', NULL, 'Schneiderlehrling', NULL, 0, 0, 0, 0, 0, 7, 0, 0, 1.1, 1, 0, 0, 23420), -- 5567
(1429, 0, 0, 221, 0, 0, 0, 'Thurman Schneider', NULL, NULL, NULL, 0, 0, 0, 0, 0, 7, 0, 0, 1, 1, 0, 0, 23420), -- 1429
(1310, 0, 0, 1489, 0, 0, 0, 'Evan Larson', NULL, 'Hutmacher', NULL, 0, 0, 0, 0, 0, 7, 0, 0, 1.05, 1, 0, 0, 23420), -- 1310
(5566, 0, 0, 3445, 0, 0, 0, 'Tannysa', NULL, 'Kräuterkundelehrerin', NULL, 0, 0, 0, 0, 0, 7, 0, 0, 1.1, 1, 0, 0, 23420), -- 5566
(49701, 0, 0, 18627, 0, 0, 0, 'Bario Matalli', NULL, 'Souschef', NULL, 0, 0, 0, 0, 0, 7, 0, 0, 1, 1, 0, 0, 23420), -- 49701
(42288, 0, 0, 32928, 0, 0, 0, 'Robby Flay', NULL, 'Chefkoch', NULL, 0, 0, 0, 0, 0, 7, 0, 0, 1.1, 1, 0, 0, 23420), -- 42288
(30713, 0, 0, 27261, 0, 0, 0, 'Catarina Stanford', NULL, 'Inschriftenkundelehrerin', NULL, 0, 0, 0, 0, 0, 7, 4096, 0, 1, 1, 0, 0, 23420), -- 30713
(1314, 0, 0, 1488, 0, 0, 0, 'Duncan Merzer', NULL, 'Händler für leichte Rüstungen', NULL, 0, 0, 0, 0, 0, 7, 0, 0, 1.05, 1, 0, 0, 23420), -- 1314
(1346, 0, 0, 1502, 0, 0, 0, 'Georgio Bolero', NULL, 'Schneiderlehrer', NULL, 0, 0, 0, 0, 0, 7, 0, 0, 1.25, 1, 0, 0, 23420), -- 1346
(1347, 0, 0, 1497, 0, 0, 0, 'Alexandra Bolero', NULL, 'Schneiderbedarf', NULL, 0, 0, 0, 0, 0, 7, 0, 0, 1.05, 1, 0, 0, 23420), -- 1347
(1300, 0, 0, 1432, 0, 0, 0, 'Lawrence Schneider', NULL, 'Schneiderlehrling', NULL, 0, 0, 0, 0, 0, 7, 0, 0, 1.02, 1, 0, 0, 23420), -- 1300
(5386, 0, 0, 5081, 0, 0, 0, 'Akolyth Dellis', NULL, NULL, NULL, 0, 0, 0, 0, 0, 7, 0, 0, 1, 1, 0, 0, 23420), -- 5386
(1316, 0, 0, 1485, 0, 0, 0, 'Adair Gilroy', NULL, 'Bibliothekar', NULL, 0, 0, 0, 0, 0, 7, 0, 0, 1.35, 1, 0, 0, 23420), -- 1316
(338, 0, 0, 5080, 0, 0, 0, 'Mazen Mac''Nadir', NULL, 'Akademie der Arkanen Künste und Wissenschaften', NULL, 0, 0, 0, 0, 0, 7, 0, 0, 1.2, 1, 0, 0, 23420), -- 338
(49893, 0, 0, 36656, 0, 0, 0, 'Lisa McKeever', NULL, 'Bonbonverkäuferin', NULL, 0, 0, 0, 0, 0, 7, 0, 0, 1, 1, 0, 0, 23420), -- 49893
(1318, 0, 0, 1481, 0, 0, 0, 'Jessara Cordell', NULL, 'Verzauberkunstbedarf', NULL, 0, 0, 0, 0, 0, 7, 0, 0, 1.05, 1, 0, 0, 23420), -- 1318
(1317, 0, 0, 1492, 0, 0, 0, 'Lucan Cordell', NULL, 'Verzauberkunstlehrer', NULL, 0, 0, 0, 0, 0, 7, 0, 0, 1.1, 1, 0, 0, 23420), -- 1317
(1315, 0, 0, 1486, 0, 0, 0, 'Allan Hafgan', NULL, 'Stabhändler', NULL, 0, 0, 0, 0, 0, 7, 0, 0, 1.05, 1, 0, 0, 23420), -- 1315
(1312, 0, 0, 1477, 0, 0, 0, 'Ardwyn Cailen', NULL, 'Zauberstabhändlerin', NULL, 0, 0, 0, 0, 0, 7, 0, 0, 1.05, 1, 0, 0, 23420), -- 1312
(46180, 0, 0, 34931, 0, 0, 0, 'Ithurian Weißspitz', NULL, NULL, NULL, -1, 0, 0, 0, 0, 7, 0, 0, 3, 3, 0, 0, 23420), -- 46180
(11068, 0, 0, 10591, 0, 0, 0, 'Betty Quin', NULL, 'Verzauberkunstlehrling', NULL, 0, 0, 0, 0, 0, 7, 0, 0, 1.02, 1, 0, 0, 23420), -- 11068
(8666, 0, 0, 7935, 0, 0, 0, 'Klein Timmy', NULL, 'Junge mit Kätzchen', NULL, 0, 0, 0, 0, 0, 7, 0, 0, 1, 1, 0, 0, 23420), -- 8666
(7386, 0, 0, 9990, 0, 0, 0, 'Weißes Kätzchen', NULL, NULL, NULL, 0, 0, 0, 0, 0, 12, 0, 0, 1, 1, 0, 121, 23420), -- Gatito blanco
(1433, 0, 0, 5550, 0, 0, 0, 'Corbett Schneider', NULL, NULL, NULL, 0, 0, 0, 0, 0, 7, 0, 0, 1, 1, 0, 0, 23420), -- 1433
(1405, 0, 0, 1524, 0, 0, 0, 'Morris Lawry', NULL, NULL, NULL, 0, 0, 0, 0, 0, 7, 0, 0, 1, 1, 0, 0, 23420), -- 1405
(3520, 0, 0, 1544, 0, 0, 0, 'Alte Emma', NULL, NULL, NULL, 0, 0, 0, 0, 0, 7, 0, 0, 1, 1, 0, 0, 23420), -- 3520
(1367, 0, 0, 221, 0, 0, 0, 'Billy', NULL, NULL, NULL, 0, 0, 0, 0, 0, 7, 0, 0, 1, 1, 0, 0, 23420), -- 1367
(1366, 0, 0, 338, 0, 0, 0, 'Adam', NULL, NULL, NULL, 0, 0, 0, 0, 0, 7, 0, 0, 1, 1, 0, 0, 23420), -- 1366
(5494, 0, 0, 3290, 0, 0, 0, 'Catherine Leland', NULL, 'Angelbedarf', NULL, 0, 0, 0, 0, 0, 7, 0, 0, 1.05, 1, 0, 0, 23420), -- 5494
(5493, 0, 0, 3285, 0, 0, 0, 'Arnold Leland', NULL, 'Angellehrer', NULL, 0, 0, 0, 0, 0, 7, 0, 0, 1.1, 1, 0, 0, 23420), -- 5493
(106551, 0, 0, 68900, 0, 0, 0, 'Hati', NULL, NULL, NULL, 0, 0, 0, 0, 0, 1, 16786432, 16, 1, 1, 0, 961, 23420), -- 106551
(38453, 0, 0, 31094, 0, 0, 0, 'Arcturis', NULL, NULL, NULL, 2, 0, 0, 4, 46, 1, 65537, 0, 1.5, 1, 0, 0, 23420), -- 38453
(14439, 0, 0, 14493, 0, 0, 0, 'Offizier Brady', NULL, NULL, NULL, -1, 0, 0, 1, 0, 7, 0, 0, 4, 1, 0, 0, 23420), -- 14439
(47649, 0, 0, 35760, 36576, 36577, 0, 'Erblühen', NULL, NULL, NULL, 0, 0, 0, 0, 0, 11, 0, 0, 1.1, 1, 0, 0, 23420), -- 47649
(61889, 0, 0, 1141, 1418, 2176, 0, 'Ratte von Unterstadt', NULL, NULL, 'wildpetcapturable', 0, 0, 0, 0, 0, 14, 0, 0, 0.2, 1, 0, 100, 23420), -- Rata de Entrañas
(60849, 0, 0, 42449, 0, 0, 0, 'Statue der Jadeschlange', NULL, NULL, NULL, 0, 0, 0, 0, 0, 11, 1024, 0, 1, 1, 0, 0, 23420), -- 60849
(115146, 0, 0, 73697, 0, 0, 0, 'Knochi', NULL, NULL, NULL, 0, 0, 0, 0, 0, 12, 0, 0, 1, 1, 0, 0, 23420), -- Astihueso
(61840, 0, 0, 42278, 0, 0, 0, 'Naanae', NULL, NULL, NULL, 0, 0, 0, 0, 0, 7, 4096, 0, 1, 1, 0, 0, 23420), -- 61840
(61839, 0, 0, 42277, 0, 0, 0, 'Lucas Trenner', NULL, NULL, NULL, 4, 0, 0, 1, 0, 7, 4096, 0, 3, 1, 0, 0, 23420), -- 61839
(61841, 0, 0, 42279, 0, 0, 0, 'Brunn Goldbecher', NULL, NULL, NULL, 0, 0, 0, 0, 0, 7, 4096, 0, 1, 1, 0, 0, 23420), -- 61841
(1756, 0, 0, 34004, 34005, 0, 0, 'Königswache von Sturmwind', 'Königswache von Sturmwind', NULL, NULL, -1, 0, 0, 1, 0, 7, 0, 0, 2, 1, 0, 0, 23420), -- 1756
(6090, 0, 0, 5000, 0, 0, 0, 'Bartleby', NULL, 'Betrunkener', NULL, 0, 0, 0, 0, 0, 7, 0, 0, 1, 1, 0, 0, 23420), -- 6090
(71526, 0, 0, 49021, 0, 0, 0, 'Elisabeth Vogelsang', NULL, NULL, NULL, 4, 0, 0, 0, 0, 7, 0, 0, 1, 1, 0, 0, 23420), -- 71526
(44256, 118, 0, 666, 0, 0, 0, 'Grautatze', NULL, 'Almas Begleiter', NULL, 0, 0, 0, 0, 1, 1, 0, 0, 1, 1, 0, 100, 23420), -- 44256
(44251, 0, 0, 33755, 0, 0, 0, 'Alma Deering', NULL, 'Tierausbilderin', NULL, 0, 0, 0, 0, 0, 7, 0, 0, 1.15, 1, 0, 0, 23420), -- 44251
(44249, 0, 0, 33753, 0, 0, 0, 'Sarisse Jume', NULL, 'Jägerlehrerin', NULL, 0, 0, 0, 0, 0, 7, 0, 0, 1.35, 1, 0, 0, 23420), -- 44249
(44247, 0, 0, 33752, 0, 0, 0, 'Wulf Hansreim', NULL, 'Jägerlehrer', NULL, 0, 0, 0, 0, 0, 7, 0, 0, 1.35, 1, 0, 0, 23420), -- 44247
(43294, 118, 0, 30213, 0, 0, 0, 'Gonzalez', NULL, 'Don Omars Begleiter', NULL, 0, 0, 0, 0, 52, 1, 0, 0, 1, 1, 0, 100, 23420), -- 43294
(43277, 0, 0, 33305, 0, 0, 0, 'Don Omar', NULL, 'Jägerlehrer', NULL, 0, 0, 0, 0, 0, 7, 0, 0, 1.35, 1, 0, 0, 23420), -- 43277
(1328, 0, 0, 1521, 0, 0, 0, 'Elly Langstein', NULL, 'Bardame', NULL, 0, 0, 0, 0, 0, 7, 0, 0, 1.35, 1, 0, 0, 23420), -- 1328
(5483, 0, 0, 3288, 0, 0, 0, 'Erika Tate', NULL, 'Kochbedarf', NULL, 0, 0, 0, 0, 0, 7, 0, 0, 1.05, 1, 0, 0, 23420), -- 5483
(340, 0, 0, 5728, 0, 0, 0, 'Kendor Kabonka', NULL, 'Meister der Kochrezepte', NULL, 0, 0, 0, 0, 0, 7, 0, 0, 1.25, 1, 0, 0, 23420), -- 340
(6089, 0, 0, 4996, 0, 0, 0, 'Harry Burlwacht', NULL, NULL, NULL, 0, 0, 0, 0, 0, 7, 0, 0, 1.25, 1, 0, 0, 23420), -- 6089
(5482, 0, 0, 3281, 0, 0, 0, 'Stephen Ryback', NULL, 'Kochkunstlehrer', NULL, 0, 0, 0, 0, 0, 7, 0, 0, 1.1, 1, 0, 0, 23420), -- 5482
(3629, 0, 0, 1696, 0, 0, 0, 'David Langstein', NULL, NULL, NULL, 0, 0, 0, 0, 0, 7, 0, 0, 1, 1, 0, 0, 23420), -- 3629
(1327, 0, 0, 1516, 0, 0, 0, 'Reese Langstein', NULL, 'Schankwirt', NULL, 0, 0, 0, 0, 0, 7, 0, 0, 1.05, 1, 0, 0, 23420), -- 1327
(6946, 0, 0, 7613, 0, 0, 0, 'Renzik "Das Messer"', NULL, 'Agent des SI:7', NULL, 0, 0, 0, 0, 0, 7, 0, 0, 1.15, 1, 0, 0, 23420), -- 6946
(5480, 0, 0, 3287, 0, 0, 0, 'Ilsa Corbin', NULL, 'Kriegerlehrerin', NULL, 0, 0, 0, 0, 0, 7, 0, 0, 1.15, 1, 0, 0, 23420), -- 5480
(5479, 0, 0, 3280, 0, 0, 0, 'Wu Shen', NULL, 'Kriegerlehrer', NULL, 0, 0, 0, 0, 0, 7, 0, 0, 1.25, 1, 0, 0, 23420), -- 5479
(44245, 0, 0, 33750, 0, 0, 0, 'Faldren Tillsdale', NULL, 'Rüstmeister für Tapferkeitspunkte', NULL, 0, 0, 0, 0, 0, 7, 0, 0, 1, 1, 0, 0, 23420), -- 44245
(32667, 0, 0, 28047, 0, 0, 0, 'Trainingsattrappe', NULL, NULL, NULL, 1, 0, 0, 0, 0, 9, 0, 8192, 0.000143, 1, 0, 0, 23420), -- 32667
(32666, 0, 0, 48578, 0, 0, 0, 'Trainingsattrappe', NULL, NULL, NULL, 0, 0, 0, 0, 0, 9, 0, 8192, 0.000328, 1, 0, 0, 23420), -- 32666
(31144, 0, 0, 16074, 0, 0, 0, 'Trainingsattrappe', NULL, NULL, NULL, 2, 0, 0, 0, 0, 9, 0, 8192, 0.000079, 1, 0, 0, 23420), -- 31144
(1326, 0, 0, 1523, 0, 0, 0, 'Sloan McCoy', NULL, 'Gifte', NULL, 0, 0, 0, 0, 0, 7, 0, 0, 1.02, 1, 0, 0, 23420), -- 1326
(914, 0, 0, 1504, 0, 0, 0, 'Ander Germaine', NULL, 'Kriegerlehrer', NULL, 0, 0, 0, 0, 0, 7, 0, 0, 1.35, 1, 0, 0, 23420), -- 914
(332, 0, 0, 72253, 0, 0, 0, 'Meister Mathias Shaw', NULL, 'Anführer des SI:7', NULL, 0, 0, 0, 0, 0, 7, 0, 0, 1.35, 1, 0, 0, 23420), -- 332
(58154, 0, 0, 40013, 0, 0, 0, 'Toren Landow', NULL, 'Antiquitätenrüstmeister für Gerechtigkeitspunkte', NULL, 0, 0, 0, 0, 0, 7, 0, 0, 1, 1, 0, 0, 23420), -- 58154
(52028, 0, 0, 37718, 0, 0, 0, 'Talric Unverblümt', NULL, 'Gerechtigkeitshandwerkswaren', NULL, 0, 0, 0, 0, 0, 7, 0, 0, 1, 1, 0, 0, 23420), -- 52028
(44246, 0, 0, 33751, 0, 0, 0, 'Magatha Silverton', NULL, 'Rüstmeisterin für Gerechtigkeitspunkte', NULL, 0, 0, 0, 0, 0, 7, 0, 0, 1, 1, 0, 0, 23420), -- 44246
(62913, 0, 0, 42782, 0, 0, 0, 'Der schnelle Dave', NULL, NULL, NULL, -1, 0, 0, 0, 0, 7, 4096, 0, 1, 1, 0, 0, 23420), -- 62913
(35845, 0, 0, 328, 27823, 0, 0, 'Dave''s Industrial Light and Magic Bunny (Small)(Sessile)', NULL, NULL, NULL, 0, 0, 0, 0, 0, 10, 0, 0, 1, 1, 0, 0, 23420), -- 35845
(7208, 0, 0, 134, 0, 0, 0, 'Noarm', NULL, NULL, NULL, 0, 0, 0, 0, 0, 8, 0, 0, 1.02, 1, 0, 0, 23420), -- 7208
(7207, 0, 0, 6446, 0, 0, 0, 'Dok Mixilpixil', NULL, NULL, NULL, 0, 0, 0, 0, 0, 7, 0, 0, 1.2, 1, 0, 0, 23420), -- 7207
(1325, 0, 0, 1513, 0, 0, 0, 'Jasper Teufel', NULL, 'Zwielichtiger Händler', NULL, 0, 0, 0, 0, 0, 7, 0, 0, 1.05, 1, 0, 0, 23420), -- 1325
(51998, 0, 0, 37706, 0, 0, 0, 'Arthur Huwe', NULL, 'Schurkenlehrer', NULL, 0, 0, 0, 0, 0, 7, 0, 0, 1.35, 1, 0, 0, 23420), -- 51998
(13283, 0, 0, 13171, 0, 0, 0, 'Lord Tony Romano', NULL, 'Schurkenlehrer', NULL, 0, 0, 0, 0, 0, 7, 0, 0, 1.35, 1, 0, 0, 23420), -- 13283
(8383, 0, 0, 7673, 0, 0, 0, 'Meister Holz', NULL, NULL, NULL, 0, 0, 0, 1, 0, 7, 0, 0, 3, 1, 0, 0, 23420), -- 8383
(114832, 0, 0, 73494, 0, 0, 0, UNKNOWN, NULL, NULL, NULL, -1, 0, 0, 0, 0, 9, 0, 8192, 0.000013, 1, 0, 0, 23420), -- 114832
(46647, 0, 0, 28048, 0, 0, 0, 'Trainingsattrappe', NULL, NULL, NULL, 3, 0, 0, 0, 0, 9, 0, 8192, 0.000013, 1, 0, 0, 23420), -- 46647
(1324, 0, 0, 1512, 0, 0, 0, 'Heinrich Stein', NULL, 'Klingenhändler', NULL, 0, 0, 0, 0, 0, 7, 0, 0, 1.05, 1, 0, 0, 23420), -- 1324
(31146, 0, 0, 27510, 0, 0, 0, 'Trainingsattrappe des Schlachtzuges', NULL, NULL, NULL, -1, 0, 0, 1, 0, 9, 524292, 8192, 1400, 1, 0, 0, 23420), -- 31146
(44237, 0, 0, 33743, 0, 0, 0, 'Maegan Tillman', NULL, 'Gastwirtin', NULL, 0, 0, 0, 0, 0, 7, 0, 0, 1, 1, 0, 0, 23420), -- 44237
(1341, 0, 0, 1518, 0, 0, 0, 'Wilhelm Strang', NULL, 'Händler für Kettenrüstungen', NULL, 0, 0, 0, 0, 0, 7, 0, 0, 1.05, 1, 0, 0, 23420), -- 1341
(1323, 0, 0, 1515, 0, 0, 0, 'Osric Strang', NULL, 'Händler für Kettenrüstungen', NULL, 0, 0, 0, 0, 0, 7, 0, 0, 1.05, 1, 0, 0, 23420), -- 1323
(38821, 0, 0, 328, 21072, 0, 0, 'Dave''s Industrial Light and Magic Bunny (Medium)(Sessile)', NULL, NULL, NULL, 0, 0, 0, 0, 0, 10, 0, 0, 1, 1, 0, 0, 23420), -- 38821
(28355, 0, 0, 25336, 0, 0, 0, 'Wright Williams', NULL, NULL, NULL, 0, 0, 0, 0, 0, 7, 0, 0, 1.02, 1, 0, 0, 23420), -- 28355
(44252, 0, 0, 33756, 0, 0, 0, 'Karin', NULL, 'Stallmeisterin', NULL, 0, 0, 0, 0, 0, 7, 0, 0, 1, 1, 0, 0, 23420), -- 44252
(14561, 0, 0, 14583, 0, 0, 0, 'Schnelles braunes Ross', NULL, NULL, NULL, 0, 0, 0, 0, 0, 1, 0, 0, 1, 1, 0, 140, 23420), -- 14561
(14559, 0, 0, 14582, 0, 0, 0, 'Schneller Palomino', NULL, NULL, NULL, 0, 0, 0, 0, 0, 1, 0, 0, 1, 1, 0, 140, 23420), -- 14559
(43693, 0, 0, 33469, 0, 0, 0, 'Darlene Stokx', NULL, 'Reitlehrerin', NULL, 0, 0, 0, 0, 0, 7, 0, 0, 1, 1, 0, 0, 23420), -- 43693
(14560, 0, 0, 14338, 0, 0, 0, 'Schnelles weißes Ross', NULL, NULL, NULL, 0, 0, 0, 0, 0, 1, 0, 0, 1, 1, 0, 140, 23420), -- 14560
(918, 0, 0, 1507, 0, 0, 0, 'Osborne der Nachtmensch', NULL, 'Schurkenlehrer', NULL, 0, 0, 0, 0, 0, 7, 0, 0, 1.35, 1, 0, 0, 23420), -- 918
(73190, 0, 0, 51166, 0, 0, 0, 'Nekrolord Sipe', NULL, 'Rüstmeister für Kampfreittiere', NULL, 0, 0, 0, 0, 0, 7, 0, 0, 2, 1, 0, 0, 23420), -- 73190
(43694, 0, 0, 33470, 0, 0, 0, 'Katie Stokx', NULL, 'Pferdezüchterin', NULL, 0, 0, 0, 0, 0, 7, 0, 0, 1, 1, 0, 0, 23420), -- 43694
(4269, 0, 0, 2405, 0, 0, 0, 'Kastanienbraune Stute', NULL, NULL, NULL, 0, 0, 0, 0, 0, 1, 0, 0, 1, 1, 0, 140, 23420), -- 4269
(308, 0, 0, 2402, 0, 0, 0, 'Rappe', NULL, NULL, NULL, 0, 0, 0, 0, 0, 1, 0, 0, 1, 1, 0, 140, 23420), -- 308
(284, 0, 0, 2404, 0, 0, 0, 'Braunes Pferd', NULL, NULL, NULL, 0, 0, 0, 0, 0, 1, 0, 0, 1, 1, 0, 140, 23420), -- 284
(1721, 0, 0, 1815, 0, 0, 0, 'Nikova Raskol', NULL, NULL, NULL, 0, 0, 0, 0, 0, 7, 0, 0, 1, 1, 0, 0, 23420), -- 1721
(28347, 0, 0, 25319, 0, 0, 0, 'Miles Sidney', NULL, 'Gifte', NULL, 0, 0, 0, 0, 0, 7, 0, 0, 1.02, 1, 0, 0, 23420), -- 28347
(3626, 0, 0, 1697, 0, 0, 0, 'Jenn Langstein', NULL, NULL, NULL, 0, 0, 0, 0, 0, 7, 0, 0, 1, 1, 0, 144, 23420), -- 3626
(12783, 0, 0, 12922, 0, 0, 0, 'Leutnant Karter', NULL, 'Rüstmeisterin für Kriegsreittiere', NULL, 0, 0, 0, 0, 0, 7, 0, 0, 2, 1, 0, 0, 23420), -- 12783
(4961, 0, 0, 3238, 0, 0, 0, 'Dashel Steinfaust', NULL, NULL, NULL, 0, 0, 0, 0, 0, 7, 0, 0, 1.05, 1, 0, 0, 23420), -- 4961
(112912, 0, 0, 72447, 0, 0, 0, 'Martin Ocejo', NULL, 'Krieger von Azeroth', NULL, 6, 0, 0, 1, 0, 7, 4096, 0, 12, 1, 0, 0, 23420), -- 112912
(1333, 0, 0, 1511, 0, 0, 0, 'Gerik Koen', NULL, 'Zweihandwaffenhändler', NULL, 0, 0, 0, 0, 0, 7, 0, 0, 1.05, 1, 0, 0, 23420), -- 1333
(87503, 0, 0, 60207, 0, 0, 0, 'Kettenrad des Champions', NULL, NULL, NULL, 0, 0, 0, 0, 0, 9, 1611661328, 6, 1, 1, 0, 0, 23420), -- 87503
(87501, 0, 0, 60316, 0, 0, 0, 'Paulie', NULL, 'Altstadt-Choppers', NULL, -1, 0, 0, 0, 0, 7, 4096, 0, 3, 1, 0, 0, 23420), -- 87501
(62954, 0, 0, 1141, 1418, 2176, 0, 'Ratte von Sturmwind', NULL, NULL, 'wildpetcapturable', 0, 0, 0, 0, 0, 14, 0, 0, 0.2, 1, 0, 100, 23420), -- Rata de Ventormenta
(2795, 0, 0, 1505, 0, 0, 0, 'Lenny "Finger" McCoy', NULL, NULL, NULL, 0, 0, 0, 0, 0, 7, 0, 0, 1.1, 1, 0, 0, 23420), -- 2795
(1395, 0, 0, 1508, 0, 0, 0, 'Alter Wiesel', NULL, NULL, NULL, 0, 0, 0, 0, 0, 7, 0, 0, 1, 1, 0, 0, 23420), -- 1395
(1339, 0, 0, 1522, 0, 0, 0, 'Mayda Thane', NULL, 'Schusterin', NULL, 0, 0, 0, 0, 0, 7, 0, 0, 1.05, 1, 0, 0, 23420), -- 1339
(11096, 0, 0, 10625, 0, 0, 0, 'Randal Goldwert', NULL, 'Lederverarbeitungslehrling', NULL, 0, 0, 0, 0, 0, 7, 0, 0, 1.02, 1, 0, 0, 23420), -- 11096
(1292, 0, 0, 1449, 0, 0, 0, 'Maris Granger', NULL, 'Kürschnerlehrerin', NULL, 0, 0, 0, 0, 0, 7, 0, 0, 1.1, 1, 0, 0, 23420), -- 1292
(23050, 0, 0, 79, 0, 0, 0, 'Klein Noah', NULL, NULL, NULL, 1, 0, 0, 0, 0, 7, 0, 0, 1, 1, 0, 0, 23420), -- 23050
(1319, 0, 0, 1510, 0, 0, 0, 'Bryan Kreuz', NULL, 'Schildhändler', NULL, 0, 0, 0, 0, 0, 7, 0, 0, 1.05, 1, 0, 0, 23420), -- 1319
(5565, 0, 0, 3448, 0, 0, 0, 'Jillian Gerber', NULL, 'Lederverarbeitungsbedarf', NULL, 0, 0, 0, 0, 0, 7, 0, 0, 1.05, 1, 0, 0, 23420), -- 5565
(5564, 0, 0, 3449, 0, 0, 0, 'Simon Gerber', NULL, 'Lederverarbeitungslehrer', NULL, 0, 0, 0, 0, 0, 7, 0, 0, 1.1, 1, 0, 0, 23420), -- 5564
(1321, 0, 0, 1520, 0, 0, 0, 'Alyssa Griffith', NULL, 'Taschenverkäuferin', NULL, 0, 0, 0, 0, 0, 7, 0, 0, 1.05, 1, 0, 0, 23420), -- 1321
(1320, 0, 0, 1517, 0, 0, 0, 'Seoman Griffith', NULL, 'Lederrüstungshändler', NULL, 0, 0, 0, 0, 0, 7, 0, 0, 1.05, 1, 0, 0, 23420), -- 1320
(2198, 0, 0, 1525, 0, 0, 0, 'Ausrufer Gutmann', NULL, NULL, NULL, 0, 0, 0, 0, 0, 7, 0, 0, 1, 1, 0, 0, 23420), -- 2198
(50480, 0, 0, 37087, 0, 0, 0, 'Isabel Jones', NULL, 'Händlerin für Juwelenschliffdesigns', NULL, 3, 0, 0, 0, 0, 7, 0, 0, 1, 1, 0, 0, 23420), -- 50480
(44583, 0, 0, 33977, 0, 0, 0, 'Terrance Denman', NULL, 'Juwelierskunstbedarf', NULL, 0, 0, 0, 0, 0, 7, 0, 0, 1, 1, 0, 0, 23420), -- 44583
(61837, 0, 0, 42275, 0, 0, 0, 'Leria Nachtwind', NULL, NULL, NULL, 0, 0, 0, 0, 0, 7, 4096, 0, 1, 1, 0, 0, 23420), -- 61837
(416, 0, 0, 64799, 0, 0, 0, 'Wichtel', NULL, NULL, NULL, 4, 0, 0, 0, 23, 3, 262144, 1, 1, 2, 0, 121, 23420), -- Diablillo
(118244, 0, 0, 74736, 0, 0, 0, 'Blitzpfote', NULL, NULL, NULL, 6, 0, 0, 4, 46, 1, 1, 0, 1.5, 1, 0, 0, 23420), -- 118244
(12787, 0, 0, 12919, 0, 0, 0, 'Wache Hammond', NULL, NULL, NULL, 0, 0, 0, 0, 0, 7, 0, 0, 2, 1, 0, 0, 23420), -- 12787
(12786, 0, 0, 12920, 0, 0, 0, 'Wache Quinn', NULL, NULL, NULL, 0, 0, 0, 0, 0, 7, 0, 0, 2, 1, 0, 0, 23420), -- 12786
(395, 0, 0, 262, 0, 0, 0, 'Markus', NULL, NULL, NULL, 0, 0, 0, 0, 0, 7, 0, 0, 1, 1, 0, 0, 23420), -- 395
(116, 0, 0, 33161, 33162, 0, 0, 'Bandit', 'Banditin', NULL, NULL, 0, 0, 0, 0, 0, 7, 0, 0, 1, 1, 0, 100, 23420), -- 116
(5917, 0, 0, 4558, 0, 0, 0, 'Clara Charles', NULL, NULL, NULL, 0, 0, 0, 0, 0, 7, 0, 0, 1, 1, 0, 0, 23420), -- 5917
(14394, 0, 0, 14431, 0, 0, 0, 'Major Mattingly', NULL, NULL, NULL, 0, 0, 0, 1, 0, 7, 0, 0, 16, 1, 0, 0, 23420), -- 14394
(52358, 0, 0, 37850, 0, 0, 0, 'Craggle Schlingerkreisel', NULL, 'Spielzeuge und Kuriositäten', NULL, 0, 0, 0, 0, 0, 7, 4096, 0, 1, 1, 0, 0, 23420), -- 52358
(52359, 0, 0, 33303, 0, 0, 0, 'Spielzeugwagen', NULL, NULL, NULL, 0, 0, 0, 0, 0, 10, 0, 0, 1, 1, 0, 0, 23420), -- 52359
(52361, 0, 0, 20570, 22769, 0, 0, 'Toy Cart Bunny', NULL, NULL, NULL, 2, 0, 0, 0, 0, 10, 0, 0, 1, 1, 0, 183, 23420), -- 52361
(1478, 0, 0, 1519, 0, 0, 0, 'Aedis Brom', NULL, NULL, NULL, 0, 0, 0, 0, 0, 7, 0, 0, 1.05, 1, 0, 0, 23420), -- 1478
(1477, 0, 0, 1509, 0, 0, 0, 'Christoph Faral', NULL, NULL, NULL, 0, 0, 0, 0, 0, 7, 0, 0, 1.05, 1, 0, 0, 23420), -- 1477
(1428, 0, 0, 5552, 0, 0, 0, 'Rema Schneider', NULL, NULL, NULL, 0, 0, 0, 0, 0, 7, 0, 0, 1.1, 1, 0, 0, 23420), -- 1428
(1299, 0, 0, 1447, 0, 0, 0, 'Lisbeth Schneider', NULL, 'Tuchmacherin', NULL, 0, 0, 0, 0, 0, 7, 0, 0, 1.05, 1, 0, 0, 23420), -- 1299
(43692, 0, 0, 33468, 0, 0, 0, 'Kristin Cazarez', NULL, 'Bankierin', NULL, 0, 0, 0, 0, 0, 7, 0, 0, 3, 1, 0, 0, 23420), -- 43692
(14423, 0, 0, 14472, 0, 0, 0, 'Offizier Jaxon', NULL, NULL, NULL, -1, 0, 0, 1, 0, 7, 0, 0, 4, 1, 0, 0, 23420), -- 14423
(1298, 0, 0, 1427, 0, 0, 0, 'Frederick Ofner', NULL, 'Bogenhändler', NULL, 0, 0, 0, 0, 0, 7, 0, 0, 1.05, 1, 0, 0, 23420), -- 1298
(1301, 0, 0, 1443, 0, 0, 0, 'Julia Gallina', NULL, 'Weinverkäuferin', NULL, 0, 0, 0, 0, 0, 7, 0, 0, 1.05, 1, 0, 0, 23420), -- 1301
(2455, 0, 0, 1450, 0, 0, 0, 'Olivia Uferbach', NULL, 'Bankierin', NULL, 0, 0, 0, 0, 0, 7, 0, 0, 3, 1, 0, 0, 23420), -- 2455
(1297, 0, 0, 1446, 0, 0, 0, 'Lina Ofner', NULL, 'Bogen- & Schusswaffenhändlerin', NULL, 0, 0, 0, 0, 0, 7, 0, 0, 1.05, 1, 0, 0, 23420), -- 1297
(1431, 0, 0, 5545, 0, 0, 0, 'Suzetta Gallina', NULL, NULL, NULL, 0, 0, 0, 0, 0, 7, 0, 0, 1.05, 1, 0, 0, 23420), -- 1431
(277, 0, 0, 1433, 0, 0, 0, 'Roberto Pupellyverbos', NULL, 'Rotweinkenner', NULL, 0, 0, 0, 0, 0, 7, 0, 0, 1.05, 1, 0, 0, 23420), -- 277
(2457, 0, 0, 1437, 0, 0, 0, 'John Uferbach', NULL, 'Bankier', NULL, 0, 0, 0, 0, 0, 7, 0, 0, 3, 1, 0, 0, 23420), -- 2457
(2456, 0, 0, 1436, 0, 0, 0, 'Newton Uferbach', NULL, 'Bankier', NULL, 0, 0, 0, 0, 0, 7, 0, 0, 3, 1, 0, 0, 23420), -- 2456
(6740, 0, 0, 5444, 0, 0, 0, 'Gastwirtin Allison', NULL, 'Gastwirtin', NULL, 0, 0, 0, 0, 0, 7, 0, 0, 1.05, 1, 0, 0, 23420), -- 6740
(56925, 0, 0, 39532, 0, 0, 0, 'Farrah Facett', NULL, 'Epische Juwelenschliffdesigns', NULL, 3, 0, 0, 0, 0, 7, 0, 0, 1, 1, 0, 0, 23420), -- 56925
(44582, 0, 0, 33974, 0, 0, 0, 'Theresa Denman', NULL, 'Juwelierskunstlehrerin', NULL, 0, 0, 0, 0, 0, 7, 0, 0, 1, 1, 0, 0, 23420), -- 44582
(29142, 0, 0, 33948, 0, 0, 0, 'Jelinek Scharfschur', NULL, 'Barbier', NULL, 2, 0, 0, 0, 0, 7, 4096, 0, 1, 1, 0, 0, 23420), -- 29142
(1402, 0, 0, 1438, 0, 0, 0, 'Topper McNabb', NULL, NULL, NULL, 0, 0, 0, 0, 0, 7, 0, 0, 1, 1, 0, 0, 23420), -- 1402
(44774, 0, 0, 34070, 0, 0, 0, 'Genevieve', NULL, NULL, NULL, 0, 0, 0, 0, 0, 7, 0, 0, 1, 1, 0, 0, 23420), -- 44774
(112015, 0, 0, 71945, 0, 0, 0, 'Alptraumwelpling', NULL, NULL, NULL, 6, 0, 0, 0, 0, 12, 0, 0, 1, 1, 0, 121, 23420), -- Vástago de la Pesadilla
(44773, 0, 0, 11873, 0, 0, 0, 'Anastasia', NULL, NULL, NULL, 0, 0, 0, 0, 0, 7, 0, 0, 1, 1, 0, 0, 23420), -- 44773
(14438, 0, 0, 14492, 0, 0, 0, 'Offizier Pomeroy', NULL, NULL, NULL, -1, 0, 0, 1, 0, 7, 0, 0, 4, 1, 0, 0, 23420), -- 14438
(1294, 0, 0, 1423, 0, 0, 0, 'Aldric Moor', NULL, 'Händler für Kettenrüstungen', NULL, 0, 0, 0, 0, 0, 7, 0, 0, 1.05, 1, 0, 0, 23420), -- 1294
(8670, 0, 0, 7991, 0, 0, 0, 'Auktionator Chilton', NULL, NULL, NULL, -1, 0, 0, 0, 0, 7, 0, 0, 3, 1, 0, 0, 23420), -- 8670
(8719, 0, 0, 7992, 0, 0, 0, 'Auktionator Fitch', NULL, NULL, NULL, -1, 0, 0, 0, 0, 7, 0, 0, 3, 1, 0, 0, 23420), -- 8719
(1295, 0, 0, 1445, 0, 0, 0, 'Lara Moor', NULL, 'Lederrüstungshändlerin', NULL, 0, 0, 0, 0, 0, 7, 0, 0, 1.05, 1, 0, 0, 23420), -- 1295
(54569, 0, 0, 11686, 0, 0, 0, 'Transzendenzgeist', NULL, NULL, NULL, 2, 0, 0, 0, 0, 7, 83894272, 0, 0.3, 1, 0, 0, 23420), -- 54569
(1291, 0, 0, 1439, 0, 0, 0, 'Carla Granger', NULL, 'Stoffrüstungshändlerin', NULL, 0, 0, 0, 0, 0, 7, 0, 0, 1.05, 1, 0, 0, 23420), -- 1291
(15659, 0, 0, 15594, 0, 0, 0, 'Auktionatorin Jaxon', NULL, NULL, NULL, -1, 0, 0, 0, 0, 7, 0, 0, 3, 1, 0, 0, 23420), -- 15659
(1427, 0, 0, 5551, 0, 0, 0, 'Harlan Bagley', NULL, NULL, NULL, 0, 0, 0, 0, 0, 7, 0, 0, 1, 1, 0, 0, 23420), -- 1427
(29093, 0, 0, 25901, 0, 0, 0, 'Ian Drake', NULL, 'Ältester', NULL, 0, 0, 0, 0, 0, 7, 4096, 0, 1, 1, 0, 0, 23420), -- 29093
(61838, 0, 0, 42276, 0, 0, 0, 'Gavin Marlsbury', NULL, NULL, NULL, 0, 0, 0, 0, 0, 7, 4096, 0, 1, 1, 0, 0, 23420), -- 61838
(12481, 0, 0, 5446, 0, 0, 0, 'Justine Demalier', NULL, 'Anwerberin von Sturmwind', NULL, 0, 0, 0, 0, 0, 7, 0, 0, 2, 1, 0, 0, 23420), -- 12481
(49748, 0, 0, 36597, 0, 0, 0, 'Heldenherold', NULL, NULL, NULL, 3, 0, 0, 1, 0, 7, 4096, 0, 3, 1, 0, 0, 23420), -- 49748
(1287, 0, 0, 1448, 0, 0, 0, 'Marda Weller', NULL, 'Waffenhändlerin', NULL, 0, 0, 0, 0, 0, 7, 0, 0, 1.05, 1, 0, 0, 23420), -- 1287
(1289, 0, 0, 1429, 0, 0, 0, 'Gunther Weller', NULL, 'Waffenhändler', NULL, 0, 0, 0, 0, 0, 7, 0, 0, 1.05, 1, 0, 0, 23420), -- 1289
(43819, 0, 0, 33518, 0, 0, 0, 'Kirsten Westmühle', NULL, 'Bankierin', NULL, 0, 0, 0, 0, 0, 7, 0, 0, 3, 1, 0, 0, 23420), -- 43819
(12480, 0, 0, 5567, 0, 0, 0, 'Melris Malagan', NULL, 'Hauptmann der Wache', NULL, 0, 0, 0, 0, 0, 7, 0, 0, 3, 1, 0, 0, 23420), -- 12480
(1257, 0, 0, 1431, 0, 0, 0, 'Keldric Boucher', NULL, 'Alchemiebedarf & Reagenzien', NULL, 0, 0, 0, 0, 0, 7, 0, 0, 1.05, 1, 0, 0, 23420), -- 1257
(1860, 0, 0, 1132, 0, 0, 0, 'Leerwandler', NULL, NULL, NULL, 4, 0, 0, 0, 16, 3, 262144, 1, 1, 2, 0, 121, 23420), -- Abisario
(61836, 0, 0, 42274, 0, 0, 0, 'Moni Knuffelspross', NULL, NULL, NULL, 0, 0, 0, 0, 0, 7, 4096, 0, 1, 1, 0, 0, 23420), -- 61836
(61834, 0, 0, 42273, 0, 0, 0, 'Alyn Schwarz', NULL, NULL, NULL, 4, 0, 0, 1, 0, 7, 4096, 0, 3, 1, 0, 0, 23420), -- 61834
(43822, 0, 0, 33520, 0, 0, 0, 'Thomas Westmühle', NULL, 'Bankier', NULL, 0, 0, 0, 0, 0, 7, 0, 0, 3, 1, 0, 0, 23420), -- 43822
(43820, 0, 0, 33519, 0, 0, 0, 'Scott Westmühle', NULL, 'Bankier', NULL, 0, 0, 0, 0, 0, 7, 0, 0, 3, 1, 0, 0, 23420), -- 43820
(1275, 0, 0, 1444, 0, 0, 0, 'Kyra Boucher', NULL, 'Reagenzien', NULL, 0, 0, 0, 0, 0, 7, 0, 0, 1.05, 1, 0, 0, 23420), -- 1275
(279, 0, 0, 5082, 0, 0, 0, 'Morgan Pestle', NULL, NULL, NULL, 0, 0, 0, 0, 0, 7, 0, 0, 1.05, 1, 0, 0, 23420), -- 279
(51440, 0, 0, 338, 0, 0, 0, 'Adam Pressler', NULL, NULL, NULL, 0, 0, 0, 0, 0, 7, 0, 0, 1, 1, 0, 0, 23420), -- 51440
(46602, 0, 0, 37372, 0, 0, 0, 'Shay Pressler', NULL, 'Gildenhändler', NULL, 0, 0, 0, 0, 0, 7, 0, 0, 1, 1, 0, 0, 23420), -- 46602
(6174, 0, 0, 4888, 0, 0, 0, 'Stephanie Turner', NULL, NULL, NULL, 0, 0, 0, 0, 0, 7, 0, 0, 1, 1, 0, 0, 23420), -- 6174
(5193, 0, 0, 3133, 0, 0, 0, 'Rebecca Laughlin', NULL, 'Designerin für Wappenröcke', NULL, 0, 0, 0, 0, 0, 7, 0, 0, 1.02, 1, 0, 0, 23420), -- 5193
(4974, 0, 0, 2974, 0, 0, 0, 'Aldwin Laughlin', NULL, 'Gildenmeister', NULL, 0, 0, 0, 0, 0, 7, 0, 0, 1.25, 1, 0, 0, 23420), -- 4974
(1432, 0, 0, 5074, 0, 0, 0, 'Renato Gallina', NULL, NULL, NULL, 0, 0, 0, 0, 0, 7, 0, 0, 1.2, 1, 0, 0, 23420), -- 1432
(78116, 0, 0, 525, 38373, 0, 0, 'Wasserelementar', NULL, NULL, NULL, 2, 0, 0, 0, 49, 4, 0, 0, 0.75, 0.33, 0, 0, 23420), -- 78116
(65153, 0, 0, 46026, 0, 0, 0, 'General Hammond Clay', NULL, 'Hochkommandant der Verteidigung von Sturmwind', NULL, 4, 0, 0, 1, 0, 7, 0, 0, 10, 1, 0, 0, 23420), -- 65153
(1286, 0, 0, 1440, 0, 0, 0, 'Edna Mullby', NULL, 'Handwerkswaren', NULL, 0, 0, 0, 0, 0, 7, 0, 0, 1.05, 1, 0, 0, 23420), -- 1286
(1285, 0, 0, 1434, 0, 0, 0, 'Thurman Mullby', NULL, 'Gemischtwaren', NULL, 0, 0, 0, 0, 0, 7, 0, 0, 1.05, 1, 0, 0, 23420), -- 1285
(26125, 0, 0, 24994, 24993, 24992, 24995, 'Auferstandener Verbündeter', NULL, NULL, NULL, 2, 0, 0, 0, 40, 6, 4096, 1, 1, 1, 0, 0, 23420), -- 26125
(4696, 0, 0, 2729, 0, 0, 0, 'Skorpashischnapper', NULL, NULL, NULL, 0, 0, 0, 0, 20, 1, 1, 0, 1, 1, 0, 0, 23420), -- 4696
(50669, 0, 0, 36839, 0, 0, 0, 'Dawn Radue', NULL, 'Taschenhändlerin', NULL, 0, 0, 0, 0, 0, 7, 4096, 0, 1, 1, 0, 0, 23420), -- 50669
(42421, 0, 0, 18053, 18054, 18055, 0, 'Fischer von Sturmwind', NULL, NULL, NULL, 0, 0, 0, 0, 0, 7, 0, 0, 1.02, 1, 0, 0, 23420), -- 42421
(51348, 0, 0, 37310, 37311, 0, 0, 'Greifenreiter von Sturmwind', 'Greifenreiterin von Sturmwind', NULL, NULL, -1, 0, 0, 0, 0, 7, 2048, 0, 1.5, 1, 0, 197, 23420), -- 51348
(61896, 0, 0, 252, 0, 0, 0, 'Josie', NULL, NULL, NULL, 0, 0, 0, 0, 0, 7, 4096, 0, 1, 1, 0, 0, 23420), -- 61896
(61895, 0, 0, 221, 0, 0, 0, 'Marty', NULL, NULL, NULL, 0, 0, 0, 0, 0, 7, 4096, 0, 1, 1, 0, 0, 23420), -- 61895
(4981, 0, 0, 5547, 0, 0, 0, 'Ben Trias', NULL, 'Käsereilehrling', NULL, 0, 0, 0, 0, 0, 7, 0, 0, 1.02, 1, 0, 0, 23420), -- 4981
(482, 0, 0, 3246, 0, 0, 0, 'Elling Trias', NULL, 'Käsemeister', NULL, 0, 0, 0, 0, 0, 7, 0, 0, 1.05, 1, 0, 0, 23420), -- 482
(50523, 0, 0, 36814, 0, 0, 0, 'Kyle Radue', NULL, NULL, NULL, 0, 0, 0, 0, 0, 7, 4096, 0, 1, 1, 0, 0, 23420), -- 50523
(50525, 0, 0, 36816, 0, 0, 0, 'Chris Müller', NULL, NULL, NULL, 0, 0, 0, 0, 0, 7, 4096, 0, 1, 1, 0, 0, 23420), -- 50525
(50524, 0, 0, 36815, 0, 0, 0, 'Travis Nichols', NULL, 'Verkäufer von heißem Kaffee', NULL, 0, 0, 0, 0, 0, 7, 4096, 0, 1, 1, 0, 0, 23420), -- 50524
(483, 0, 0, 5546, 0, 0, 0, 'Elaine Trias', NULL, 'Käsemeisterin', NULL, 0, 0, 0, 0, 0, 7, 0, 0, 1.05, 1, 0, 0, 23420), -- 483
(12781, 0, 0, 12669, 0, 0, 0, 'Hauptfeldwebel Biggins', NULL, 'Rüstmeister für Zubehör', NULL, 0, 0, 0, 0, 0, 7, 4096, 0, 2, 1, 0, 0, 23420), -- 12781
(12785, 0, 0, 12925, 0, 0, 0, 'Stabsfeldwebel Clate', NULL, 'Rüstmeister für Rüstungen vergangener Zeiten', NULL, 0, 0, 0, 0, 0, 7, 4096, 0, 2, 1, 0, 0, 23420), -- 12785
(3518, 0, 0, 1541, 0, 0, 0, 'Thomas Müller', NULL, 'Bäcker', NULL, 0, 0, 0, 0, 0, 7, 0, 0, 1, 1, 0, 0, 23420), -- 3518
(12784, 0, 0, 12921, 0, 0, 0, 'Leutnant Jackspring', NULL, 'Rüstmeister für Waffen vergangener Zeiten', NULL, 0, 0, 0, 0, 0, 7, 4096, 0, 2, 1, 0, 0, 23420), -- 12784
(54660, 0, 0, 21512, 0, 0, 0, 'Leutnant Tristia', NULL, 'Rüstmeisterin für boshafte Gladiatoren', NULL, 2, 0, 0, 0, 0, 7, 4096, 0, 2, 1, 0, 0, 23420), -- 54660
(37944, 0, 0, 3167, 0, 0, 0, 'Stadtpatrolleur von Sturmwind', NULL, NULL, NULL, -1, 0, 0, 0, 0, 7, 0, 0, 1.5, 1, 0, 0, 23420), -- 37944
(69974, 0, 0, 31953, 0, 0, 0, 'Hauptmann T''Maire Sydes', NULL, 'Rüstmeisterin für ruchlose Gladiatoren', NULL, 2, 0, 0, 0, 0, 7, 4096, 0, 2, 1, 0, 0, 23420), -- 69974
(2334, 0, 0, 11686, 0, 0, 0, 'Ereignisgenerator 001', NULL, NULL, NULL, 0, 0, 0, 0, 0, 10, 0, 0, 0.2, 1, 0, 0, 23420), -- 2334
(69975, 0, 0, 12917, 0, 0, 0, 'Hauptmann Klagehammer', NULL, 'Rüstmeister für Eroberungspunkte', NULL, 1, 0, 0, 0, 0, 7, 4096, 0, 2, 1, 0, 0, 23420), -- 69975
(12780, 0, 0, 12924, 0, 0, 0, 'Stabsfeldwebel Himmelsschatten', NULL, NULL, NULL, 0, 0, 0, 0, 0, 7, 4096, 0, 2, 1, 0, 0, 23420), -- 12780
(49877, 0, 0, 36758, 0, 0, 0, 'Hauptmann Lancy Revshon', NULL, 'Rüstmeisterin von Sturmwind', NULL, 0, 0, 0, 0, 0, 7, 0, 0, 1, 1, 0, 0, 23420), -- 49877
(52030, 0, 0, 37720, 0, 0, 0, 'Liliana Frostglut', NULL, 'Ehrenerbstücke', NULL, 0, 0, 0, 0, 0, 7, 0, 0, 1, 1, 0, 0, 23420), -- 52030
(19848, 0, 0, 19216, 0, 0, 0, 'Herold Ennarth', NULL, NULL, NULL, 1, 0, 0, 0, 0, 7, 4096, 0, 2, 1, 0, 0, 23420), -- 19848
(42339, 0, 0, 31269, 19670, 15921, 2239, 'Kanalkrebs', NULL, NULL, 'LootAll', 2, 0, 0, 0, 0, 1, 0, 0, 1, 1, 0, 0, 23420), -- 42339
(52029, 0, 0, 37719, 0, 0, 0, 'Edlan Halsing', NULL, 'Rüstmeister für blutrünstige Gladiatoren', NULL, 0, 0, 0, 0, 0, 7, 0, 0, 1, 1, 0, 0, 23420), -- 52029
(12779, 0, 0, 12910, 0, 0, 0, 'Erzmagier Gaiman', NULL, NULL, NULL, 0, 0, 0, 0, 0, 7, 4096, 0, 2, 2, 0, 0, 23420), -- 12779
(43769, 0, 0, 33507, 0, 0, 0, 'Bralla Wolkenflug', NULL, 'Fluglehrerin', NULL, 0, 0, 0, 0, 0, 7, 0, 0, 1, 1, 0, 0, 23420), -- 43769
(43768, 0, 0, 33506, 0, 0, 0, 'Tannec Steinschnabel', NULL, 'Greifenhüter', NULL, 0, 0, 0, 0, 0, 7, 0, 0, 1, 1, 0, 0, 23420), -- 43768
(35477, 0, 0, 344, 0, 0, 0, 'Die kleine Adeline', NULL, NULL, NULL, 0, 0, 0, 0, 0, 7, 0, 0, 1, 1, 0, 0, 23420), -- 35477
(4075, 0, 0, 1141, 1418, 2176, 0, 'Ratte', NULL, NULL, NULL, 6, 0, 0, 0, 0, 8, 0, 0, 0.2, 1, 0, 100, 23420), -- Rata
(1303, 0, 0, 1441, 0, 0, 0, 'Felicia Gump', NULL, 'Kräuterkundebedarf', NULL, 0, 0, 0, 0, 0, 7, 0, 0, 1.05, 1, 0, 0, 23420), -- 1303
(1302, 0, 0, 1425, 0, 0, 0, 'Bernard Gump', NULL, 'Florist', NULL, 0, 0, 0, 0, 0, 7, 0, 0, 1.05, 1, 0, 0, 23420), -- 1302
(352, 0, 0, 5128, 0, 0, 0, 'Dungar Trinkfest', NULL, 'Greifenmeister', NULL, -1, 0, 0, 1, 0, 7, 0, 0, 3, 3, 0, 0, 23420), -- 352
(1976, 0, 0, 3167, 0, 0, 0, 'Stadtpatrolleur von Sturmwind', NULL, NULL, 'Directions', -1, 0, 0, 0, 0, 7, 0, 0, 1.5, 1, 0, 0, 23420), -- 1976
(14721, 0, 0, 14733, 0, 0, 0, 'Feldmarschall Afrasiabi', NULL, NULL, NULL, 0, 0, 0, 1, 0, 7, 0, 0, 16, 1, 0, 0, 23420), -- 14721
(32520, 0, 0, 16480, 21342, 0, 0, 'Totally Generic Bunny (All Phase)', NULL, NULL, NULL, 1, 0, 0, 0, 0, 10, 0, 0, 1, 1, 0, 0, 23420), -- 32520
(17804, 0, 0, 17250, 0, 0, 0, 'Knappe Rowe', NULL, NULL, NULL, 0, 0, 0, 0, 0, 7, 0, 0, 1.3, 1, 0, 0, 23420), -- 17804
(4959, 0, 0, 4469, 0, 0, 0, 'Jorgen', NULL, NULL, NULL, 0, 0, 0, 0, 0, 7, 0, 0, 1, 1, 0, 0, 23420), -- 4959
(111190, 0, 0, 328, 11686, 0, 0, UNKNOWN, NULL, NULL, NULL, 6, 0, 0, 0, 0, 10, 1049600, 0, 1, 1, 0, 0, 23420), -- 111190
(79746, 0, 0, 58175, 0, 0, 0, 'Terokralle', NULL, NULL, NULL, 5, 0, 0, 0, 7, 1, 1, 0, 1, 1, 0, 0, 23420), -- 79746
(106548, 0, 0, 68899, 0, 0, 0, 'Hati', NULL, NULL, NULL, 0, 0, 0, 0, 0, 1, 16786432, 16, 1, 1, 0, 961, 23420), -- 106548
(62822, 0, 0, 42722, 0, 0, 0, 'Cousin Träghand', NULL, 'Handelsreisender', NULL, 4, 0, 0, 0, 0, 7, 0, 0, 1, 1, 0, 0, 23420), -- 62822
(62821, 0, 0, 42720, 0, 0, 0, 'Mystiker Vogelhut', NULL, 'Transmogrifizierer', 'transmogrify', 4, 0, 0, 0, 0, 7, 0, 0, 1.5, 1.5, 0, 0, 23420), -- 62821
(42717, 0, 0, 903, 0, 0, 0, 'Junger Wolf', NULL, NULL, NULL, 0, 0, 0, 0, 1, 1, 1, 0, 1, 1, 0, 0, 23420), -- 42717
(16548, 0, 0, 16257, 0, 0, 0, 'Dr. Wackel', NULL, NULL, NULL, 0, 0, 0, 0, 0, 12, 0, 0, 1, 1, 0, 121, 23420), -- Don Cochinillo
(3937, 0, 0, 3234, 0, 0, 0, 'Kira Liederschein', NULL, 'Umherziehende Bäckerin', NULL, 0, 0, 0, 0, 0, 7, 0, 0, 1, 1, 0, 0, 23420), -- 3937
(113, 0, 0, 503, 0, 0, 0, 'Steinhauereber', NULL, NULL, NULL, 0, 0, 0, 0, 5, 1, 1, 0, 1, 1, 0, 100, 23420), -- 113
(63015, 0, 0, 5554, 0, 0, 0, 'Tigerchen', NULL, 'Kampfhaustier', NULL, 0, 0, 0, 0, 0, 8, 0, 0, 0.01, 1, 0, 100, 23420), -- 63015
(63014, 0, 0, 13091, 0, 0, 0, 'Marcus Jensen', NULL, 'Kampfhaustiertrainer', NULL, 0, 0, 0, 0, 0, 7, 0, 0, 1, 1, 0, 0, 23420), -- 63014
(46985, 0, 0, 21955, 11686, 0, 0, '[DNT] Generic Target Bunny', NULL, NULL, NULL, 0, 0, 0, 0, 0, 10, 0, 0, 1, 1, 0, 0, 23420), -- 46985
(46983, 0, 0, 35369, 0, 0, 0, 'Benjamin Fuchsfell', NULL, 'Jägerlehrer', NULL, 0, 0, 0, 0, 0, 7, 0, 0, 1, 1, 0, 0, 23420), -- 46983
(46982, 0, 0, 30301, 0, 0, 0, 'Schlitzohr', NULL, 'Benjamins Begleiter', NULL, 0, 0, 0, 0, 50, 1, 0, 0, 1, 1, 0, 0, 23420), -- 46982
(927, 0, 0, 1299, 0, 0, 0, 'Bruder Wilhelm', NULL, 'Paladinlehrer', NULL, 0, 0, 0, 0, 0, 7, 0, 0, 1, 1, 0, 0, 23420), -- 927
(913, 0, 0, 1300, 0, 0, 0, 'Lyria Du Lac', NULL, 'Kriegerlehrerin', NULL, 0, 0, 0, 0, 0, 7, 0, 0, 1, 1, 0, 0, 23420), -- 913
(797, 0, 0, 338, 0, 0, 0, 'Bo', NULL, NULL, NULL, 0, 0, 0, 0, 0, 7, 0, 0, 1, 1, 0, 0, 23420), -- 797
(74, 0, 0, 1289, 0, 0, 0, 'Kurran Stähler', NULL, 'Tuch- & Lederrüstungshändler', NULL, 0, 0, 0, 0, 0, 7, 0, 0, 1, 1, 0, 0, 23420), -- 74
(54, 0, 0, 1287, 0, 0, 0, 'Corina Stähler', NULL, 'Waffenschmiedin', NULL, 0, 0, 0, 0, 0, 7, 0, 0, 1, 1, 0, 0, 23420), -- 54
(47384, 0, 0, 35576, 0, 0, 0, 'Lien Farner', NULL, 'Berufsausbilder', NULL, 0, 0, 0, 0, 0, 7, 0, 0, 1, 1, 0, 0, 23420), -- 47384
(241, 0, 0, 3254, 0, 0, 0, 'Remy "Zweifach"', NULL, NULL, NULL, 0, 0, 0, 0, 0, 7, 0, 0, 1, 1, 0, 0, 23420), -- 241
(66, 0, 0, 1298, 0, 0, 0, 'Tharynn Bouden', NULL, 'Handwerkswaren', NULL, 0, 0, 0, 0, 0, 7, 0, 0, 1, 1, 0, 0, 23420), -- 66
(796, 0, 0, 221, 0, 0, 0, 'Joshua', NULL, NULL, NULL, 0, 0, 0, 0, 0, 7, 0, 0, 1, 1, 0, 0, 23420), -- 796
(795, 0, 0, 338, 0, 0, 0, 'Mark', NULL, NULL, NULL, 0, 0, 0, 0, 0, 7, 0, 0, 1, 1, 0, 0, 23420), -- 795
(2046, 0, 0, 3340, 0, 0, 0, 'Andrew Krighton', NULL, 'Rüstungsschmied & Schildmacher', NULL, 0, 0, 0, 0, 0, 7, 0, 0, 1, 1, 0, 0, 23420), -- 2046
(514, 0, 0, 1288, 0, 0, 0, 'Schmied Argus', NULL, 'Schmiedekunstlehrer', NULL, 0, 0, 0, 0, 0, 7, 0, 0, 1.02, 1, 0, 0, 23420), -- 514
(240, 0, 0, 1985, 0, 0, 0, 'Marschall Dughan', NULL, NULL, NULL, 0, 0, 0, 0, 0, 7, 0, 0, 1.02, 1, 0, 0, 23420), -- 240
(11940, 0, 0, 11898, 0, 0, 0, 'Merissa Stillbrunn', NULL, NULL, NULL, 0, 0, 0, 0, 0, 7, 0, 0, 1, 1, 0, 0, 23420), -- 11940
(42983, 0, 0, 3263, 0, 0, 0, 'Bartlett der Tapfere', NULL, 'Greifenmeister', NULL, -1, 0, 0, 1, 0, 7, 0, 0, 3, 3, 0, 0, 23420), -- 42983
(620, 0, 0, 304, 0, 0, 0, 'Huhn', NULL, NULL, NULL, 6, 0, 0, 0, 0, 8, 0, 0, 0.01, 1, 0, 100, 23420), -- 620
(5406, 0, 0, 2408, 0, 0, 0, 'Palomino', NULL, NULL, NULL, 0, 0, 0, 0, 0, 1, 0, 0, 1, 1, 0, 140, 23420), -- 5406
(6749, 0, 0, 9257, 0, 0, 0, 'Erma', NULL, 'Stallmeisterin', NULL, 0, 0, 0, 0, 0, 7, 0, 0, 1.05, 1, 0, 0, 23420), -- 6749
(377, 0, 0, 1295, 0, 0, 0, 'Priesterin Josetta', NULL, 'Priesterlehrerin', NULL, 0, 0, 0, 0, 0, 7, 0, 0, 1, 1, 0, 0, 23420), -- 377
(253, 0, 0, 5038, 0, 0, 0, 'William Pestle', NULL, NULL, NULL, 0, 0, 0, 0, 0, 7, 0, 0, 1, 1, 0, 0, 23420), -- 253
(6778, 0, 0, 5527, 0, 0, 0, 'Melika Isenlauf', NULL, 'Gastwirtsgehilfin', NULL, 0, 0, 0, 0, 0, 7, 0, 0, 1, 1, 0, 0, 23420), -- 6778
(328, 0, 0, 1294, 0, 0, 0, 'Zaldimar Wefhellt', NULL, 'Magierlehrer', NULL, 0, 0, 0, 0, 0, 7, 0, 0, 1, 1, 0, 0, 23420), -- 328
(6121, 0, 0, 4866, 0, 0, 0, 'Remen Marcot', NULL, NULL, NULL, 0, 0, 0, 0, 0, 7, 0, 0, 1, 1, 0, 0, 23420), -- 6121
(906, 0, 0, 3271, 0, 0, 0, 'Maximillian Raab', NULL, 'Hexenmeisterlehrer', NULL, 0, 0, 0, 0, 0, 7, 0, 0, 1, 1, 0, 0, 23420), -- 906
(917, 0, 0, 1297, 0, 0, 0, 'Keryn Sylvius', NULL, 'Schurkenlehrerin', NULL, 0, 0, 0, 0, 0, 7, 0, 0, 1, 1, 0, 0, 23420), -- 917
(151, 0, 0, 1292, 0, 0, 0, 'Brog Grobschlacht', NULL, 'Gemischtwaren', NULL, 0, 0, 0, 0, 0, 7, 0, 0, 1, 1, 0, 0, 23420), -- 151
(2329, 0, 0, 1296, 0, 0, 0, 'Michelle Belle', NULL, 'Lehrerin für Erste Hilfe', NULL, 0, 0, 0, 0, 0, 7, 0, 0, 1, 1, 0, 0, 23420), -- 2329
(295, 0, 0, 1291, 0, 0, 0, 'Gastwirt Farley', NULL, 'Gastwirt', NULL, 0, 0, 0, 0, 0, 7, 0, 0, 1.05, 1, 0, 0, 23420), -- 295
(6374, 0, 0, 5092, 0, 0, 0, 'Cylina Dunkelseel', NULL, 'Dämonenausbilderin', NULL, 0, 0, 0, 0, 0, 7, 0, 0, 1, 1, 0, 0, 23420), -- 6374
(3935, 0, 0, 3236, 0, 0, 0, 'Toddrick', NULL, 'Metzger', NULL, 0, 0, 0, 0, 0, 7, 0, 0, 1, 1, 0, 0, 23420), -- 3935
(1430, 0, 0, 1293, 0, 0, 0, 'Tomas', NULL, 'Kochkunstlehrer', NULL, 0, 0, 0, 0, 0, 7, 0, 0, 1, 1, 0, 0, 23420), -- 1430
(465, 0, 0, 3266, 0, 0, 0, 'Barkeeper Dobbins', NULL, 'Schankkellner', NULL, 0, 0, 0, 0, 0, 7, 0, 0, 1, 1, 0, 0, 23420), -- 465
(71938, 0, 0, 14403, 0, 0, 0, 'Lunk', NULL, NULL, NULL, 0, 0, 0, 0, 0, 7, 8388608, 0, 1, 1, 0, 0, 23420), -- 71938
(71261, 0, 0, 48715, 0, 0, 0, 'Wippe', NULL, NULL, 'vehichleCursor', 0, 0, 0, 0, 0, 9, 537919504, 6, 1, 1, 0, 0, 23420), -- 71261
(735, 0, 0, 527, 0, 0, 0, 'Murlocbachläufer', NULL, NULL, NULL, 0, 0, 0, 0, 0, 7, 0, 0, 1, 1, 0, 144, 23420), -- 735
(68, 0, 0, 3167, 5446, 0, 0, 'Stadtwache von Sturmwind', NULL, NULL, 'Directions', -1, 0, 0, 0, 0, 7, 0, 0, 1.5, 1, 0, 144, 23420), -- 68
(794, 0, 0, 338, 0, 0, 0, 'Matt', NULL, NULL, NULL, 0, 0, 0, 0, 0, 7, 0, 0, 1, 1, 0, 0, 23420), -- 794
(30, 0, 0, 382, 0, 0, 0, 'Waldspinne', NULL, NULL, NULL, 0, 0, 0, 0, 3, 1, 1, 0, 1, 1, 0, 100, 23420), -- 30
(1651, 0, 0, 3272, 0, 0, 0, 'Lee Braun', NULL, 'Angellehrer', NULL, 0, 0, 0, 0, 0, 7, 0, 0, 1, 1, 0, 0, 23420), -- 1651
(6306, 0, 0, 5365, 0, 0, 0, 'Helene Pelzschneider', NULL, 'Kürschnerlehrerin', NULL, 0, 0, 0, 0, 0, 7, 0, 0, 1, 1, 0, 0, 23420), -- 6306
(383, 0, 0, 3273, 0, 0, 0, 'Jason Mathers', NULL, 'Fischhändler', NULL, 0, 0, 0, 0, 0, 7, 0, 0, 1, 1, 0, 0, 23420), -- 383
(1632, 0, 0, 3335, 0, 0, 0, 'Adele Fädler', NULL, 'Lederverarbeitungslehrerin', NULL, 0, 0, 0, 0, 0, 7, 0, 0, 1.02, 1, 0, 0, 23420), -- 1632
(13321, 0, 0, 6297, 1924, 6295, 901, 'Kleiner Frosch', NULL, NULL, NULL, 0, 0, 0, 0, 0, 8, 0, 0, 1, 1, 0, 121, 23420), -- 13321
(61165, 0, 0, 654, 0, 0, 0, 'Rehkitz', NULL, NULL, 'wildpetcapturable', 0, 0, 0, 0, 0, 14, 0, 0, 0.01, 1, 0, 100, 23420), -- Cervato
(1412, 0, 0, 134, 0, 0, 0, 'Eichhörnchen', NULL, NULL, NULL, 0, 0, 0, 0, 0, 8, 0, 0, 0.2, 1, 0, 100, 23420), -- 1412
(525, 0, 0, 903, 0, 0, 0, 'Räudiger Wolf', NULL, NULL, NULL, 0, 0, 0, 0, 1, 1, 1, 0, 1, 1, 0, 100, 23420), -- 525
(61081, 0, 0, 134, 0, 0, 0, 'Eichhörnchen', NULL, NULL, 'wildpetcapturable', 0, 0, 0, 0, 0, 14, 0, 0, 0.2, 1, 0, 100, 23420), -- Ardilla
(299, 0, 0, 18156, 0, 0, 0, 'Junger Wolf', NULL, NULL, NULL, 0, 0, 0, 0, 1, 1, 1, 0, 1, 1, 0, 100, 23420), -- 299
(66163, 0, 0, 5585, 5555, 5556, 5586, 'Katze', NULL, NULL, NULL, 0, 0, 0, 0, 0, 8, 0, 0, 0.01, 1, 0, 100, 23420), -- 66163
(7382, 0, 0, 5554, 0, 0, 0, 'Orangefarbene Tigerkatze', NULL, NULL, NULL, 0, 0, 0, 0, 0, 12, 0, 0, 1, 1, 0, 121, 23420), -- Atigrado naranja
(7381, 0, 0, 5555, 0, 0, 0, 'Silberne Tigerkatze', NULL, NULL, NULL, 0, 0, 0, 0, 0, 12, 0, 0, 1, 1, 0, 121, 23420), -- Atigrado plateado
(6367, 0, 0, 5086, 0, 0, 0, 'Donni Anthania', NULL, 'Verrückte Katzenfrau', NULL, 0, 0, 0, 0, 0, 7, 0, 0, 1, 1, 0, 0, 23420), -- 6367
(2442, 0, 0, 1060, 0, 0, 0, 'Kuh', NULL, NULL, NULL, 0, 0, 0, 0, 0, 1, 0, 0, 0.01, 1, 0, 100, 23420), -- 2442
(7385, 0, 0, 5556, 0, 0, 0, 'Bombaykatze', NULL, NULL, NULL, 0, 0, 0, 0, 0, 12, 0, 0, 1, 1, 0, 121, 23420), -- Gato bombay
(6368, 0, 0, 5585, 5555, 5556, 5586, 'Katze', NULL, NULL, NULL, 0, 0, 0, 0, 0, 8, 0, 0, 0.01, 1, 0, 100, 23420), -- 6368
(1423, 0, 0, 3258, 3257, 0, 0, 'Wache von Sturmwind', 'Wache von Sturmwind', NULL, 'Directions', 0, 0, 0, 0, 0, 7, 0, 0, 2, 1, 0, 0, 23420), -- 1423
(94, 0, 0, 33163, 33164, 0, 0, 'Taschendieb', 'Taschendiebin', NULL, NULL, 0, 0, 0, 0, 0, 7, 0, 0, 1, 1, 0, 100, 23420), -- 94
(1933, 0, 0, 856, 857, 0, 0, 'Schaf', NULL, NULL, NULL, 0, 0, 0, 0, 0, 1, 0, 0, 0.2, 1, 0, 100, 23420), -- 1933
(43, 0, 0, 368, 0, 0, 0, 'Minenspinne', NULL, NULL, NULL, 0, 0, 0, 0, 3, 1, 1, 0, 1, 1, 0, 100, 23420), -- 43
(49540, 0, 0, 1141, 1418, 2176, 0, 'Ratte von Sturmwind', NULL, NULL, NULL, 0, 0, 0, 0, 0, 8, 0, 0, 0.2, 1, 0, 100, 23420), -- 49540
(14881, 0, 0, 45902, 45903, 0, 0, 'Spinne', NULL, NULL, NULL, 0, 0, 0, 0, 0, 8, 0, 0, 0.2, 1, 0, 100, 23420), -- 14881
(40, 0, 0, 373, 0, 0, 0, 'Koboldminenarbeiter', NULL, NULL, NULL, 0, 0, 0, 0, 0, 7, 0, 0, 1, 1, 0, 100, 23420), -- 40
(61071, 0, 0, 6297, 1924, 6295, 901, 'Kleiner Frosch', NULL, NULL, 'wildpetcapturable', 0, 0, 0, 0, 0, 14, 0, 0, 1, 1, 0, 121, 23420), -- Rana pequeña
(61080, 0, 0, 328, 4626, 0, 0, 'Kaninchen', NULL, NULL, 'wildpetcapturable', 0, 0, 0, 0, 0, 14, 0, 0, 0.01, 1, 0, 100, 23420), -- Conejo
(42938, 0, 0, 33143, 0, 0, 0, 'Kurtok der Schlächter', NULL, NULL, NULL, 0, 0, 0, 0, 0, 7, 2147483720, 0, 2, 1, 0, 100, 23420), -- 42938
(42937, 0, 0, 33142, 33144, 33145, 33146, 'Eindringling des Schwarzfels', 'Eindringling des Schwarzfels', NULL, NULL, 0, 0, 0, 0, 0, 7, 0, 0, 1, 1, 0, 100, 23420), -- 42937
(62, 0, 0, 511, 0, 0, 0, 'Gug Fettkerze', NULL, NULL, NULL, 0, 0, 0, 4, 0, 7, 0, 0, 1.5, 1, 0, 100, 23420), -- 62
(42940, 0, 0, 22712, 11686, 0, 0, 'Northshire Vineyards Fire Trigger', NULL, NULL, NULL, 0, 0, 0, 0, 0, 10, 1048576, 0, 1, 1, 0, 0, 23420), -- 42940
(11260, 0, 0, 11354, 0, 0, 0, 'Arbeiter von Nordhain', NULL, NULL, NULL, 0, 0, 0, 0, 0, 7, 0, 0, 1, 1, 0, 0, 23420), -- 11260
(50039, 0, 0, 36690, 36691, 36692, 0, 'Goblinischer Auftragsmörder', 'Goblinische Auftragsmörderin', NULL, NULL, 0, 0, 0, 0, 0, 7, 0, 0, 1, 1, 0, 100, 23420), -- 50039
(6774, 0, 0, 5526, 0, 0, 0, 'Falkhaan Isenlauf', NULL, NULL, NULL, 0, 0, 0, 0, 0, 7, 0, 0, 1, 1, 0, 0, 23420), -- 6774
(1642, 0, 0, 3167, 3257, 0, 0, 'Wache von Nordhain', NULL, NULL, NULL, -1, 0, 0, 1, 0, 7, 0, 0, 15, 1, 0, 0, 23420), -- 1642
(890, 0, 0, 654, 0, 0, 0, 'Rehkitz', NULL, NULL, NULL, 0, 0, 0, 0, 151, 8, 0, 0, 0.2, 1, 0, 100, 23420), -- 890
(883, 0, 0, 347, 0, 0, 0, 'Reh', NULL, NULL, NULL, 0, 0, 0, 0, 151, 1, 0, 0, 0.01, 1, 0, 100, 23420), -- 883
(50047, 0, 0, 32729, 0, 0, 0, 'Verletzter Infanterist von Sturmwind', NULL, NULL, 'SkinAlliance', 0, 0, 0, 0, 0, 7, 0, 0, 1, 1, 0, 0, 23420), -- 50047
(50378, 0, 0, 32729, 25204, 0, 0, 'Injured Stormwind Infantry Dummy', NULL, NULL, 'SkinAlliance', 0, 0, 0, 0, 0, 7, 1048576, 0, 1, 1, 0, 0, 23420), -- 50378
(89715, 0, 0, 61764, 0, 0, 0, 'Franklin Martin', NULL, 'Transporter', NULL, -1, 0, 0, 0, 0, 7, 0, 0, 1, 1, 0, 0, 23420), -- 89715
(951, 0, 0, 3253, 0, 0, 0, 'Bruder Paxton', NULL, NULL, NULL, 0, 0, 0, 0, 0, 7, 0, 0, 1.05, 20, 0, 0, 23420), -- 951
(42944, 0, 0, 22712, 11686, 0, 0, 'Hose Anchor', NULL, NULL, NULL, 0, 0, 0, 0, 0, 10, 1048576, 0, 1, 1, 0, 0, 23420), -- 42944
(915, 0, 0, 3351, 0, 0, 0, 'Jorik Kerridan', NULL, 'Schurkenlehrer', NULL, 0, 0, 0, 0, 0, 7, 0, 0, 1, 1, 0, 0, 23420), -- 915
(823, 0, 0, 2072, 0, 0, 0, 'Unteroffizier Willem', NULL, NULL, NULL, 0, 0, 0, 0, 0, 7, 0, 0, 1, 1, 0, 0, 23420), -- 823
(375, 0, 0, 3344, 0, 0, 0, 'Priesterin Anetta', NULL, 'Priesterlehrerin', NULL, 0, 0, 0, 0, 0, 7, 0, 0, 1, 1, 0, 0, 23420), -- 375
(198, 0, 0, 5001, 0, 0, 0, 'Khelden Bremen', NULL, 'Magierlehrer', NULL, 0, 0, 0, 0, 0, 7, 0, 0, 1, 1, 0, 0, 23420), -- 198
(925, 0, 0, 3346, 0, 0, 0, 'Bruder Sammuel', NULL, 'Paladinlehrer', NULL, 0, 0, 0, 0, 0, 7, 0, 0, 1, 1, 0, 0, 23420), -- 925
(63258, 0, 0, 42915, 0, 0, 0, 'Bao', NULL, 'Mönchslehrer', NULL, 4, 0, 0, 0, 0, 7, 0, 0, 1, 1, 0, 0, 23420), -- 63258
(911, 0, 0, 3343, 0, 0, 0, 'Llane Beshere', NULL, 'Kriegerlehrer', NULL, 0, 0, 0, 0, 0, 7, 0, 0, 1, 1, 0, 0, 23420), -- 911
(24110, 0, 0, 1126, 11686, 0, 0, 'ELM General Purpose Bunny Large', NULL, NULL, NULL, 0, 0, 0, 0, 0, 10, 1056, 0, 1, 1, 0, 0, 23420), -- 24110
(12922, 0, 0, 4449, 0, 0, 0, 'Wichteldiener', NULL, NULL, NULL, 0, 0, 0, 0, 0, 3, 0, 0, 0.36, 0.33, 0, 121, 23420), -- 12922
(6373, 0, 0, 5087, 0, 0, 0, 'Dane Winsloe', NULL, 'Dämonenausbilder', NULL, 0, 0, 0, 0, 0, 7, 0, 0, 1, 1, 0, 0, 23420), -- 6373
(459, 0, 0, 3345, 0, 0, 0, 'Drusilla La Salle', NULL, 'Hexenmeisterlehrerin', NULL, 0, 0, 0, 0, 0, 7, 0, 0, 1, 1, 0, 0, 23420), -- 459
(952, 0, 0, 3317, 0, 0, 0, 'Bruder Neals', NULL, NULL, NULL, 0, 0, 0, 0, 0, 7, 0, 0, 1.25, 1, 0, 0, 23420), -- 952
(49874, 0, 0, 36653, 36652, 36654, 36655, 'Spion des Schwarzfels', 'Spionin des Schwarzfels', NULL, NULL, 0, 0, 0, 0, 0, 7, 0, 0, 1, 1, 0, 100, 23420), -- 49874
(196, 0, 0, 3251, 0, 0, 0, 'Eagan Pelzschneider', NULL, NULL, NULL, 0, 0, 0, 0, 0, 7, 0, 0, 1, 1, 0, 0, 23420), -- 196
(44548, 0, 0, 3019, 0, 0, 0, 'Trainingsattrappe', NULL, NULL, NULL, 0, 0, 0, 0, 0, 9, 0, 8192, 3, 1, 0, 0, 23420), -- 44548
(49871, 0, 0, 40147, 0, 0, 0, 'Worg des Schwarzfelsklans', NULL, NULL, NULL, 0, 0, 0, 0, 1, 1, 1, 0, 1, 1, 0, 100, 23420), -- 49871
(49869, 0, 0, 32729, 0, 0, 0, 'Infanterist von Sturmwind', NULL, NULL, NULL, 2, 0, 0, 0, 0, 7, 4096, 0, 1, 1, 0, 0, 23420), -- 49869
(5403, 0, 0, 2410, 0, 0, 0, 'Reitbarer Schimmel', NULL, NULL, NULL, 0, 0, 0, 0, 0, 1, 0, 0, 1, 1, 0, 140, 23420), -- 5403
(44564, 0, 0, 33967, 33968, 33969, 33970, 'Verwundeter Lehrling', 'Verwundeter Lehrling', NULL, NULL, 2, 0, 0, 0, 0, 7, 4096, 0, 2, 1, 0, 0, 23420), -- 44564
(78, 0, 0, 3275, 0, 0, 0, 'Janos Knöchelhammer', NULL, 'Waffenschmied', NULL, 0, 0, 0, 0, 0, 7, 0, 0, 1, 1, 0, 0, 23420), -- 78
(190, 0, 0, 3276, 0, 0, 0, 'Dermot Johns', NULL, 'Tuch- & Lederrüstungshändler', NULL, 0, 0, 0, 0, 0, 7, 0, 0, 1, 1, 0, 0, 23420), -- 190
(152, 0, 0, 3277, 0, 0, 0, 'Bruder Danil', NULL, 'Gemischtwaren', NULL, 0, 0, 0, 0, 0, 7, 0, 0, 1, 1, 0, 0, 23420), -- 152
(71486, 0, 0, 48931, 0, 0, 0, 'Pegasus', NULL, NULL, NULL, 0, 0, 0, 0, 0, 1, 0, 0, 1, 1, 0, 140, 23420), -- 71486
(63766, 0, 0, 43562, 0, 0, 0, 'Donnernde Jadewolkenschlange', NULL, NULL, NULL, 3, 0, 0, 0, 35, 1, 0, 0, 1, 1, 0, 140, 23420), -- 63766
(61809, 0, 0, 42250, 0, 0, 0, 'Grüne Drachenschildkröte', NULL, NULL, NULL, 4, 0, 0, 0, 0, 1, 0, 0, 1, 1, 0, 140, 23420), -- 61809
(48632, 0, 0, 36213, 0, 0, 0, 'Goldkönig', NULL, NULL, NULL, 0, 0, 0, 0, 0, 1, 0, 0, 1, 1, 0, 140, 23420), -- 48632
(45338, 0, 0, 34410, 0, 0, 0, 'Fossiler Raptor', NULL, NULL, NULL, 0, 0, 0, 0, 0, 1, 0, 0, 1, 1, 0, 140, 23420), -- 45338
(40725, 0, 0, 31992, 31992, 0, 0, 'X-53 Reiserakete', NULL, NULL, 'vehichleCursor', 0, 0, 0, 0, 0, 10, 0, 0, 1, 1, 0, 140, 23420), -- 40725
(34187, 0, 0, 29161, 0, 0, 0, 'Meeresschildkröte', NULL, NULL, NULL, 0, 0, 0, 0, 0, 1, 0, 0, 1, 1, 0, 140, 23420), -- 34187
(32633, 0, 0, 27237, 0, 0, 0, 'Tundramammut des Reisenden', NULL, NULL, 'vehichleCursor', 0, 0, 0, 0, 0, 1, 0, 0, 1, 1, 0, 180, 23420), -- 32633
(32335, 0, 0, 27913, 0, 0, 0, 'Gepanzerter weißer Greif', NULL, NULL, NULL, 2, 0, 0, 0, 0, 1, 0, 0, 1, 1, 0, 140, 23420), -- Grifo nevado acorazado
(32206, 0, 0, 27820, 0, 0, 0, 'Gepanzerter Braunbär', NULL, NULL, NULL, 0, 0, 0, 0, 0, 1, 0, 0, 1, 1, 0, 140, 23420), -- 32206
(31717, 0, 0, 25833, 0, 0, 0, 'Bronzefarbener Reitdrache', NULL, NULL, 'vehichleCursor', 2, 0, 0, 0, 0, 2, 0, 0, 5.95238, 1, 0, 113, 23420), -- 31717
(24653, 0, 0, 22719, 0, 0, 0, 'Flugmaschine', NULL, NULL, NULL, 0, 0, 0, 0, 0, 9, 0, 0, 1, 1, 0, 140, 23420), -- 24653
(18362, 0, 0, 17717, 0, 0, 0, 'Schneller purpurfarbener Greif', NULL, NULL, NULL, 1, 0, 0, 0, 0, 1, 0, 0, 1, 1, 0, 140, 23420), -- 18362
(18375, 0, 0, 17703, 0, 0, 0, 'Schneller grüner Greif', NULL, NULL, NULL, 1, 0, 0, 0, 0, 1, 0, 0, 1, 1, 0, 140, 23420), -- 18375
(18376, 0, 0, 17718, 0, 0, 0, 'Schneller roter Greif', NULL, NULL, NULL, 1, 0, 0, 0, 0, 1, 0, 0, 1, 1, 0, 140, 23420), -- 18376
(18406, 0, 0, 17759, 0, 0, 0, 'Schneller blauer Greif', NULL, NULL, NULL, 1, 0, 0, 0, 0, 1, 0, 0, 1, 1, 0, 140, 23420), -- 18406
(18359, 0, 0, 17696, 0, 0, 0, 'Weißer Greif', NULL, NULL, NULL, 1, 0, 0, 0, 0, 1, 0, 0, 1, 1, 0, 140, 23420), -- 18359
(18357, 0, 0, 17694, 0, 0, 0, 'Schwarzer Greif', NULL, NULL, NULL, 1, 0, 0, 0, 0, 1, 0, 0, 1, 1, 0, 140, 23420), -- 18357
(29929, 0, 0, 25871, 0, 0, 0, 'Feuerstuhl', NULL, NULL, 'vehichleCursor', 0, 0, 0, 0, 0, 9, 0, 0, 1, 1, 0, 180, 23420), -- 29929
(32203, 0, 0, 27818, 0, 0, 0, 'Schwarzer Kriegsbär', NULL, NULL, NULL, 0, 0, 0, 0, 0, 1, 0, 0, 1, 1, 0, 140, 23420), -- 32203
(18360, 0, 0, 17697, 0, 0, 0, 'Goldener Greif', NULL, NULL, NULL, 1, 0, 0, 0, 0, 1, 0, 0, 1, 1, 0, 140, 23420), -- 18360
(721, 0, 0, 328, 4626, 0, 0, 'Kaninchen', NULL, NULL, NULL, 0, 0, 0, 0, 0, 8, 0, 0, 0.01, 1, 0, 100, 23420), -- Conejo
(1213, 0, 0, 3278, 0, 0, 0, 'Godric Rothgar', NULL, 'Rüstungsschmied & Schildmacher', NULL, 0, 0, 0, 0, 0, 7, 0, 0, 1, 1, 0, 0, 23420), -- 1213
(50918, 0, 0, 71912, 0, 0, 0, 'Yelper', NULL, NULL, NULL, 0, 0, 0, 0, 1, 1, 1, 0, 1, 1, 0, 100, 23420), -- 50918
(42216, 0, 0, 32727, 32728, 0, 0, 'Armeeregistrator von Sturmwind', 'Armeeregistratorin von Sturmwind', NULL, NULL, 0, 0, 0, 0, 0, 7, 0, 0, 1, 1, 0, 0, 23420), -- 42216
(43291, 0, 0, 447, 0, 0, 0, 'Wilson', NULL, NULL, NULL, 0, 0, 0, 0, 1, 1, 0, 0, 1, 1, 0, 100, 23420), -- 43291
(43278, 0, 0, 33304, 0, 0, 0, 'Ashley Blank', NULL, 'Jägerlehrerin', NULL, 0, 0, 0, 0, 0, 7, 0, 0, 1, 1, 0, 0, 23420), -- 43278
(43292, 0, 0, 447, 0, 0, 0, 'Adele', NULL, NULL, NULL, 0, 0, 0, 0, 1, 1, 0, 0, 1, 1, 0, 100, 23420), -- 43292
(9296, 0, 0, 8489, 0, 0, 0, 'Milly Geltmark', NULL, NULL, NULL, 0, 0, 0, 0, 0, 7, 0, 0, 1, 1, 0, 0, 23420), -- 9296
(42218, 0, 0, 32729, 0, 0, 0, 'Königswache von Sturmwind', NULL, NULL, NULL, -1, 0, 0, 1, 0, 7, 0, 0, 2, 1, 0, 0, 23420), -- 42218
(197, 0, 0, 1859, 0, 0, 0, 'Marschall McBride', NULL, NULL, NULL, 0, 0, 0, 0, 0, 7, 0, 0, 1, 1, 0, 0, 23420); -- 197