-- TrinityCore - WowPacketParser
-- File name: multi
-- Detected build: V7_1_5_23420
-- Detected locale: deDE
-- Targeted database: Legion
-- Parsing date: 03/16/2017 22:46:21


DELETE FROM `quest_template_locale` WHERE (`ID`=13591 AND `locale`='deDE') OR (`ID`=13515 AND `locale`='deDE') OR (`ID`=13514 AND `locale`='deDE') OR (`ID`=13590 AND `locale`='deDE') OR (`ID`=13844 AND `locale`='deDE') OR (`ID`=13513 AND `locale`='deDE') OR (`ID`=13512 AND `locale`='deDE') OR (`ID`=13510 AND `locale`='deDE') OR (`ID`=13511 AND `locale`='deDE') OR (`ID`=13507 AND `locale`='deDE') OR (`ID`=13509 AND `locale`='deDE') OR (`ID`=13508 AND `locale`='deDE') OR (`ID`=13506 AND `locale`='deDE') OR (`ID`=13504 AND `locale`='deDE') OR (`ID`=13505 AND `locale`='deDE') OR (`ID`=13560 AND `locale`='deDE') OR (`ID`=13589 AND `locale`='deDE') OR (`ID`=13599 AND `locale`='deDE') OR (`ID`=13568 AND `locale`='deDE') OR (`ID`=13569 AND `locale`='deDE') OR (`ID`=13598 AND `locale`='deDE') OR (`ID`=13566 AND `locale`='deDE') OR (`ID`=13565 AND `locale`='deDE') OR (`ID`=13564 AND `locale`='deDE') OR (`ID`=13563 AND `locale`='deDE') OR (`ID`=13562 AND `locale`='deDE') OR (`ID`=13831 AND `locale`='deDE') OR (`ID`=13557 AND `locale`='deDE') OR (`ID`=13529 AND `locale`='deDE') OR (`ID`=13554 AND `locale`='deDE') OR (`ID`=13528 AND `locale`='deDE') OR (`ID`=13527 AND `locale`='deDE') OR (`ID`=13521 AND `locale`='deDE') OR (`ID`=13537 AND `locale`='deDE') OR (`ID`=13520 AND `locale`='deDE') OR (`ID`=13561 AND `locale`='deDE') OR (`ID`=13522 AND `locale`='deDE') OR (`ID`=43290 AND `locale`='deDE') OR (`ID`=43289 AND `locale`='deDE') OR (`ID`=43282 AND `locale`='deDE') OR (`ID`=13900 AND `locale`='deDE') OR (`ID`=13891 AND `locale`='deDE') OR (`ID`=13546 AND `locale`='deDE') OR (`ID`=13885 AND `locale`='deDE') OR (`ID`=13572 AND `locale`='deDE') OR (`ID`=13545 AND `locale`='deDE') OR (`ID`=13898 AND `locale`='deDE') OR (`ID`=13899 AND `locale`='deDE') OR (`ID`=13953 AND `locale`='deDE') OR (`ID`=13925 AND `locale`='deDE') OR (`ID`=13895 AND `locale`='deDE') OR (`ID`=13893 AND `locale`='deDE') OR (`ID`=13882 AND `locale`='deDE') OR (`ID`=13896 AND `locale`='deDE') OR (`ID`=13544 AND `locale`='deDE') OR (`ID`=13948 AND `locale`='deDE') OR (`ID`=13910 AND `locale`='deDE') OR (`ID`=13918 AND `locale`='deDE') OR (`ID`=13909 AND `locale`='deDE') OR (`ID`=13907 AND `locale`='deDE') OR (`ID`=13911 AND `locale`='deDE') OR (`ID`=13912 AND `locale`='deDE') OR (`ID`=13526 AND `locale`='deDE') OR (`ID`=13525 AND `locale`='deDE') OR (`ID`=13881 AND `locale`='deDE') OR (`ID`=13892 AND `locale`='deDE') OR (`ID`=13902 AND `locale`='deDE') OR (`ID`=13588 AND `locale`='deDE') OR (`ID`=13940 AND `locale`='deDE') OR (`ID`=13587 AND `locale`='deDE') OR (`ID`=13586 AND `locale`='deDE') OR (`ID`=13581 AND `locale`='deDE') OR (`ID`=13583 AND `locale`='deDE') OR (`ID`=13582 AND `locale`='deDE') OR (`ID`=13578 AND `locale`='deDE') OR (`ID`=13580 AND `locale`='deDE') OR (`ID`=13576 AND `locale`='deDE') OR (`ID`=13585 AND `locale`='deDE') OR (`ID`=13584 AND `locale`='deDE') OR (`ID`=13579 AND `locale`='deDE') OR (`ID`=13577 AND `locale`='deDE') OR (`ID`=13575 AND `locale`='deDE') OR (`ID`=13558 AND `locale`='deDE') OR (`ID`=13605 AND `locale`='deDE') OR (`ID`=13547 AND `locale`='deDE') OR (`ID`=13542 AND `locale`='deDE') OR (`ID`=13573 AND `locale`='deDE') OR (`ID`=13543 AND `locale`='deDE') OR (`ID`=13601 AND `locale`='deDE') OR (`ID`=13523 AND `locale`='deDE') OR (`ID`=13596 AND `locale`='deDE') OR (`ID`=13519 AND `locale`='deDE') OR (`ID`=13570 AND `locale`='deDE');
INSERT INTO `quest_template_locale` (`ID`, `locale`, `LogTitle`, `LogDescription`, `QuestDescription`, `AreaDescription`, `PortraitGiverText`, `PortraitGiverName`, `PortraitTurnInText`, `PortraitTurnInName`, `QuestCompletionLog`, `VerifiedBuild`) VALUES
(13591, 'deDE', 'Beunruhigende Verbindungen', 'Bringt Höllschreis Brief zu Waldläuferin Glynda Nal''Shea in Lor''danel.', 'Der Brief von Garrosh Höllschrei bestätigt den Verdacht, der während der Offensive im Splitterspeertal aufkam. Die Anwesenheit der Verlassenen bei den Ruinen des Turms, die Vorräte der Horde und ihre Vollstrecker im Kriegslager der Splitterspeere sind erst der Anfang. Garrosh selbst hat die Splitterspeere kontaktiert, um die Offensive in Richtung Lor''danel zu treiben, und es scheint, als habe er offensichtlich auch vor, von Süden vorzustoßen.$B$BGlynda Nal''Shea benötigt diese Informationen, um die Nachtelfen auf den Angriff vorbereiten zu können.', '', '', '', '', '', '', 23420),
(13515, 'deDE', 'Das Ende der Bedrohung', 'Sprecht mit Sandrya Mondsturz, um den Angriff zu starten, und helft ihr dann dabei, Jor''kil den Seelenreißer zu töten.', 'Auf uns warten ihr Anführer und seine Leibwache. Meine Schildwachen sind bereit, seine Leibwächter auszuschalten. Wir warten nur auf diesen Pfeil, um das Schicksal ihres Anführers zu besiegeln.$B$BLasst es mich wissen, wenn Ihr bereit für den Angriff seid. Sobald meine Schildwachen die Höhle stürmen, werde ich den Schild des Anführers zertrümmern und wir werden ihm gemeinsam entgegentreten. Schlagt geschwind zu und wir können diese Bedrohung für unsere Ländereien hier und heute beenden.$B$BWir warten nur auf Euch - sprecht mit mir, wenn Ihr bereit seid.', '', 'Der Frieden mit den Splitterspeeren ist vorbei und somit ist auch die Zeit der Splitterspeere vorbei.', 'Jor''kil der Seelenreißer', '', '', '', 23420),
(13514, 'deDE', 'Der Zorn der Urtume', 'Benutzt einen rachsüchtigen Beschützer um 30 Trolle der Splitterspeere zu töten und 6 Gebäude der Splitterspeere zu zerstören.', 'Seid Ihr hier, um Euch dem Angriff anzuschließen? Wenn Ihr nach Sandrya Mondsturz sucht, findet Ihr sie in der Höhle am Ende dieses Tals, wo sie den Angriff auf den Anführer der Splitterspeere leitet.$B$BWo Ihr schon hier seid, könnten wir allerdings auch Eure Hilfe beim Zusammentreiben des restlichen Stammes brauchen. Zieht mit einem der rachsüchtigen Beschützer los und sorgt dafür, dass auch das letzte Gebäude zerstört und der Stamm bis auf den letzten Troll ausgelöscht wird. Wir wollen doch nicht, dass sie versuchen, sich an uns zu rächen, wenn wir nicht darauf gefasst sind, oder?', '', '', '', '', '', '', 23420),
(13590, 'deDE', 'An vorderster Front', 'Meldet Euch bei Jägerin Sandrya Mondsturz im Splitterspeertal.', 'Ihre Streitmächte sind geschwächt, die Vorräte zerstört und die Befehlshaber zweiten Rangs sind tot. Es ist an der Zeit, den Kampf in ihr Territorium zu verlagern und ihren Anführer zu töten. Ich bin zugegebenermaßen immer noch nicht sicher, wo die plötzliche Aggression ihren Ursprung fand, aber vielleicht finden wir in ihrem Lager weitere Informationen.$B$BNehmt den Pfeil, den Balthule vorbereitet hat, und meldet Euch bei Sandrya Mondsturz im Splitterspeertal, um am Angriff teilzunehmen. Am besten sichert Ihr Euch einen Platz auf einem unserer Nachtsäbler - zu Fuß ist es zu gefährlich.', '', '', '', '', '', '', 23420),
(13844, 'deDE', 'Althalaxx plündern', 'Findet Narassins Foliant in den Ruinen von Althalaxx und tötet Teegan Holloway, den Kommandanten der Verlassenen.', 'Bevor Ihr Euch gleich wieder in die Schlacht stürzt, möchte ich Euch über ein paar neue Entwicklungen in Kenntnis setzen, $C. Meine Späher berichten mir, dass der Turm von Althalaxx im Süden von den Verlassenen überrannt wird.$B$BVor dem Angriff war dieser trostlose Turm die Heimat eines fanatischen Zweigs des Schattenrats, der von dem gefallenen Hochgeborenen Athrikus Narassin angeführt wurde. Narassin ist längst tot, aber wir dürfen es nicht ignorieren, falls etwas von seinem Werk weiterbesteht. Beschafft Euch seine Forschung und tötet den Kommandanten der Verlassenen, der die Ruinen plündert.', '', 'Die Verlassenen treiben sich beim Turm herum. Zeigt keine Gnade.', 'Teegan Holloway', '', '', '', 23420),
(13513, 'deDE', 'Kein Zurück', 'Erhaltet 6 Amulette der Splitterspeere.', 'Ich arbeite bereits an einem Mittel, um ihre Schutzzauber zu überwinden. Mit einem Fokus, der auf ihren Mächten beruht, und etwas Druidenmagie sollten wir in der Lage sein, ihre Schilde zu durchbrechen.$B$BSpürt ihre Schamanen im Osten und Südosten auf und beschafft einige ihrer Amulette. Ich werde sie vorbereiten und einen Pfeil verzaubern, den Ihr Sandrya Mondsturz für den Angriff überbringen könnt.', '', '', '', '', '', '', 23420),
(13512, 'deDE', 'Strategische Schläge', 'Tötet Sheya Sturmwirker und Lorenth Donnerruf.', 'Der Bestie den Kopf abzuschlagen hat keinen Sinn, wenn es einen zweiten Kopf gibt, der ihn ersetzen kann. Bevor wir ihren Anführer ausschalten können, müssen wir die Unteranführer töten, die das Machtvakuum füllen würden. Momentan werden sie nicht so gut beschützt und Ihr solltet sie ohne weitere Unterstützung besiegen können.$B$BNehmt diesen Dryadenspeer und spürt sie auf. Das Gift an seiner Spitze sollte ihre Zaubersprüche verlangsamen. Meine Späher berichten mir, dass einer von ihnen in der Wasserkammer in den Ruinen im Osten ist und der andere wurde hinter den Überresten des Turmes im Südwesten gesichtet.', '', '', '', '', '', '', 23420),
(13510, 'deDE', 'Rechtzeitige Ankunft', 'Bringt Schildwache Aynasha in Sicherheit.', 'Schön Euch zu sehen. Ich habe mich nicht darauf gefreut, das Gleiche durchzumachen wie Alanndarian, also ist mir Eure Rettung sehr willkommen.$B$BIch konnte den Anführer der Trolle entdecken, bevor man mich fasste. Ich dachte, ich hätte die perfekte Gelegenheit, ihn auszuschalten, aber er wird von einer Art magischem Schild geschützt. Morra muss davon in Kenntnis gesetzt werden, bevor sie ihren Angriff startet, aber zuerst müssen wir hier verschwinden.$B$BHelft mir zum Dock - ich werde Lor''danel über den Wasserweg erreichen und Ihr könnt die Informationen zu Morra zurückbringen.', 'Eskortiert Schildwache Aynasha zum Dock', '', '', '', '', 'Erstattet Morra Sternenhauch in den Ruinen von Mathystra Bericht.', 23420),
(13511, 'deDE', 'Ein verbitterter Wunsch', 'Tötet Rit''ko, den Folterer der Splitterspeere.', 'Morra schickt Euch? Ich hätte auf sie hören sollen - es ist wohl zu einfach, Trolle nicht ernst zu nehmen.$B$B<Alanndarian lacht leise in sich hinein.>$B$BDafür ist es jetzt ohnehin viel zu spät. Wir sind jetzt sterblich... dies ist das Schicksal, dem wir früher oder später erliegen werden. Ich habe Zeit genug gehabt, mich damit abzufinden.$B$BEine Bitte habe ich jedoch... tötet den Folterer, der mir das hier angetan hat. Sie nennen ihn Rit''ko... Ihr könnt ihn weiter vorne bei der anderen Gefangenen finden.$B$B<Alanndarian lächelt schwach, zuckt dann vor Schmerz zusammen und sinkt wieder zu Boden.>', '', '', '', '', '', '', 23420),
(13507, 'deDE', 'Verwehrt ihnen die Arbeit', 'Tötet 6 Vollstrecker der Horde und 6 Mystiker der Splitterspeere.', 'Im Norden haben die Splitterspeere ein Kriegslager, in dem sie ihre Katapulte bauen. Das Lager wird von einigen ihrer Mystiker bewacht, aber ich habe auch erste Berichte erhalten, dass Orcs und Tauren ebenfalls gesichtet wurden.$B$BIch möchte keine Spekulationen anstellen, was das bedeuten könnte, aber ich möchte sehr wohl, dass Ihr Euch auf den Weg macht und sie tötet, bevor sie noch weitere Angriffe auf unsere Schildwachen starten können.', '', '', '', '', '', '', 23420),
(13509, 'deDE', 'Kriegsvorräte', 'Zerstört 12 Vorratskisten der Splitterspeere.', 'Die Trolle sammeln ihre Truppen und Vorräte in ihrem Kriegslager im Norden. Sie werden von dort fast mit Sicherheit ihren Angriff auf Lor''danel starten, sobald sie sich bereit fühlen. Es sollte nicht lange dauern, dieses Gesindel in die Flucht zu schlagen, ich bin jedoch dagegen, unnötige Risiken einzugehen.$B$BIch möchte, dass Ihr Euch einen Weg in das Kriegslager erkämpft und alle Vorräte in Brand steckt, die Ihr finden könnt. Dieser Rückschlag sollte uns einige Zeit verschaffen, bis sie einen Gegenangriff starten können.', '', '', '', '', '', '', 23420),
(13508, 'deDE', 'Schnelle Reaktion', 'Findet die gefangenen Nachtelfen im Kriegslager der Splitterspeere.', 'Wir haben vor ein paar Tagen den Kontakt mit einer meiner Späherinnen verloren. Ich hielt sie für tot, aber anscheinend wurde sie nur gefangen genommen. Den Trollen nach haben sie aber zwei Gefangene... Die einzige weitere Person, die in Frage kommt, ist Alanndarian Nachtweise, eine Zivilistin, die sich gestern Vormittag gegen meinen Rat in der Gegend aufgehalten hat.$B$BDie Splitterspeere haben im Norden ein Kriegslager aufgeschlagen - dorthin werden sie mit an Sicherheit grenzender Wahrscheinlichkeit alle Gefangenen gebracht haben. Macht sie ausfindig und befreit sie, wenn Ihr könnt.', '', '', '', '', '', '', 23420),
(13506, 'deDE', 'Grund zur Sorge', 'Bringt die Splitterspeerbefehle zu Leutnant Morra Sternenhauch in den Ruinen von Mathystra.', 'Hierbei scheint es sich um Befehle zu handeln, die von einem Vorgesetzten im Kriegslager der Splitterspeere an die Vorarbeiter in den Ruinen geschickt wurden. Der Großteil der Dokumente ist von unwesentlichem strategischen Wert, aber ein paar Zeilen fallen Euch auf.$B$B"Wir haben noch eine Nachtelfenspionin aufgegriffen. Sie wurde zum Lager gebracht, um ihr unter Folter mehr Informationen zu entlocken. Haltet nach weiteren Spionen Ausschau - wir können es uns nicht leisten, dass unsere Operation hier aufgedeckt wird."$B$BLeutnant Sternenhauch möchte diese Informationen sicher sehen.', '', '', '', '', '', '', 23420),
(13504, 'deDE', 'Arbeiter der Splitterspeere', 'Tötet 10 Arbeiter der Splitterspeere.', 'In den Ruinen im Norden und Nordosten gibt es eine große Schar von Splitterspeertrollen, die dort herumstöbern. Ich vermute, sie suchen nach magischen Artefakten, aber keiner unserer Späher kann von nennenswerten Funden in ihren Ausgrabungsstätten berichten. Vielleicht treiben sie ja auch einfach nur ihre Kriegsmaschinerie voran.$B$BEines ist aber recht sicher: Arbeitermangel würde ihren Angriff schwächen, also verpassen wir ihnen einen Arbeitermangel. Seid Ihr dabei?', '', '', '', '', '', '', 23420),
(13505, 'deDE', 'Relikte der Hochgeborenen', 'Erhaltet 8 Hochgeborenenrelikte.', 'Es gibt überall an der Dunkelküste ähnliche Ruinen wie diese und viele von ihnen werden von geplagten Geistern der Hochgeborenen heimgesucht. Aus Rücksicht auf ihre verfluchten Seelen haben wir uns bisher damit zurückgehalten, die Ruinen nach Artefakten zu durchsuchen, aber solche guten Vorsätze müssen im Angesicht dieser neuen Bedrohung durch die Trolle aufgegeben werden.$B$BBitte bergt sämtliche Artefakte, auf die Ihr stoßt, während Ihr den Schildwachen bei der Erfüllung ihrer Ziele in den Ruinen helft, und bringt sie zu mir zurück. Ich würde gern so viele retten, wie ich kann.', '', '', '', '', '', '', 23420),
(13560, 'deDE', 'Der nicht so tiefe Ozean', 'Gorbold Stahlhand möchte, dass Ihr Gary aufsucht, um weitere Anweisungen zu erhalten.', 'Ihr seht sehr fähig aus!$B$BAn der Küste hier sind viele Wracks - viele alte und ein paar neue. Ich versuche schon seit einiger Zeit, mich darum zu kümmern und die wertvollen Reste besser zu nutzen, aber die Murlocs, die sich dort breitgemacht haben, haben andere Vorstellungen. Ich habe viele Abenteurer losgeschickt und keiner kam zurück.$B$BSorgt Euch nicht, ich habe meine Lektion gelernt und Euer Schicksal wird ein anderes sein. Schwimmt in Richtung Norden und sucht Gary - er wird Euch den neuen Plan erklären. Es ist ganz einfach.', '', '', '', '', '', '', 23420),
(13589, 'deDE', 'Die Eindringlinge der Splitterspeere', 'Meldet Euch bei Leutnant Morra Sternenhauch bei den Ruinen von Mathystra.', 'Als ob wir mit dem Land und den gegen uns gewandten Elementen nicht schon genug zu tun hätten, scheint es jetzt auch noch, als habe etwas die Trolle im Nordosten aufgewiegelt. Sie marschieren für den Kampf auf. Ich weiß nicht genau, was sie vorhaben, aber sie haben bereits ein paar unserer Späher angegriffen und belagern die Kultisten beim Turm von Althalaxx.$B$BWir haben einen Trupp unserer besten Schildwachen losgeschickt, um ihrem Angriff entgegenzutreten. Ich bin mir sicher, dass sie Hilfe gebrauchen könnten, also wäre es gut, wenn Ihr Euch zu den Ruinen nordöstlich von hier begebt und Euch ihnen anschließt.', '', '', '', '', '', '', 23420),
(13599, 'deDE', 'Grimmklaues Rückkehr', 'Kehrt zu Volcor und Grimmklaue in Lor''danel zurück.', 'Nun, da der Bund geschlossen ist, liegt der Segen auf Euch. Es wird Euch das Reisen in diesen Landen sehr erleichtern.$B$BGrimmklaue hat sich vollständig erholt. Er hat sich auf den Weg nach Lor''danel gemacht, bevor ich etwas sagen konnte. Das bedeutet wohl, dass auch der Zeitpunkt Eurer Abreise gekommen ist.$B$BEs hat mich sehr gefreut, Eure Bekanntschaft zu machen. Lebt wohl, und leitet meine besten Wünsche an Volcor und Grimmklaue weiter.', '', '', '', '', '', '', 23420),
(13568, 'deDE', 'Der Geist des Mondpirschers', 'Bewahrer Karithus hat Euch angewiesen, den Segen des großen Mondpirschergeists einzuholen.', 'In diesen Wäldern sind drei große Geister ansässig - der des Hirsches, der des Distelbären, und der des Mondpirschers. Diese Geister sind mächtige Verbündete, allerdings könnt Ihr Euch nur einem der Geister zuschreiben.$B$BWenn Ihr Euch mit dem großen Mondpirschergeist verbünden wollt, so bringt diesen Weihrauch in die Länder südlich der Ruinen von Lornesta. Meditiert vor dem großen Mondpirschergeist, während Ihr den Weihrauch auf dem Boden vor Euch verbrennt und stellt Euch seiner Aufgabe, um seinen Segen zu erhalten. Kehrt zu mir zurück, wenn Ihr die Aufgabe meistern konntet.', '', '', '', '', '', '', 23420),
(13569, 'deDE', 'Der Bund des Rituales', 'Atmet den Weihrauch vor Bewahrer Karithus ein und trefft eine Entscheidung zwischen dem Segen des großen Hirschgeistes, des großen Distelbärgeistes und des großen Mondpirschergeistes.$B$BNur einer der Geister kann Euch seinen Segen erteilen, also wählt weise.', 'Ich werde mich um Grimmklaue kümmern, bis er sich vollständig erholt hat. Bald wird er bereit sein, in seine Heimat zurückzukehren. Ich habe eine weitere Aufgabe für Euch, während wir warten...vielmehr möchte ich Euch einen Gefallen tun, wenn Ihr dies wünscht.$B$BDie großen Geister der Wildtiere sind unter uns und warten auf Hilfe, um die Zerstörung aufzuhalten. Sie sind immer bei uns, auch jetzt, und mit den Materialien, die Ihr mir gebracht habt, kann ich Euch ermöglichen, sie zu sehen. Sprecht mit den Geistern, wählt einen von ihnen und kehrt mit dem Segen dieses Geistes zu mir zurück.', 'Erhaltet den Segen eines großen Tiergeistes.', '', '', '', '', 'Kehrt zu Bewahrer Karithus im Welkenden Dickicht zurück.', 23420),
(13598, 'deDE', 'Widerliche Arznei', 'Sammelt 6 rauchende Fliegenpilze.', 'Mit Hilfe meiner Heilmagie habe ich keine Zweifel, dass Grimmklaue sich wieder erholen wird. Von den Wilderern jedoch, die ihm das zugefügt haben, kann ich nicht dasselbe sagen. Um während seiner Genesung seine Schmerzen zu lindern und seine Wunden zu behandeln, wäre allerdings eine Salbe von Nutzen.$B$BÖstlich von hier befinden sich die Ruinen von Lornesta. Dort unter den Steinen wachsen verschiedene rauchende Fliegenpilze, die in der feuchten Umgebung wunderbar gedeihen. Bringt mir ein paar der Fliegenpilze, sodass ich eine Salbe für unseren Freund zubereiten kann.', '', '', '', '', '', '', 23420),
(13566, 'deDE', 'Materialien für das Ritual', 'Besorgt 3 Schnurrhaare eines Mondpirschers, 3 Büschel gefleckter Rehhaare und 3 Proben Distelbärenfell.', 'Während wir uns um Grimmklaue kümmern, möchte ich Euch bitten, kampflos von den Wildtieren ein paar Materialien für das Ritual zu sammeln.$B$BIch benötige Schnurrhaare eines Mondpirschers westlich von hier - geht zu den schlafenden Mondpirschern und versucht, ihnen die Haare auszureißen, und entfernt Euch, bevor sie aufwachen.$B$BIch brauche auch Haare der Rehe östlich von hier, aber meidet die Hirsche.$B$BUnd zu guter Letzt brauche ich das Fell der Bären beim Wasser nordöstlich von hier. Wartet, bis sie einen Fisch gefangen haben, besorgt die Fellprobe, und entfernt Euch von den Bären, bevor sie aufgegessen haben.$B$BBitte, fügt ihnen keine Schmerzen zu.', '', '', '', '', '', '', 23420),
(13565, 'deDE', 'Zweiten Grades', 'Benutzt die versteinerte Wurzel, ruft 6 siechende Ents und entledigt Euch Lady Janiras, der Anführerin der Naga.', 'Unbesonnene Gewalt können wir nicht gutheißen - das liegt nicht in unserer Natur. Doch mitunter bringt die Vermeidung von Kämpfen unübersehbare Folgen mit sich, wie in unserem Fall mit den Naga.$B$BAls die Erde in dieser Gegend brach, erschienen östlich von hier kleine Ruinen. Diese Ruinen waren einst die Heimat der Untertanen Königin Azsharas. Nun scheint es, als sei dieses Volk auf der Suche nach etwas zurückgekehrt.$B$BNehmt diese versteinerte Wurzel. Ihr könnt sie auf ihre Gefallenen anwenden und Ents zu Hilfe rufen. Kümmert Euch schleunig um sie und ihre Anführerin.', '', 'Die Naga suchen nach etwas Wertvollem in den Ruinen von Dunkelküste, doch sie haben die Gastfreundschaft der Nachtelfen schon längst erschöpft. Sie sollen für ihre Übertretungen büßen.', 'Lady Janira', '', '', '', 23420),
(13564, 'deDE', 'Ein verlorener Freund', 'Findet Grimmklaue.', 'Bitte helft mir... Ich kann mich kaum aufsetzen.$B$BMein Freund, ein Bär namens Grimmklaue, ist nicht hier. Ich habe ihn vorausgeschickt, um den Schildwachen unsere Ankunft anzukündigen, bevor wir Auberdine verließen, doch er kam nie an. Ich spürte bereits, dass etwas nicht in Ordnung war, als wir uns auf den Weg machten, aber durch die Evakuierung konnte ich der Angelegenheit nicht nachgehen.$B$BSollte er sich verletzt haben, so gibt es nur einen Ort, den er aufsuchen würde: das Welkende Dickicht nördlich von Auberdine, an der Straße südlich von hier. Bringt ihn sicher zu mir zurück... ich habe niemanden außer ihm.', 'Findet Grimmklaue.', '', '', '', '', '', 23420),
(13563, 'deDE', 'Ewige Liebe', 'Befreit den Geist von Anaya Dämmerflucht und erhaltet ihren Anhänger.', 'Ich möchte Euch meinen Dank für unsere Rettung aussprechen. Man könnte behaupten, ich hätte Glück gehabt, doch meine geliebte Anaya ist schon lange tot. Ich bin einsam und in Schwierigkeiten und leider benötige ich schon wieder Eure Hilfe.$B$BNach meiner Rettung bin ich in den Wäldern von Dunkelküste umhergewandert und habe die Ruinen von Bashal''Aran entdeckt... und sah den Geist meiner geliebten Anaya.$B$BSie muss befreit werden, doch ich selbst bekomme es nicht übers Herz. Ihr Geist muss zerstört werden.', '', 'Für manche ist es das Schwerste im Leben, loszulassen.', 'Anaya Dämmerflucht', '', '', '', 23420),
(13562, 'deDE', 'Die letzte Flamme von Bashal''Aran', 'Löscht die letzte Flamme von Bashal''Aran aus.', 'In Zeiten wie diesen müssen wir innehalten und unsere Lebensweise überdenken. Wir sind nun sterblich und egal, wie sehr wir auch etwas anderes bevorzugen würden, wir verdienen den Platz, den wir nun in dieser Welt einnehmen.$B$BBashal''Aran, einst die Stadt unserer Vorfahren, ist nun die Heimat ihrer verfluchten Geister. Ihr findet Bashal''Aran, wenn Ihr der Straße in Richtung Süden folgt. Wir hatten Hoffnung gehegt, Rettung zu finden, aber wir haben sie zu lange leiden lassen. Es ist an der Zeit, die letzte Flamme von Bashal''Aran auszulöschen.', 'Löscht die letzte Flamme von Bashal''Aran aus', '', '', '', '', 'Kehrt zu Waldläuferin Glynda Nal''Shea in Lor''danel zurück.', 23420),
(13831, 'deDE', 'Besorgniserregende Rezepte', 'Bringt die Notizen des Apothekers zu Tharnariun Baumwahrer in Lor''danel.', 'Hier steht eine einfache, hastig zusammengezimmerte Werkbank eines Apothekers, die unter der Last gekritzelter Notizen und giftigem Gebräu fast zusammenbricht. Es sieht so aus, als hätten die Verlassenen auch Faulhufs Handwerk untersucht. Ihr schnappt Euch die Notiz, die am wichtigsten aussieht und bereitet Euch darauf vor, alles zu zerstören, bevor Ihr dem Baumwahrer von Eurer Entdeckung berichtet.', '', '', '', '', '', '', 23420),
(13557, 'deDE', 'Der Wächter des Glücks', 'Befreit 8 unverderbte Distelbären oder unverderbte Nachtratten aus den Käfigen in der Klippenquellgrotte.', 'Dieser Schlüssel scheint für die Käfige zu sein, die überall in der Klippenquellgrotte verstreut sind. Tharnariun würde sich sicher freuen, wenn Ihr die Situation nutzt, um die Nachtratten und Distelbären zu befreien, die nicht verderbt wurden und gefangen gehalten werden.', '', '', '', '', '', '', 23420),
(13529, 'deDE', 'Der Ursprung der Verderbnis', 'Tötet Zenn Faulhuf und 8 üble Grells in der Klippenquellgrotte.', 'Ich habe mich auf den Weg gemacht, als ich die Neuigkeiten von Hexknall gehört habe. Ich weiß jetzt, wer hinter allem steckt: Zenn Faulhuf.$B$BEr kam von Teldrassil hierher, nachdem er von dort für das Wirken pervertierter Magie verjagt worden war. Die Art von Verderbnis, die er anwendet, ist in meinen Reihen nicht willkommen und es scheint als sei er dieses Mal einen Schritt zu weit gegangen. Vielleicht hat er es aus Rache getan.$B$BZenn wurde zu lange akzeptiert und es ist an der Zeit, dass wir diese Bedrohung all dessen, was natürlich ist, beseitigen. Tötet Zenn und seine Diener. Sucht mich dann in Lor''danel auf.', '', 'Geduld und Ehrenmut haben ihre Grenzen. Manche Grenzen dürfen niemals überschritten werden, und Zenn hat gleich mehrere überschritten.', 'Zenn Faulhuf', '', '', '', 23420),
(13554, 'deDE', 'Heilung im Dunkeln', 'Erhaltet 6 Proben widerlicher Schleim von den Kreaturen in der Klippenquellgrotte.', '<Das Gerät spuckt ein paar zusammenhangslose Wortfetzen aus, bevor Hexknalls Stimme wiederzuerkennen ist.>$B$BNachtratten! Sie haben Nachtratten gefressen! Diese kleinen Nervensägen kommen nur von einem Ort, einer Höhle an den Klippen östlich von hier. Ihr müsst nach Nordosten gehen, um zu dem Pfad zu gelangen, der zu den Höhlen führt - sucht nach einer Öffnung unter dem Wasserfall.$B$BDie Nachtratten dort brüten entweder etwas Übles aus, oder jemand hat ihnen einen Verderbniserreger absichtlich zukommen lassen. In jedem Fall brauche ich Proben von dem Zeug!', '', '', '', '', '', '', 23420),
(13528, 'deDE', 'Dröhnkiste 723', 'Sammelt 6 Proben verderbte Eingeweide eines Distelbären und bringt sie für eine Analyse zur Dröhnkiste 723.', 'Wir konnten noch an ein paar anderen wilden Tieren eine Infektion feststellen. Es sind sogar gute Neuigkeiten, dass die Kriecher sich an den Bären angesteckt haben – hoffentlich lassen sich alle Fälle auf diese eine Quelle zurückführen. Jetzt müssen wir unsere Aufmerksamkeit den Bären widmen.$B$BDie Dröhnkiste 723 ist in der Nähe der Wasserfälle östlich von hier. Es ist keine schöne Arbeit, aber sie ist nötig: Ich brauche für die Analyse frische Bäreneingeweide für die Dröhnkiste. Mit weiteren Informationen können die nächsten Schritte leichter bestimmt werden.', '', '', '', '', '', '', 23420),
(13527, 'deDE', 'Über Geschmack lässt sich nicht streiten', 'Erhaltet die Probe eines faulenden Bärenkadavers östlich der Dröhnkiste 413.', '<Das Gerät rauscht ein paar Augenblicke lang, bevor Hexknalls Stimme ertönt.>$B$BInteressant! Der Ursprung der Verderbnis kommt definitiv von einer externen Quelle - was mich weniger verwundert - aber es scheint, als wurde sie durch das Essen verderbter Nahrung übertragen, ein großes Säugetier wahrscheinlich, ich würde auf einen Bären tippen.$B$BSucht den Strand nach dem Kadaver des Bären ab. Östlich von hier würde es am meisten Sinn ergeben, an der Seite des Strandes, die zum Landesinneren zeigt. Bringt mir eine Probe von seinem Fleisch.', '', '', '', '', '', '', 23420),
(13521, 'deDE', 'Dröhnkiste 413', 'Sammelt 4 Proben verderbtes Gezeitenkriecherfleisch und bringt es zur Analyse zur Dröhnkiste 413.', 'Seid gegrüßt!$B$BIch helfe Tharnariun dabei, herauszufinden, was die Tiere in der Gegend verderbt. Ich habe ein Gerät aufgestellt, das Tierteile und mögliche Verderbniserreger analysieren kann. Wenn Ihr mir ein paar gute Proben besorgen könnt, so werden wir schnell herausfinden, was es mit der Verderbnis auf sich hat.$B$BDas erste Gerät ist die Dröhnkiste 413. Sie steht am Strand östlich der Stadt. Besorgt das Fleisch der verderbten Gezeitenkriecher in der Nähe und bringt es zur Dröhnkiste, damit wir es analysieren können.', '', '', '', '', '', '', 23420),
(13537, 'deDE', 'Lust auf Barsch', 'Benutzt Eure Angelfertigkeit, um 4 Dunkelküstenbarsche zu erhalten.', 'Nach all dem Bootfahren und Bauen bin ich erschöpft... und hungrig. Wisst Ihr, worauf ich Lust habe? Fisch. Fisch klingt für mich jetzt unfassbar gut.$B$BDunkelküste ist für Barsch bekannt. Wenn Ihr mir welchen fischt, werde ich dafür sorgen, dass es sich für Euch lohnt.', '', '', '', '', '', '', 23420),
(13520, 'deDE', 'Der Segen der Meere', 'Sammelt 16 verkrustete Muschelmuskeln.', 'Gut, Euch zu sehen. Dank Euch sind unsere Verwandten sicher nach Hause gekommen und ich hege Hoffnung, dass Ihr uns auch weiterhin helfen könnt.$B$BIhre Wunden werden so schlimm sein wie die von Laird - jeder einzelne wurde an der Küste arg mitgenommen und von den Elementaren angegriffen. Ich tue, was ich kann, aber es scheint, als hätten die Elementare ein Gift, das die Wundheilung einschränkt. Ich hoffe eine Salbe herstellen zu können, aber dazu benötige ich Sekret von Muschelmuskeln, die an der Küste zu finden sind. Könnt Ihr mir helfen?', '', '', '', '', '', '', 23420),
(13561, 'deDE', 'Trost für die Hochgeborenen', 'Tötet 6 verfluchte Hochgeborene und 6 zuckende Hochgeborene.', 'Ich bin nach Bashal''Aran gekommen, um den besorgten Geistern der Hochgeborenen Frieden zu gewähren, aber mit jedem Hieb scheint meine Hand sich mehr zu wehren. Wenn Ihr mir helfen wollt, so könnt Ihr Euch meiner Dankbarkeit sicher sein.', '', '', '', '', '', '', 23420),
(13522, 'deDE', 'Gefahr aus dem Wasser', 'Tötet 8 widerwärtige Gischte.', 'Ein paar der Überlebenden des letzten Angriffs von Auberdine versuchen noch immer, an die Küste und in Sicherheit zu gelangen. Wir haben vor weniger als einer Stunde erst erfahren, dass sie kommen. Ich wünschte, wir hätten mehr Vorwarnzeit gehabt...$B$BAn der Küste westlich von hier wimmelt es von bösartigen kleinen Wasserelementaren. Wir müssen sie beseitigen, wenn die Überlebenden es bis nach Lor''danel schaffen sollen. Macht Euch sofort auf den Weg und tötet jeden Elementar, den Ihr finden könnt.', '', '', '', '', '', '', 23420),
(43290, 'deDE', 'Zurückschlagen', '', '', '', '', '', '', '', '', 23420),
(43289, 'deDE', 'Verteidigen', '', '', '', '', '', '', '', '', 23420),
(43282, 'deDE', 'Invasion: Nördliches Brachland', '', '', '', '', '', '', '', '', 23420),
(13900, 'deDE', 'Das Opfer für Azshara', 'Haltet die Priesterinnen der Dunkelschuppen davon ab, das Horn der Urtume oben in Nazj''vel Azshara zu opfern.', 'Der Kriegsfürst sagte, dass das Horn der Urtume als Opfergabe an Azshara oben in Nazj''vel gegeben wurde.$B$BVielleicht ist es noch nicht zu spät, das alte Relikt vor der Zerstörung zu retten.', '', '', '', '', '', '', 23420),
(13891, 'deDE', 'Der Verschlinger Dunkelküstes', 'Verwendet den Lebensbringerschössling am Ufer des flachen Sees südlich des Hain der Uralten und zerstört das verschlingende Artefakt und seinen Bewacher.', 'Jetzt, da die Kreaturen Dunkelküstes in Sicherheit sind, sollten wir unsere Aufmerksamkeit dem Artefakt widmen, das Ihr im See gefunden habt. Ich glaube, es handelt sich dabei um die Arbeit der Diener der Alten Götter. Wir werden diese Feinde mit den lebensspendenden Energien zerstören, die Dunkelküste besitzt! Bringt den Lebensbringerschössling zum Ufer des Sees südlich von hier. Bewegt ihn über die Wasser des Sees; das sollte das alte Artefakt ausschalten.$B$BSeid vorsichtig, $n. Das Artefakt wird sicherlich von irgendetwas bewacht.', '', 'Wer weiß, worauf Ihr stoßen werdet...', 'Yoth''al der Verschlinger', '', '', '', 23420),
(13546, 'deDE', 'Der Schänder', 'Der Älteste Brolg in der Schwarzfellfeste möchte, dass Ihr Sharax den Schänder tötet.', 'Die Jadefeuersatyrn von Teufelswald haben sich ihren Weg zur Dunkelküste gebahnt und jedem Land, jedem Wasser und jeder Kreatur unterwegs die Verderbnis auferlegt. Ihr habt gesehen, was die Verderbnis mit meinem Volk und unserer Heimat angestellt hat. Wenn wir die Satyrn nicht bekämpfen, so wird unser Schicksal das Gleiche sein.$B$BIn der Höhle östlich von hier ist Sharax der Schänder zu finden, der Satyr, der für das Leiden der Schwarzfelle verantwortlich ist. Tötet ihn, $n, und befreit uns von seinem Einfluss. Zeigt den Satyrn, dass die Schwarzfelle nicht so leicht unterzukriegen und zu verderben sind.', '', '', '', '', '', '', 23420),
(13885, 'deDE', 'Verteidigung Dunkelküstes', 'Sprecht mit Orseus vor dem Hain der Uralten und besteigt einen Hippogryphen. Beschützt aus der Luft 8 Weißschwanzhirsche und -rehe, 8 ergraute Distelbären und 8 Mondpirschermatriarchinnen oder Mondpirscherpatriarchen vor der Verzehrung.', 'Nun da wir wissen, dass unsere Vorsorgemaßnahmen funktionieren, sollten wir so viel Land abdecken wie möglich.$B$BWir können einen der Hippogryphen benutzen, aber alleine kann ich nichts ausrichten. Sprecht mit meinem Freund Orseus beim Flugmeister vor dem Hain. Sagt ihm Bescheid, wenn Ihr soweit seid. Ich werde Euch dort treffen. Wir werden Dunkelküste von der Luft aus abdecken und so viele Tiere wie möglich schützen!', '', '', '', '', '', '', 23420),
(13572, 'deDE', 'Jadefeuerkohlenpfannen', 'Gren Fetzfell in der Schwarzfellfeste möchte, dass Ihr 8 Jadefeuerkohlenpfannen zerstört.', 'Die Satyrn aus Teufelswald haben angefangen, Hass und Verderbnis in unsere Länder zu bringen. Sie haben Sharax den Schänder geschickt, um Teile des Waldes zu unterwerfen, den wir Schwarzfelle unsere Heimat nennen.$B$BEr vergiftet nicht nur das Land, die Tiere und die Pflanzen, sondern hat auch überall im Dorf Jadefeuerkohlenpfannen aufgestellt, die ihm dabei helfen, Kontrolle über mein Volk zu erlangen. Die Kohlenpfannen zu zerstören, wird ihn allein nicht aufhalten können, aber es wird seinen Einfluss mindern, während wir mit dem Ältesten Brolg zusammen unsere Brüder befreien können.', '', '', '', '', '', '', 23420),
(13545, 'deDE', 'Die Befallenen reinigen', 'Der Älteste Brolg möchte, dass Ihr das gesegnete Kräuterbündel benutzt, um 7 Furbolgs der Schwarzfellfeste zu läutern und die Geister der Verderbnis, die sie in den Wahnsinn treiben, tötet.', 'Mit den vom Bärengeist gesegneten Pflanzen im Kräuterbündel können meine Brüder nun gereinigt werden. Die Verderbnis aus Teufelswald hat sie in den Wahnsinn getrieben und sie greifen jeden an, der ihnen zu nahe kommt. Ihr müsst damit rechnen, dass die Befallenen feindlich auf Euch reagieren werden, bis Ihr die Geister der Verderbnis getötet habt, die sie verfolgen.$B$BKehrt zu mir zurück, wenn Ihr meine Brüder von der Verderbnis befreit habt.', '', '', '', '', '', '', 23420),
(13898, 'deDE', 'Das Blatt wendet sich gegen uns', 'Tötet 8 Myrmidonen der Dunkelschuppen.', 'Wir können die Naga nicht ungestraft davonkommen lassen, $n. Der Mord an dem Hüter des Hains ist eine Kriegserklärung.$B$BIhr könnt ihre Höhle auf der Insel Nazj''vel weit im Südwesten finden.$B$BÜberbringt ihnen eine deutliche Nachricht.', '', '', '', '', '', '', 23420),
(13899, 'deDE', 'Der Kriegsfürst der Dunkelschuppen', 'Tötet Kriegsfürst Zornrücken in Nazj''vel.', 'Wenn die Naga sich mit dem Schattenhammer verbünden wollen, so gnade ihnen Elune.$B$BBegebt Euch zu ihrer Höhle auf der Insel Nazj''vel und findet den Anführer der Naga, den Kriegsfürst Zornrücken.$B$BVielleicht kann das Horn der Urtume noch gerettet werden.', '', '', '', '', '', '', 23420),
(13953, 'deDE', 'Naga unter uns', 'Kehrt zu Balren von der Klaue beim Hain der Uralten in Dunkelküste zurück.', 'Der Schädel dieser Kreatur wurde wohl im Kampf mit Aros gebrochen. Es handelt sich anscheinend um eine Kreatur, die Euch bislang als Naga ein Begriff war.$B$BTrotz ihrer monströsen Gestalt sind die Naga Nachtelfen, die von der arkanen Magie von Königin Azshara verformt wurden.$B$BSie haben sich wohl dazu entschlossen zu verhindern, dass Ihr das Horn der Urtume erhaltet.', '', '', '', '', '', '', 23420),
(13925, 'deDE', 'Ein Stückchen Vorbeugen', 'Testet den Lebensbringerschössling an einem gesunden ergrauten Distelbären, Weißschwanzhirsch, Mondpirscherpatriarchen oder einer gesunden Mondpirschermatriarchin in der Nähe.', 'Seid Ihr vertraut mit den Alten, $n? Onu und ich sind uns sicher, dass das von Euch im See gefundene Artefakt nur ihr Werk sein kann. Und es verzehrt Dunkelküste weiterhin. Irgendetwas hat die von uns lang totgeglaubten Schrecken erweckt. Schrecken, denen weder Ihr noch ich gewachsen sind. Aber zuerst müssen wir uns um die Wildtiere kümmern.$B$BHier in diesem Schössling ist die ganze Lebensessenz, die Ihr mir gebracht habt. Ich glaube, wir können damit die Fauna der Gegend retten. Versucht es zuerst an einem nicht verzehrten Bären, Hirsch oder Mondpirscher und berichtet mir, was geschieht!', '', '', '', '', '', '', 23420),
(13895, 'deDE', 'Die schlummernden Uralten', 'Findet Aros nordöstlich vom Hain der Uralten in Dunkelküste.', 'Wir haben keine zwanzig Steinriesen, um uns des Feindes anzunehmen, aber wir Riesen aus uraltem Holz sind so stark wie jeder Fels.$B$BSeht Euch um, $R. Mein Volk schläft... und doch werden sie in Zeiten der Not dem Horn des Hüters folgen.$B$BIhr könnt Aros, den Hüter des Hains, jenseits der Brücke nordöstlich von hier finden.$B$BBerichtet ihm vom Ernst der Lage.', '', '', '', '', '', '', 23420),
(13893, 'deDE', 'Soggoth und Kronn', 'Kehrt mit den neuen Informationen zu Larien beim Hain der Uralten zurück.', 'Die Meistergleve ist der Ort einer uralten Schlacht, $n. Die Titanen haben zwanzig ihrer Steinriesen gegen Soggoth ausgesandt.$B$BVon diesen zwanzig Riesen hat nur einer überlebt.$B$BAuf den Tafeln steht geschrieben, dass Kronn, der größte aller Steinriesen, sich von Soggoths Ranken hat einfangen lassen - nur lange genug, um dem Schädel der Kreatur näher zu kommen - nahe genug für sein mächtiges Schwert.$B$BEs ist gut, dass er tot ist... wir haben nicht wirklich zwanzig weitere Steinriesen zur Verfügung, um ihn erneut aufzuhalten.', '', '', '', '', '', '', 23420),
(13882, 'deDE', 'Die Samenkörner des Lebens', 'Sammelt die Saat der Erde, die Saat des Meeres und die Saat des Himmels.', 'Etwas versucht, das Leben aus Dunkelküste aufzuzehren! Ich werde mich umhören, ob jemand etwas über - das Ding - weiß, das Ihr gefunden habt. In der Zwischenzeit müssen wir uns aber auch um die Wildtiere kümmern, damit ihnen nicht noch weiteres Leid geschieht.$B$BKönnt Ihr ein paar Materialien für mich besorgen? Ich brauche Leben in allen möglichen Formen. Sprecht mit Onu hier am Hain, um die Saat der Erde zu erhalten. Fangt einen Dunkelküstenirrwisch, um die Saat des Himmels zu erhalten, und besorgt die Saat des Meeres von den Seemuschelschalen an der Küste westlich von hier.', '', '', '', '', '', '', 23420),
(13896, 'deDE', 'Ausgegrabenes Wissen', 'Sprecht mit Archäologe Groff bei Wirrbarts Ausgrabung.', 'Hört gut zu, $n. Wir müssen mehr über unseren Feind in Erfahrung bringen.$B$BSüdwestlich von hier, hinter der Meistergleve, sind ein paar Ausgrabungsleiter der Zwerge, die die Ruinen in der Nähe untersuchen.$B$BVielleicht haben sie Wissen zu Tage gebracht, das uns nützlich sein könnte.', '', '', '', '', '', '', 23420),
(13544, 'deDE', 'Der Bärensegen', 'Bringt das gesegnete Kräuterbündel zum Ältesten Brolg in Schwarzfellfeste.', 'Bevor der Bärenklau verwendet werden kann, um die Betroffenen zu reinigen, müssen wir ihn dafür vorbereiten und segnen. Nördlich von unserem Dorf ist ein Weitschreiter namens Flinkfuß zu finden. Um das Bündel zu vervollständigen, brauchen wir seine Schwanzfedern.$B$BBringt die Schwanzfedern und das Bärenklaubündel zur uralten Bärenstatue in den Ruinen beim Hain der Uralten, noch weiter nördlich als Flinkfuß.$B$BFügt am Schrein die Schwanzfedern dem Bärenklau hinzu und erhaltet den Segen des Bärengeists.', '', '', '', '', '', '', 23420),
(13948, 'deDE', 'Verbesserte Beobachtungen', 'Schleicht mit Hilfe der Pantherfigur in die Meistergleve und beobachtet die Anführer der Schattenhammerkultisten auf der höheren Ebene.', 'Die Kultisten sind anscheinend dabei, die Überreste eines Wesens auszugraben, das als Soggoth der Glitschige bekannt ist.$B$BVielleicht haben die höherrangigen Kultisten mehr Informationen für uns.', '', '', '', '', '', '', 23420),
(13910, 'deDE', 'Ein neues Zuhause', 'Baut eine Hütte für die Murlocs an der von Groff markierten Stelle an der Küste in der Nähe.', 'Können wir es bauen? Natürlich! Westlich von der Ausgrabung habe ich ein Banner an der Küste aufgestellt. Der Sand ist stabil und eignet sich ebenso gut als Bauort wie jeder andere. Nehmt mein Werkzeug und die Trümmerstücke und baut diesen störrischen Plagegeistern ein neues Zuhause.', '', '', '', '', '', '', 23420),
(13918, 'deDE', 'Die Verbindung der Titanen', 'Benutzt den Detektor für vergrabene Artefakte am Strand in der Nähe von Wirrbarts Ausgrabung, um 5 uralte Gerätefragmente zu finden. Fügt sie zusammen, um das uralte geschlitzte Gerät zu erhalten.', 'Mit der Scheibe ergeben auch ein paar unserer früheren Funde jetzt mehr Sinn. Kurz nach meiner Ankunft hat Ausgrabungsleiter Wirrbart etwas gefunden, dass er für einen prähistorischen Toaster hielt.$B$BIch glaube eher, dass diese Kiste mit Öffnungen ein Lesegerät für besondere Daten ist. Leider ist es auseinandergefallen und mit dem Rest unseres Basislagers weggeschwemmt worden, als die Gezeitenwelle über uns hereinbrach!$B$BEs ist aber sicherlich nicht weit gekommen, $n. Die Einzelteile sind bestimmt im Sand vergraben. Hier, nehmt meinen einwandfrei funktionierenden Detektor für vergrabene Artefakte, um den Strand damit abzusuchen.', '', '', '', '', '', '', 23420),
(13909, 'deDE', 'Treibgut übrig?', 'Findet 5 Stück verwertbare Grauflossentrümmer an der Küste und am Wasser in der Nähe von Wirrbarts Ausgrabung.', 'Wir werden eine Lösung finden, $n. Wir brauchen nur ein bisschen zwergische Raffinesse. Denk nach, Groffy, denk schon!$B$BDie Murlocs wollen doch nur Unterschlupf, oder? Lasst uns konstruktiv sein. Das meine ich wortwörtlich.$B$BWährend der Katastrophe wurden alle möglichen Sachen an Land geschwemmt und ein paar der alten Hütten der Murlocs sind bestimmt noch benutzbar. Lauft an der Küste entlang und sucht für Murlocs geeignete Baumaterialien. Ihr werdet nicht lange suchen müssen.', '', '', '', '', '', '', 23420),
(13907, 'deDE', 'Die Ruinen säubern', 'Tötet 10 Orakel der Grauflossen oder Flüchtlinge der Grauflossen, die in Wirrbarts Ausgrabung Unterschlupf suchen.', 'Die Großbärte aus Eisenschmiede haben mich geschickt, um nach Wirrbarts Ausgrabung zu sehen, als sie von dem Desaster erfuhren. Seht Euch nur um! Wertvolle Artefakte in das Meer geschwemmt und monatelange Ausgrabungen in wenigen Minuten zunichtegemacht.$B$BAls die Gezeitenwelle eintraf, vernichtete sie die Lager der Murlocs an der Küste. Gute Nachrichten? Nein, kein Glück für uns. Die Überlebenden suchen in den Ruinen Unterschlupf und fügen der Ausgrabung mehr Schaden zu, als es die Elemente je gekonnt hätten. Könntet Ihr Eure Watstiefel anziehen und Euch für mich um die Sache kümmern?', '', '', '', '', '', '', 23420),
(13911, 'deDE', 'Der geistesabwesende Ausgrabungsleiter', 'Eskortiert den verwirrten Ausgrabungsleiter Wirrbart zu seinem Tagebuch. Sprecht mit Juniorarchäologe Ferd, wenn Ihr fertig seid.', 'Und wer seid Ihr nochmal? $n? Kenne ich Euch? Wenn die Liga Euch schickt, dann könnt Ihr ihnen gleich sagen, dass ich hierbleibe! Ich gehe nicht ohne meinen Fund. Ich hielt ihn bereits in den Händen! Und dann brach plötzlich Geschrei aus. Und es wurde nass.$B$BHört gut zu, wer immer Ihr auch seid, ich habe alle Ereignisse von dem Tag der Gezeitenwelle in meinem Tagebuch aufgeführt. Und ich weiß auch, wo zu suchen ist. Nach dem Tagebuch, nicht nach dem Fund. Helft mir, eins zu finden, damit wir das andere finden können. Oder umgekehrt! Könnt Ihr mir folgen? Gut, dann folgt mir!', 'Ausgrabungsleiter Wirrbart eskortiert', '', '', '', '', 'Sprecht mit Juniorarchäologe Ferd in Wirrbarts Ausgrabung in Dunkelküste.', 23420),
(13912, 'deDE', 'Schlammige Geheimnisse', 'Findet eine schlammverkrustete uralte Scheibe in den Ruinen in der Nähe.', 'Hinter Wirrbarts vergesslichem Äußeren befindet sich der Geist eines Genies, ein Mysterium im Gewand eines Senilen. Ich werde den alten Herrn nicht aufgeben. Seht hier, was ich in seinen Notizen gefunden habe... nicht hier... nein, das ist eine Einkaufsliste... Hier, auf der Seite, auf der er versucht herauszufinden, welches Jahr es ist: die Scheibe!$B$BWir glauben, dass es sich bei diesem Artefakt der Titanen um eine Art verschlüsselte Speicherscheibe handelt. Wir waren gerade dabei, es vorsichtig auszugraben, als das Desaster losbrach und nun hoffen wir, dass es sich noch immer in den Ruinen befindet. Taucht und sucht für mich danach!', '', '', '', '', '', '', 23420),
(13526, 'deDE', 'Der Bärenklau', 'Bringt 8 Stängel Bärenklau zum Ältesten Brolg in der Schwarzfellfeste.', 'Die garstigen Satyrn aus Teufelswald haben begonnen, ihr Gift an die Dunkelküste zu bringen, in unser Land. Die Verderbnis zerstört das Land und verdreht dessen Bewohner – auch mein Volk.$B$BUnsere Magie alleine reicht nicht aus, um sie wieder gesunden zu lassen. Es gibt allerdings eine Pflanze namens Bärenklau, mit der wir Fieber senken und die Schwachen stärken. Mit der Hilfe dieser Pflanze könnte auch der Einfluss der Satyrn geheilt werden. Ihr findet die Pflanze in der Wildnis in der Nähe des Dorfes.', '', '', '', '', '', '', 23420),
(13525, 'deDE', 'Was ist mit den Furbolgs der Schwarzfelle los?', 'Sprecht mit dem Ältesten Brolg in der Schwarzfellfeste.', 'Unsere Vorfahren lebten schon seit Generationen friedlich neben den Furbolgs der Schwarzfelle. In letzter Zeit aber ist der Kontakt zu den Siedlungen abgebrochen, die sich tiefer im Wald befinden. Eines ihrer größeren Dörfer, Schwarzfellfeste, befindet sich südlich von hier.$B$BReist dorthin und findet den Ältesten Brolg. Fragt ihn, warum sich sein Volk von uns zurückgezogen hat und bietet Eure Hilfe an, wenn es ihrer bedarf.', '', '', '', '', '', '', 23420),
(13881, 'deDE', 'Aufgezehrt', 'Tötet 6 aufgezehrte Distelbären und untersucht den See, von dem die Distelbären trinken.', 'Meine größte Sorge gilt den Distelbärfamilien, die diese Wälder behausen. Südlich von hier, hinter dem Bärenschrein, ist eine gesamte Generation der Bären erkrankt. Schrecklich erkrankt.$B$B$n, ich weiß nicht, woran sie leiden, aber es scheint sie von innen aufzuzehren. Der Gedanke, dass eine gesamte Generation nicht mehr zu retten ist, ist entsetzlich, aber wir müssen sie töten, damit ihre Körper der Erde zurückgegeben werden.$B$BUnd was noch wichtiger ist, wir müssen den Ursprung der Krankheit finden. Untersucht den See, aus dem die Bären trinken.', 'Wasserloch untersucht', '', '', '', '', '', 23420),
(13892, 'deDE', 'Keine Spuren hinterlassen', 'Schleicht in die Meistergleve und beobachtet mit Hilfe der Pantherfigur die Schattenhammerkultisten.', 'Südwestlich von hier liegt der Leichnam eines Wesens, das in irgendeiner Verbindung zu den Alten Göttern steht, die die Schattenhammerkultisten verehren.$B$BEs wurde vor unserer Zeit besiegt - wenn nicht von den Titanen selbst, so sicherlich von einer ihrer Schöpfungen.$B$BIn der letzten Zeit haben wir zunehmend Aktivitäten der Kultisten beobachtet und das kann nur bedeuten, dass uns etwas Schreckliches bevorsteht.$B$BWir müssen herausfinden, was sie dort vorhaben, und warum. Nehmt diese Figur. Sie wird Euch dabei helfen, bei Euren Untersuchungen unbemerkt zu bleiben.', '', '', '', '', '', '', 23420),
(13902, 'deDE', 'Die Offensive festigen', 'Sprecht mit Balren von der Klaue am Hain der Uralten in Dunkelküste.', 'Unsere Arbeit in Dunkelküste ist längst nicht vorbei. Wir haben die Landmassen vor dem Zerbersten bewahrt, aber unsere Feinde sind noch immer stark hier vertreten.$B$BIch möchte, dass Ihr südlich von hier ein paar Druiden am Hain der Uralten aufsucht. Sie werden von einem alten Freund von mir angeführt, von Balren von der Klaue.$B$BSagt ihnen, die Zeit ist reif, um die Schlacht zu unseren Feinden zu bringen. Ich werde nachkommen und sie unterstützen, sobald wir diese Gegend stabilisiert haben.', '', '', '', '', '', '', 23420),
(13588, 'deDE', 'Das Auge aller Stürme', 'Fliegt mit Thessera und zerstört 12 Zwielichtreiter und das Zwielichtportal.', 'Zwielichtreiter kreisen über dem Vortex. Ich fürchte, es ist ihre Magie, die die kataklysmischen Kräfte gegen unsere Anstrengungen sichert.$B$BFliegt mit Thessera los, um die Reiter und das Portal, aus dem sie kamen, zu zerstören.', '', '', '', '', '', '', 23420),
(13940, 'deDE', 'Den Traum verlassen', 'Sprecht mit Malfurion beim Auge des Vortex in Dunkelküste.', 'Gut festhalten, $n. Die Reise zurück in die wirkliche Welt kann Geist und Körper von Unvorbereiteten etwas mitnehmen.', '', '', '', '', '', '', 23420),
(13587, 'deDE', 'Der erwachende Alptraum', 'Erhaltet die smaragdgrüne Schriftrolle von dem Alptraumwächter in der Erdspaltergrotte.', 'Malfurions Worte sind wahr, $gkleiner:kleine:c; $C. Der Riss droht, Dunkelküste zu spalten und unsere Welt von der Euren zu trennen.$B$BLasst mich Euch helfen, solange ich kann, bevor der Riss die Zerstörung beider Orte beschleunigt.$B$BZuerst müsst Ihr mich von meinen Fesseln befreien; erlangt die smaragdgrüne Schriftrolle von dem Wächter, der in den Hallen unter uns zu finden ist.', '', '', '', '', '', '', 23420),
(13586, 'deDE', 'Der Smaragdgrüne Traum', 'Begebt Euch durch das Alptraumportal in der Erdspaltergrotte und sprecht mit Thessera.', 'Unsere Anstrengungen, die Zerstörung aufzuhalten, scheinen bisher nicht ausreichend. Ich befürchte, dass wir Hilfe jenseits dieser Welt benötigen werden.$B$BDie Schattenhammerkultisten haben in der Erdspaltergrotte östlich von hier ein Portal zum von Alpträumen geplagten Smaragdgrünen Traum erstellt. Dort halten sie einen Drachen namens Thessera gefangen.$B$BGeht durch das Alptraumportal und befreit sie. Sie wird eine mächtige Verbündete für uns sein.', '', '', '', '', '', '', 23420),
(13581, 'deDE', 'Der Schwur der Schwarzfelle', 'Kehrt zu Malfurion Sturmgrimm beim Auge des Vortex zurück.', 'Es wird zwar nicht unverzüglich geschehen, doch bald wird der Ärger der Elementare abklingen und mein Volk wird weiterleben.$B$BIch werde Euch und Malfurion helfen, soweit es in meiner Macht steht.', '', '', '', '', '', '', 23420),
(13583, 'deDE', 'Der Schwur der Wildekin', 'Kehrt zu Malfurion Sturmgrimm beim Auge des Vortex zurück.', 'Wildekin bei Elune. Aroom in Eurer Schuld.$B$BAroom hilft Euch. Kehrt zu Malfurion zurück. Aroom kommt nach.', '', '', '', '', '', '', 23420),
(13582, 'deDE', 'Das Feuer Elunes', 'Erhaltet Elunes Fackel von Horoo dem Flammenbewahrer.', 'Wir brauchen für Ritual besondere Flamme - Feuer Elunes.$B$BGeist Horoo ist östlich von hier. Horoo trägt Elunes Flamme. Bringt Flamme, um Geister zu Ruhe zu bringen.$B$BIhr habt Arooms Dank.', '', '', '', '', '', '', 23420),
(13578, 'deDE', 'Arooms Abschied', 'Erhaltet 8 Federn von getöteten Wildekin.', '<Die Kreatur ruft traurig, und wendet sich Euch zu.>$B$BAroom ist Letzter von Stamm...$B$BAndere nicht ruhen... brauchen Scheiterhaufen. Bringt Aroom Federn der anderen... sie müssen ruhen.$B$BAroom hilft Euch dann.', '', '', '', '', '', '', 23420),
(13580, 'deDE', 'Die Elemente beruhigen', 'Platziert das aufgeladene Besänftigungstotem auf der Spitze des Gezackten Riffs am Lodernden Strand und beschützt es, bis das Ritual abgeschlossen ist.', 'Die Geister der Feuerelemente sind nun in dem Totem aufbewahrt. Bringt es zur Spitze des Gezackten Riffs am Lodernden Strand und platziert es dort.$B$BDie besänftigende Energie des Totems wird die Elementare langsam umspülen, bis ihre Wut abgeklungen ist.$B$BIhr müsst das Totem beschützen, denn Feuer reagiert auf das Ritual der Besänftigung alles andere als wohlgesinnt.', '', '', '', '', '', '', 23420),
(13576, 'deDE', 'Gegenseitige Hilfe', 'Benutzt das besänftigende Totem, um die Überreste von 8 unbändigen Feuerelementaren zu absorbieren.', 'Da viele meiner Brüder vom Wahnsinn oder von der Verderbnis eingenommen worden sind, habe ich kaum eine Wahl, als mich mit Euch zu verbünden. $R, Ihr könnt auf unsere Hilfe zählen... sobald ich weiß, dass ich auf Eure zählen kann.$B$BWie Ihr sehen könnt, haben wir hier ein paar Probleme mit den Feuerelementaren. Helft uns, sie zu bekämpfen, und wendet dieses Totem auf ihre feurigen Überreste an.$B$BWir werden dafür sorgen, dass sie dahin zurückgehen, wo sie herkamen - ob es ihnen gefällt oder nicht.', '', '', '', '', '', '', 23420),
(13585, 'deDE', 'Der Eid, zu beschützen', 'Sprecht mit Malfurion Sturmgrimm beim Auge des Vortex in Dunkelküste.', 'Ich bin meiner Aufgabe hier so gut wie möglich nachgegangen. Sagt Malfurion, dass ich so bald wie möglich kommen werde.$B$BIch wünsche Euch viel Glück, $n. Ich wünsche uns allen viel Glück.', '', '', '', '', '', '', 23420),
(13584, 'deDE', 'Die Erde beruhigen', 'Tötet 8 wütende Erdelementare.', 'Ich würde meine Verantwortung vernachlässigen, wenn ich meinen Posten verließe, gerade jetzt, wo so viele Elementare in den Ruinen außer Kontrolle herumtoben.$B$BLasst uns zuerst die Elementare beseitigen, bevor wir uns überlegen, wie wir Malfurion helfen können. Was meint Ihr, $gkleiner:kleine:c; $C?', '', '', '', '', '', '', 23420),
(13579, 'deDE', 'Der Beschützer von Ameth''Aran', 'Sprecht mit Selenn in den Ruinen von Ameth''Aran.', 'Nichts heilt das Land schneller als die Stärke seiner Bewohner. Wir Nachtelfen haben das Glück, dass ein paar unserer besten Verbündeten sowohl das Land als auch dessen Bewohner zugleich sind. $B$BSelenn, ein Urtum des Krieges, wurde mit der Bewachung der Ruinen von Ameth''Aran südlich von hier beauftragt. Geht dorthin und ersucht seine Hilfe.', '', '', '', '', '', '', 23420),
(13577, 'deDE', 'Der letzte Wildekin', 'Sprecht mit Aroom beim Mondbestrahlten Bau nördlich vom Auge des Vortex.', 'Es gab einst viele Wildekin in Dunkelküste. Sie waren so eng mit dem Land verbunden, das vom Kataklysmus zerstört wurde, dass ihre Zahlen stark zurückgingen.$B$BAroom ist der letzte Wildekin seines Stammes; er ist ein mächtiger Ältester mit einer starken Verbindung zu Elune. Seine Hilfe wird zur Heilung des Landes unumgänglich sein. Ihr könnt ihn nördlich von hier beim Mondbestrahlten Bau finden.', '', '', '', '', '', '', 23420),
(13575, 'deDE', 'Das Land im Blut', 'Sprecht mit dem Ältesten Braunpfote im Lager der Schwarzfelle südwestlich des Auges des Vortex.', 'Wenn wir die Naturgewalten stabilisieren möchten, so können wir jedes bisschen Hilfe gebrauchen. Die Furbolgs des Schwarzfellstammes haben diese Gegend schon lange zu ihrer Heimat erklärt und sind mit dem Land eng verbunden.$B$BIhr Schamane und Ältester Braunpfote hat große Macht über die Elemente. Seine Hilfe wäre von unschätzbarem Wert. Versucht, ihre Unterstützung zu erhalten.', '', '', '', '', '', '', 23420),
(13558, 'deDE', 'Donner herbeirufen', 'Benutzt Aetherions Ritualkugel und erhaltet Aetherions Essenz.', 'Aetherion ist zwar schon fast in unserer Welt, aber trotzdem können wir ihn noch ausschalten!$B$BAm Ende des Docks schwebt eine Ritualkugel. Ich möchte, dass Ihr mit ihr das Ritual vollendet und den Elementarlord aus seinem Vortex holt.$B$BVertraut mir, $n, ich und die anderen von Euch befreiten Geister werden Aetherion extrem schwächen. Allerdings müsst Ihr ihm den letzten Stoß versetzen, um das Volk der Kaldorei aus Dunkelküste vor der Zerstörung zu retten.$B$BBringt die Essenz Aetherions zu Corvine Mondaufgang im Flüchtlingslager, damit er Bescheid weiß.', '', 'Erhaltet seine Essenz!', 'Aetherion', '', '', '', 23420),
(13605, 'deDE', 'Der letzte Flüchtling', 'Begleitet Archäologin Hollee in Sicherheit.', 'Es gab ein riesiges Erdbeben und alles wurde dunkel. Meine nächste Erinnerung ist, wie ich hier als Gefangene aufwachte. Der ganze Ort ist voll von Elementaren!$B$BIch hoffe, es geht allen gut. Dieser Schattenhammerabschaum hat besser keinem meiner Freunde Leid zugefügt!$B$BSchnell, $C, benutzt etwas Scharfes, um das Schloss hier zu öffnen. Zusammen sollten wir es bis zum Flüchtlingslager schaffen.', 'Archäologin Hollee in Sicherheit gebracht.', '', '', '', '', 'Sprecht mit Elisa Stahlhand im Flüchtlingslager von Auberdine in Dunkelküste.', 23420),
(13547, 'deDE', 'Die Geister locken', 'Lockt die Geister von Thundris Windwirker, Elissa Sternenhauch, Taldan und Caylais Mondfeder.', 'Eure Freunde im Flüchtlingslager sind sich der tatsächlichen Gefahr nicht bewusst, welche die Schattenhammerkultisten bereits über die Welt gebracht haben.$B$BDamit Ihr Euch der Sache annehmen könnt, müsst Ihr zuerst Hilfe von den Toten aus Auberdine bekommen.$B$BSucht in den Ruinen der Stadt nach den Leichen von Thundris Windwirker, Elissa Sternenhauch, Taldan, und Caylais Mondfeder. Lockt die Geister aus ihren Körpern heraus und bringt sie zu mir.', '', '', '', '', '', '', 23420),
(13542, 'deDE', 'Gegen den Wind', 'Benutzt den Mondbrunnen in den Ruinen von Auberdine, um 8 Armschienen des rasenden Zyklons zu zerstören.', 'Wenn wir die Ruinen von Auberdine aus den Händen des Schattenhammers zurückerlangen möchten, so müssen wir uns dauerhaft um die Elementare kümmern, die sie beschworen haben.$B$BHier kommt Ihr ins Spiel.$B$BIch erwarte nicht, dass Ihr die Stadt alleine einnehmt, aber während wir hier oben heilen, könnt Ihr sie für uns schonmal weichklopfen.$B$BUm mit den rasenden Zyklonen auf lange Sicht fertigzuwerden, müsst Ihr Euch nach Westen begeben, sie töten, ihre Armschienen an Euch nehmen und sie in den Mondbrunnen werfen. Das wird die Armschienen zerstören und verhindern, dass die Elementare wieder beschworen werden können.', '', '', '', '', '', '', 23420),
(13573, 'deDE', 'Malfurions Rückkehr', 'Sucht nach Malfurion Sturmgrimm beim Auge des Vortex südöstlich des Flüchtlingslagers in Dunkelküste.', 'Wir haben erst vor kurzem die Neuigkeiten von Malfurions Erwachen gehört, nur Augenblicke, bevor der Kataklysmus über uns hereinbrach.$B$BKaum, dass er zu sich gekommen war, stieß er eine mysteriöse Warnung aus: das Land würde sich spalten, wenn nichts unternommen würde, und die Schockwellen würden über Dunkelküste zusammenlaufen.$B$BDann machte er sich - Berichten zufolge - in diese Richtung auf. Ich wurde hierher geschickt, um nach ihm zu suchen, habe aber nun alle Hände damit zu tun, den Flüchtlingen zu helfen.$B$BVielleicht könnt Ihr für uns südöstlich von hier nach ihm suchen.', '', '', '', '', '', '', 23420),
(13543, 'deDE', 'Drei Hammer zu Brechen...', 'Tötet Wolkenzähmerin Wildmähne, Windmeister Tzu-Tzu und Himmelsfürst Braax.', 'Ich bin über die Ruinen von Auberdine geflogen, um das Gebiet auszukundschaften. Drei Schattenhammerkultisten dort sind für die Elementare verantwortlich, die die zerstörte Stadt eingenommen haben.$B$BBegebt Euch zu den Ruinen westlich von hier. Sucht und besiegt Wolkenzähmerin Wildmähne, Windmeister Tzu-Tzu und den Himmelsfürst Braax.$B$BWenn sie aus dem Weg geschafft sind, werden Schildwache Selarin und ihre Truppen eine Chance haben, ihre Heimat zurückzuerobern.', '', '', '', '', '', '', 23420),
(13601, 'deDE', 'Hilfe für die Flüchtlinge', 'Schildwache Lendra in Lor''danel möchte, dass Ihr mit Priesterin Alinya im Flüchtlingslager sprecht.', 'Bei Elune! Anscheinend haben einige derer, die wir nach dem Angriff auf das alte Auberdine totgeglaubt hatten, ein Flüchtlingslager außerhalb der Ruinen der Stadt aufgeschlagen.$B$BDie Kultisten am Lager des Schattenhammers hatten vor, kurzen Prozess mit ihnen zu machen. Bloß gut, dass Ihr ihre Stellung so erfolgreich angreifen konntet.$B$BTrefft Priesterin Alinya im Flüchtlingslager östlich des alten Auberdine tief im Süden.', '', '', '', '', '', '', 23420),
(13523, 'deDE', 'Macht über die Gezeiten', 'Wendet die Kugel von Elune an den Überresten von 6 wütenden Gezeitengeistern an.', 'Sorgt Euch nicht um mich. Meine Wunden sind tief und bald wird mich der Tod ereilen.$B$BNun liegt alles in Euren Händen... Ihr müsst den Schattenhammer aufhalten.$B$BDie Alten Götter, die von ihnen verehrt werden, haben ihnen Macht über die ruhelosen Wassergeister gewährt... diese Macht ist heikel. Kanalisiert Elunes Präsenz durch diese Kugel, sobald die Elementare besiegt sind.$B$BVerwendet die Macht Elunes, um die Geister für immer zu verbannen.', '', '', '', '', '', '', 23420),
(13596, 'deDE', 'Schattenhammerpläne', 'Erhaltet 6 Schattenhammerpläne aus dem Lager der Schattenhammer.', 'Wir wissen nicht genau, welche Ziele die Schattenhammerkultisten südwestlich von hier verfolgen. Wir fürchten, sie wollen Lor''danel angreifen, allerdings können ihre Motive weitaus tiefer liegen.$B$BBegebt Euch zum Lager der Schattenhammer und besorgt ihre Pläne so schnell Ihr könnt, $n. Uns bleibt möglicherweise nicht viel Zeit.', '', '', '', '', '', '', 23420),
(13519, 'deDE', 'Der Schattenhammer', 'Tötet Hochkultist Azerynn und 10 Fanatiker des Schattenhammers im Lager des Schattenhammers.', 'Eine Gruppe von Schattenhammerkultisten hat südwestlich von hier Lager aufgeschlagen. Sie stellen eine Armee von Wasserelementaren zusammen, die gegen Lor''danel eingesetzt werden könnte.$B$BIhr Anführer, der Hochkultist Azerynn, hat einen Pakt mit den dunklen Göttern geschlossen, die seinem Kult Macht über die Elemente gewähren. Kümmert Euch darum, bevor es zu spät ist, $n.$B$BDer Kataklysmus hat die Elemente verwirrt... es ist nur eine Frage der Zeit, bis sie genug Elementare haben, um unsere Verteidigung zu übermannen.', '', 'Sein Tod bedeutet uns viel.', 'Hochkultist Azerynn', '', '', '', 23420),
(13570, 'deDE', 'Zum Andenken an Auberdine', '', '', '', '', '', '', '', '', 23420);


DELETE FROM `quest_objectives_locale` WHERE (`ID`=266598) OR (`ID`=266597) OR (`ID`=267385) OR (`ID`=256718) OR (`ID`=266154) OR (`ID`=256238) OR (`ID`=264115) OR (`ID`=266614) OR (`ID`=267644) OR (`ID`=267643) OR (`ID`=267642) OR (`ID`=264908) OR (`ID`=266616) OR (`ID`=264781) OR (`ID`=263712) OR (`ID`=267359) OR (`ID`=266852) OR (`ID`=263989) OR (`ID`=263993) OR (`ID`=266057) OR (`ID`=266056) OR (`ID`=266055) OR (`ID`=266054) OR (`ID`=252588) OR (`ID`=267522);
INSERT INTO `quest_objectives_locale` (`ID`, `locale`, `QuestId`, `StorageIndex`, `Description`, `VerifiedBuild`) VALUES
(266598, 'deDE', 13514, 1, 'Splitterspeergebäude zerstört', 23420),
(266597, 'deDE', 13514, 0, 'Splitterspeertrolle getötet', 23420),
(267385, 'deDE', 13509, 0, 'Vorratskisten der Splitterspeere verbrannt', 23420),
(256718, 'deDE', 13560, 0, 'Plünderer der Grauflossenmurlocs', 23420),
(266154, 'deDE', 13565, 1, 'Siechende Ents gerufen', 23420),
(256238, 'deDE', 13557, 0, 'Unverderbte Tiere befreit', 23420),
(264115, 'deDE', 13900, 0, 'Opfergabe an Azshara verhindert', 23420),
(266614, 'deDE', 13891, 0, 'Verschlingendes Artefakt zerstört', 23420),
(267644, 'deDE', 13885, 2, 'Weißschwanzhirsch beschützt', 23420),
(267643, 'deDE', 13885, 1, 'Mondpirscher beschützt', 23420),
(267642, 'deDE', 13885, 0, 'Ergrauter Distelbär beschützt', 23420),
(264908, 'deDE', 13545, 0, 'Furbolg der Schwarzfelle geläutert', 23420),
(266616, 'deDE', 13925, 0, 'Lebensbringerschössling getestet', 23420),
(264781, 'deDE', 13948, 0, 'Meistergleve beobachtet', 23420),
(263712, 'deDE', 13910, 0, 'Hütte für die Murlocs gebaut', 23420),
(267359, 'deDE', 13907, 0, 'Unterschlupf suchende Murlocs getötet', 23420),
(266852, 'deDE', 13892, 0, 'Schattenhammerkultisten beobachtet', 23420),
(263989, 'deDE', 13580, 0, 'Besänftigungsritual abgeschlossen', 23420),
(263993, 'deDE', 13576, 0, 'Unbändiger Feuerelementar absorbiert', 23420),
(266057, 'deDE', 13547, 3, 'Geist von Caylais Mondfeder gelockt', 23420),
(266056, 'deDE', 13547, 2, 'Taldans Geist gelockt', 23420),
(266055, 'deDE', 13547, 1, 'Geist von Schildwache Elissa Sternenhauch gelockt', 23420),
(266054, 'deDE', 13547, 0, 'Geist von Thundris Windwirker gelockt', 23420),
(252588, 'deDE', 13542, 0, 'Armschienen des rasenden Zyklons zerstört', 23420),
(267522, 'deDE', 13523, 0, 'Gezeitengeist beruhigt', 23420);


DELETE FROM `gameobject_template_locale` WHERE (`entry`=195014 AND `locale`='deDE') OR (`entry`=175984 AND `locale`='deDE') OR (`entry`=176291 AND `locale`='deDE') OR (`entry`=194787 AND `locale`='deDE') OR (`entry`=195006 AND `locale`='deDE') OR (`entry`=2045 AND `locale`='deDE') OR (`entry`=194101 AND `locale`='deDE') OR (`entry`=204130 AND `locale`='deDE') OR (`entry`=194103 AND `locale`='deDE') OR (`entry`=194102 AND `locale`='deDE') OR (`entry`=194104 AND `locale`='deDE') OR (`entry`=194088 AND `locale`='deDE') OR (`entry`=176289 AND `locale`='deDE') OR (`entry`=194090 AND `locale`='deDE') OR (`entry`=13873 AND `locale`='deDE') OR (`entry`=194089 AND `locale`='deDE') OR (`entry`=13359 AND `locale`='deDE') OR (`entry`=194145 AND `locale`='deDE') OR (`entry`=194771 AND `locale`='deDE') OR (`entry`=194204 AND `locale`='deDE') OR (`entry`=194209 AND `locale`='deDE') OR (`entry`=194208 AND `locale`='deDE') OR (`entry`=180683 AND `locale`='deDE') OR (`entry`=91737 AND `locale`='deDE') OR (`entry`=194714 AND `locale`='deDE') OR (`entry`=180663 AND `locale`='deDE') OR (`entry`=194130 AND `locale`='deDE') OR (`entry`=194124 AND `locale`='deDE') OR (`entry`=194133 AND `locale`='deDE') OR (`entry`=194131 AND `locale`='deDE') OR (`entry`=194122 AND `locale`='deDE') OR (`entry`=1621 AND `locale`='deDE') OR (`entry`=266354 AND `locale`='deDE') OR (`entry`=35591 AND `locale`='deDE') OR (`entry`=180655 AND `locale`='deDE') OR (`entry`=194179 AND `locale`='deDE') OR (`entry`=1620 AND `locale`='deDE') OR (`entry`=194105 AND `locale`='deDE') OR (`entry`=204228 AND `locale`='deDE') OR (`entry`=195078 AND `locale`='deDE') OR (`entry`=1732 AND `locale`='deDE') OR (`entry`=1926 AND `locale`='deDE') OR (`entry`=1923 AND `locale`='deDE') OR (`entry`=194144 AND `locale`='deDE') OR (`entry`=194142 AND `locale`='deDE') OR (`entry`=194141 AND `locale`='deDE') OR (`entry`=195045 AND `locale`='deDE') OR (`entry`=195044 AND `locale`='deDE') OR (`entry`=195056 AND `locale`='deDE') OR (`entry`=195055 AND `locale`='deDE') OR (`entry`=175227 AND `locale`='deDE') OR (`entry`=195080 AND `locale`='deDE') OR (`entry`=195043 AND `locale`='deDE') OR (`entry`=195021 AND `locale`='deDE') OR (`entry`=195042 AND `locale`='deDE') OR (`entry`=195054 AND `locale`='deDE') OR (`entry`=195058 AND `locale`='deDE') OR (`entry`=194143 AND `locale`='deDE') OR (`entry`=61929 AND `locale`='deDE') OR (`entry`=178147 AND `locale`='deDE') OR (`entry`=17185 AND `locale`='deDE') OR (`entry`=1921 AND `locale`='deDE') OR (`entry`=194139 AND `locale`='deDE') OR (`entry`=194150 AND `locale`='deDE') OR (`entry`=194140 AND `locale`='deDE') OR (`entry`=194100 AND `locale`='deDE') OR (`entry`=195057 AND `locale`='deDE') OR (`entry`=194114 AND `locale`='deDE') OR (`entry`=194106 AND `locale`='deDE') OR (`entry`=16393 AND `locale`='deDE') OR (`entry`=180474 AND `locale`='deDE') OR (`entry`=195071 AND `locale`='deDE') OR (`entry`=180475 AND `locale`='deDE') OR (`entry`=180480 AND `locale`='deDE') OR (`entry`=180477 AND `locale`='deDE') OR (`entry`=180473 AND `locale`='deDE') OR (`entry`=180476 AND `locale`='deDE') OR (`entry`=180479 AND `locale`='deDE') OR (`entry`=180478 AND `locale`='deDE') OR (`entry`=176190 AND `locale`='deDE') OR (`entry`=195070 AND `locale`='deDE') OR (`entry`=194113 AND `locale`='deDE') OR (`entry`=195007 AND `locale`='deDE') OR (`entry`=92489 AND `locale`='deDE') OR (`entry`=92490 AND `locale`='deDE') OR (`entry`=103687 AND `locale`='deDE') OR (`entry`=194112 AND `locale`='deDE') OR (`entry`=17182 AND `locale`='deDE') OR (`entry`=194211 AND `locale`='deDE') OR (`entry`=177280 AND `locale`='deDE') OR (`entry`=208296 AND `locale`='deDE') OR (`entry`=17183 AND `locale`='deDE');
INSERT INTO `gameobject_template_locale` (`entry`, `locale`, `name`, `castBarCaption`, `unk1`, `VerifiedBuild`) VALUES
(195014, 'deDE', 'Gedenkstätte an Auberdine', '', NULL, 23420),
(175984, 'deDE', 'Kessel', '', NULL, 23420),
(176291, 'deDE', 'Freudenfeuer', '', NULL, 23420),
(194787, 'deDE', 'Versengtes Buch', '', NULL, 23420),
(195006, 'deDE', 'Köderbotsteuerkonsole', '', NULL, 23420),
(2045, 'deDE', 'Würgetang', '', NULL, 23420),
(194101, 'deDE', 'Splitterspeerkäfig', '', NULL, 23420),
(204130, 'deDE', 'Freudenfeuer', '', NULL, 23420),
(194103, 'deDE', 'Vorratskisten der Splitterspeere', '', NULL, 23420),
(194102, 'deDE', 'Vorratskisten der Splitterspeere', '', NULL, 23420),
(194104, 'deDE', 'Vorratskisten der Splitterspeere', '', NULL, 23420),
(194088, 'deDE', 'Hochgeborenenrelikt', '', NULL, 23420),
(176289, 'deDE', 'Freudenfeuer', '', NULL, 23420),
(194090, 'deDE', 'Hochgeborenenrelikt', '', NULL, 23420),
(13873, 'deDE', 'Katzenstatuette', '', NULL, 23420),
(194089, 'deDE', 'Hochgeborenenrelikt', '', NULL, 23420),
(13359, 'deDE', 'Katzenstatuette', '', NULL, 23420),
(194145, 'deDE', 'Aetherions Ritualkugel', '', NULL, 23420),
(194771, 'deDE', 'Rauchwerk des Hainhüters', '', NULL, 23420),
(194204, 'deDE', 'Schattenhammerpläne', '', NULL, 23420),
(194209, 'deDE', 'Rauchender Fliegenpilz', '', NULL, 23420),
(194208, 'deDE', 'Rauchender Fliegenpilz', '', NULL, 23420),
(180683, 'deDE', 'Ein Schwarm Feuerflossenschnapper', '', NULL, 23420),
(91737, 'deDE', 'Lagerfeuer', '', NULL, 23420),
(194714, 'deDE', 'Widerliche Werkbank', '', NULL, 23420),
(180663, 'deDE', 'Ein Schwarm Weisenfische', '', NULL, 23420),
(194130, 'deDE', 'Boden des sicheren Bärenkäfigs', '', NULL, 23420),
(194124, 'deDE', 'Sicherer Bärenkäfig', '', NULL, 23420),
(194133, 'deDE', 'Sicherer Nachtrattenkäfig', '', NULL, 23420),
(194131, 'deDE', 'Boden des sicheren Nachtrattenkäfigs', '', NULL, 23420),
(194122, 'deDE', 'Dröhnkiste 723', '', NULL, 23420),
(1621, 'deDE', 'Wilddornrose', '', NULL, 23420),
(266354, 'deDE', 'Einfaches Lagerfeuer', '', NULL, 23420),
(35591, 'deDE', 'Schwimmer', '', NULL, 23420),
(180655, 'deDE', 'Schwimmende Trümmer', '', NULL, 23420),
(194179, 'deDE', 'Die letzte Flamme von Bashal''Aran', '', NULL, 23420),
(1620, 'deDE', 'Maguskönigskraut', '', NULL, 23420),
(194105, 'deDE', 'Dröhnkiste 413', '', NULL, 23420),
(204228, 'deDE', 'Horn der Urtume', '', NULL, 23420),
(195078, 'deDE', 'Portal nach Azshara', '', NULL, 23420),
(1732, 'deDE', 'Zinnader', '', NULL, 23420),
(1926, 'deDE', 'Lagerfeuer', '', NULL, 23420),
(1923, 'deDE', 'Lagerfeuer', '', NULL, 23420),
(194144, 'deDE', 'Lagerfeuer', '', NULL, 23420),
(194142, 'deDE', 'Lagerfeuer', '', NULL, 23420),
(194141, 'deDE', 'Lagerfeuer', '', NULL, 23420),
(195045, 'deDE', 'Neu errichtete Hütte der Grauflossen', '', NULL, 23420),
(195044, 'deDE', 'Neu errichtete Hütte der Grauflossen', '', NULL, 23420),
(195056, 'deDE', 'Datenanzeigegerät der Titanen', '', NULL, 23420),
(195055, 'deDE', 'Vergrabene Trümmer', '', NULL, 23420),
(175227, 'deDE', 'Gestrandete Meereskreatur', '', NULL, 23420),
(195080, 'deDE', 'Schwimmende Trümmer der Grauflossen', '', NULL, 23420),
(195043, 'deDE', 'Bauplatz der Grauflossen', '', NULL, 23420),
(195021, 'deDE', 'Glimmermuschel', '', NULL, 23420),
(195042, 'deDE', 'Trümmer der Grauflossen', '', NULL, 23420),
(195054, 'deDE', 'Schlammverkrustete uralte Scheibe', '', NULL, 23420),
(195058, 'deDE', 'Lagerfeuer', '', NULL, 23420),
(194143, 'deDE', 'Lagerfeuer', '', NULL, 23420),
(61929, 'deDE', 'Freudenfeuer', '', NULL, 23420),
(178147, 'deDE', 'Ruul Schneehuf, Käfig', '', NULL, 23420),
(17185, 'deDE', 'Dröhnkiste 525', '', NULL, 23420),
(1921, 'deDE', 'Lagerfeuer', '', NULL, 23420),
(194139, 'deDE', 'Lagerfeuer', '', NULL, 23420),
(194150, 'deDE', 'Jadefeuerkohlenpfanne', '', NULL, 23420),
(194140, 'deDE', 'Freudenfeuer', '', NULL, 23420),
(194100, 'deDE', 'Bärenklau', '', NULL, 23420),
(195057, 'deDE', 'Verschlingendes Artefakt', '', NULL, 23420),
(194114, 'deDE', 'Bärenpodest', '', NULL, 23420),
(194106, 'deDE', 'Uralte Bärenstatue', '', NULL, 23420),
(16393, 'deDE', 'Uralte Flamme', '', NULL, 23420),
(180474, 'deDE', 'Kohlenpfanne', '', NULL, 23420),
(195071, 'deDE', 'Alptraumportal', '', NULL, 23420),
(180475, 'deDE', 'Kohlenpfanne', '', NULL, 23420),
(180480, 'deDE', 'Kohlenpfanne', '', NULL, 23420),
(180477, 'deDE', 'Kohlenpfanne', '', NULL, 23420),
(180473, 'deDE', 'Kohlenpfanne', '', NULL, 23420),
(180476, 'deDE', 'Kohlenpfanne', '', NULL, 23420),
(180479, 'deDE', 'Kohlenpfanne', '', NULL, 23420),
(180478, 'deDE', 'Kohlenpfanne', '', NULL, 23420),
(176190, 'deDE', 'Gestrandete Meeresschildkröte', '', NULL, 23420),
(195070, 'deDE', 'Scheiterhaufen der Wildekin', '', NULL, 23420),
(194113, 'deDE', 'Shadowmoon Rune 2 (scale x2.00)', '', NULL, 23420),
(195007, 'deDE', 'Feder eines getöteten Wildekin', '', NULL, 23420),
(92489, 'deDE', 'Amboss', '', NULL, 23420),
(92490, 'deDE', 'Schmiede', '', NULL, 23420),
(103687, 'deDE', 'Lagerfeuer', '', NULL, 23420),
(194112, 'deDE', 'Schattenmondrune 2', '', NULL, 23420),
(17182, 'deDE', 'Dröhnkiste 827', '', NULL, 23420),
(194211, 'deDE', 'Kugel und Kette', '', NULL, 23420),
(177280, 'deDE', 'Mondbrunnen', '', NULL, 23420),
(208296, 'deDE', 'Lagerfeuer', '', NULL, 23420),
(17183, 'deDE', 'Dröhnkiste 411', '', NULL, 23420);


DELETE FROM `locales_gossip_menu_option` WHERE (`menu_id`=10491 AND `id`=0) OR (`menu_id`=10431 AND `id`=1) OR (`menu_id`=10431 AND `id`=0) OR (`menu_id`=10428 AND `id`=1) OR (`menu_id`=10428 AND `id`=0) OR (`menu_id`=10416 AND `id`=0) OR (`menu_id`=12726 AND `id`=0) OR (`menu_id`=10410 AND `id`=0) OR (`menu_id`=10427 AND `id`=0) OR (`menu_id`=10429 AND `id`=0) OR (`menu_id`=8521 AND `id`=0) OR (`menu_id`=347 AND `id`=0) OR (`menu_id`=7690 AND `id`=0) OR (`menu_id`=4138 AND `id`=0) OR (`menu_id`=12725 AND `id`=0) OR (`menu_id`=8519 AND `id`=0) OR (`menu_id`=14991 AND `id`=1) OR (`menu_id`=14991 AND `id`=0) OR (`menu_id`=20690 AND `id`=0) OR (`menu_id`=14238 AND `id`=9) OR (`menu_id`=9821 AND `id`=3) OR (`menu_id`=9821 AND `id`=1) OR (`menu_id`=4301 AND `id`=0) OR (`menu_id`=10486 AND `id`=0) OR (`menu_id`=10509 AND `id`=0) OR (`menu_id`=83 AND `id`=0) OR (`menu_id`=10490 AND `id`=0) OR (`menu_id`=10272 AND `id`=0) OR (`menu_id`=10279 AND `id`=0) OR (`menu_id`=10277 AND `id`=0) OR (`menu_id`=10278 AND `id`=0);
INSERT INTO `locales_gossip_menu_option` (`menu_id`, `id`, `option_text_loc1`, `option_text_loc2`, `option_text_loc3`, `option_text_loc4`, `option_text_loc5`, `option_text_loc6`, `option_text_loc7`, `option_text_loc8`, `box_text_loc1`, `box_text_loc2`, `box_text_loc3`, `box_text_loc4`, `box_text_loc5`, `box_text_loc6`, `box_text_loc7`, `box_text_loc8`) VALUES
(10491, 0, 0, 'Ich möchte nach Lor''danel reisen.', '', '', '', '', '', '', '', '', '', '', '', '', ''),
(10431, 1, 0, 'Ich bin bereit. Beginnt mit dem Angriff.', '', '', '', '', '', '', '', '', '', '', '', '', ''),
(10431, 0, 0, 'Ich bin bereit. Beginnt mit dem Angriff.', '', '', '', '', '', '', '', '', '', '', '', '', ''),
(10428, 1, 0, 'Ich möchte ins Splitterspeertal reisen.', '', '', '', '', '', '', '', '', '', '', '', '', ''),
(10428, 0, 0, 'Ich möchte nach Lor''danel reisen.', '', '', '', '', '', '', '', '', '', '', '', '', ''),
(10416, 0, 0, 'Ich möchte zu den Ruinen von Mathystra reisen.', '', '', '', '', '', '', '', '', '', '', '', '', ''),
(12726, 0, 1, 'Ich möchte ein wenig Eure Ware betrachten.', '', '', '', '', '', '', '', '', '', '', '', '', ''),
(10410, 0, 0, 'Atmet den Rauch ein, um Visionen großer Tiergeister hervorzurufen.', '', '', '', '', '', '', '', '', '', '', '', '', ''),
(10427, 0, 0, 'Ich möchte nach Bashal''Aran reisen.', '', '', '', '', '', '', '', '', '', '', '', '', ''),
(10429, 0, 0, 'Ich möchte nach Lor''danel reisen.', '', '', '', '', '', '', '', '', '', '', '', '', ''),
(8521, 0, 3, 'Bildet mich aus.', '', '', '', '', '', '', '', '', '', '', '', '', ''),
(347, 0, 5, 'Ich möchte dieses Gasthaus zu meinem Heimatort machen.', '', '', '', '', '', '', '', '', '', '', '', '', ''),
(7690, 0, 3, 'Bildet mich aus.', '', '', '', '', '', '', '', '', '', '', '', '', ''),
(4138, 0, 3, 'Bildet mich aus.', '', '', '', '', '', '', '', '', '', '', '', '', ''),
(12725, 0, 3, 'Ich möchte etwas über Archäologie erfahren.', '', '', '', '', '', '', '', '', '', '', '', '', ''),
(8519, 0, 3, 'Bildet mich aus.', '', '', '', '', '', '', '', '', '', '', '', '', ''),
(14991, 1, 1, 'Wollt Ihr Eure Kampfsteine eintauschen?', '', '', '', '', '', '', '', '', '', '', '', '', ''),
(14991, 0, 3, 'Möchtet Ihr einige seltene Begleiter fangen?', '', '', '', '', '', '', '', '', '', '', '', '', ''),
(20690, 0, 0, 'Ich möchte die Technik ''Arkaner Schwung'' erlernen und ''Blinzeln'' in meine Bewegungsrichtung anwenden.', '', '', '', '', '', '', '', '', '', '', '', 'Seid Ihr sicher, dass Ihr diese neue Technik lernen möchtet?', ''),
(14238, 9, 0, 'Ich möchte über die Technik ''Arkaner Schwung'' sprechen.', '', '', '', '', '', '', '', '', '', '', '', '', ''),
(9821, 3, 0, 'Ich würde gern meine Kampfhaustiere heilen und wiederbeleben.', '', '', '', '', '', '', '', '', '', '', '', '', ''),
(9821, 1, 1, 'Ich suche nach einem verlorenen Gefährten.', '', '', '', '', '', '', '', '', '', '', '', '', ''),
(4301, 0, 2, 'Ich brauche einen Flug.', '', '', '', '', '', '', '', '', '', '', '', '', ''),
(10486, 0, 0, 'Wer sind die Urwesen?', '', '', '', '', '', '', '', '', '', '', '', '', ''),
(10509, 0, 0, 'Orseus, Kathrena hat mich geschickt, um einen Eurer Hippogryphen auszuleihen.', '', '', '', '', '', '', '', '', '', '', '', '', ''),
(83, 0, 4, 'Bringt mich ins Leben zurück.', '', '', '', '', '', '', '', '', '', '', '', '', ''),
(10490, 0, 0, 'Urtum Onu, wo finde ich die Saat der Erde?', '', '', '', '', '', '', '', '', '', '', '', '', ''),
(10272, 0, 0, 'Lockt Thundris Windwirkers Geist.', '', '', '', '', '', '', '', '', '', '', '', '', ''),
(10279, 0, 0, 'Lockt den Geist von Caylais Mondfeder aus ihrem toten Körper.', '', '', '', '', '', '', '', '', '', '', '', '', ''),
(10277, 0, 0, 'Lockt den Geist aus dem toten Körper von Schildwache Elissa Sternenhauch.', '', '', '', '', '', '', '', '', '', '', '', '', ''),
(10278, 0, 0, 'Überredet Taldans Körper, seinen Geist herauszugeben.', '', '', '', '', '', '', '', '', '', '', '', '', '');


DELETE FROM `locales_creature_text` WHERE (entry=34207 AND groupid=0) OR (entry=33046 AND groupid=0) OR (entry=34304 AND groupid=0) OR (entry=33127 AND groupid=0) OR (entry=32888 AND groupid=0) OR (entry=34367 AND groupid=0) OR (entry=32972 AND groupid=0) OR (entry=34388 AND groupid=0) OR (entry=33106 AND groupid=0) OR (entry=32959 AND groupid=0) OR (entry=34369 AND groupid=0) OR (entry=33041 AND groupid=0) OR (entry=32970 AND groupid=0) OR (entry=34334 AND groupid=0) OR (entry=2207 AND groupid=0) OR (entry=33176 AND groupid=0) OR (entry=34343 AND groupid=0) OR (entry=34248 AND groupid=0) OR (entry=33079 AND groupid=0) OR (entry=33020 AND groupid=0) OR (entry=32869 AND groupid=0) OR (entry=33206 AND groupid=0) OR (entry=34376 AND groupid=0) OR (entry=32964 AND groupid=0) OR (entry=34423 AND groupid=0) OR (entry=34041 AND groupid=0) OR (entry=34340 AND groupid=0) OR (entry=34406 AND groupid=0) OR (entry=33231 AND groupid=0) OR (entry=33181 AND groupid=0) OR (entry=33022 AND groupid=0) OR (entry=33115 AND groupid=0) OR (entry=32863 AND groupid=0) OR (entry=32859 AND groupid=0) OR (entry=33262 AND groupid=0) OR (entry=32860 AND groupid=0) OR (entry=33178 AND groupid=0) OR (entry=34326 AND groupid=0) OR (entry=32899 AND groupid=0) OR (entry=34033 AND groupid=0) OR (entry=33180 AND groupid=0) OR (entry=7017 AND groupid=0) OR (entry=34342 AND groupid=0) OR (entry=32969 AND groupid=0) OR (entry=34339 AND groupid=0) OR (entry=33048 AND groupid=0) OR (entry=34427 AND groupid=0) OR (entry=32973 AND groupid=0) OR (entry=34405 AND groupid=0) OR (entry=32937 AND groupid=0) OR (entry=2237 AND groupid=0) OR (entry=32861 AND groupid=0) OR (entry=33179 AND groupid=0) OR (entry=34103 AND groupid=0) OR (entry=32868 AND groupid=0) OR (entry=33057 AND groupid=0) OR (entry=32971 AND groupid=0) OR (entry=33232 AND groupid=0);
INSERT INTO `locales_creature_text` (`entry`, `groupid`, `id`, `text`, `type`, `language`, `probability`, `emote`, `duration`, `sound`, `BroadcastTextId`, `comment`) VALUES
(34207, 0, 0, '', '', 'Murlocplage, ich bin gekommen, um eure Schätze zu stehlen. Versucht doch, mich aufzuhalten! Na los!', '', '', '', '', ''),
(33046, 0, 0, '', '', 'Nein, Aetherion, wir werden nicht zulassen, dass dies geschieht!', '', '', '', '', ''),
(34304, 0, 0, '', '', '%s versucht zu flüchten!', '', '', '', '', ''),
(33127, 0, 0, '', '', 'Der Mondpirscher springt auf die Füße, die Zähne gefletscht.', '', '', '', '', ''),
(32888, 0, 0, '', '', 'Eindringlinge! Gut, ich fing schon an, mich zu langweilen...', '', '', '', '', ''),
(34367, 0, 0, '', '', 'Das Ritual der Besänftigung hat begonnen. Verteidigt das Totem, koste es, was es wolle.', '', '', '', '', ''),
(32972, 0, 0, '', '', 'Wenn die Verwundeten ankommen, werden wir sie im Gasthaus unterbringen, während wir sie pflegen. Bitte stoßt dort zu uns, wenn Ihr zurückkommt.', '', '', '', '', ''),
(34388, 0, 0, '', '', 'Wir danken Euch, Aroom. Und auch $n danken wir. Wir kehren zu Elune zurück... endlich.', '', '', '', '', ''),
(33106, 0, 0, '', '', 'Ich danke Euch, Priesterin.', '', '', '', '', ''),
(32959, 0, 0, '', '', 'Anaya...? Kann ich meinen Augen trauen? Bist du es wirklich?', '', '', '', '', ''),
(34369, 0, 0, '', '', 'Ein %s steigt aus der Muschel!', '', '', '', '', ''),
(33041, 0, 0, '', '', 'IHR WAGT ES?! HEUTE KOMMT DAS ENDE VON LOR''DANEL, MALFURION UND EUCH!', '', '', '', '', ''),
(32970, 0, 0, '', '', 'Ein neues Opfer! Ich war mit diesem ohnehin fast fertig.', '', '', '', '', ''),
(34334, 0, 0, '', '', 'Das Artefakt zerbricht als Yoth''al der Verschlinger seinen letzten Atemzug aushaucht.', '', '', '', '', ''),
(2207, 0, 0, '', '', '%s versucht zu flüchten!', '', '', '', '', ''),
(33176, 0, 0, '', '', 'Und keine Sorge wegen den Trollen am Boden, wenn Ihr da oben seid. Sie werden unter den Schritten des Urtums zertrampelt werden.', '', '', '', '', ''),
(34343, 0, 0, '', '', 'Spitze! Nehmt Eure Kräfte zusammen, wer auch immer Ihr seid. Wir haben einen weiten Weg.', '', '', '', '', ''),
(34248, 0, 0, '', '', '%s versucht zu flüchten!', '', '', '', '', ''),
(33079, 0, 0, '', '', '%s wird wütend!', '', '', '', '', ''),
(33020, 0, 0, '', '', '%s versucht zu flüchten!', '', '', '', '', ''),
(32869, 0, 0, '', '', 'Hallo dort drüben! Wagt es nicht, Euch hinter diesen Säulen zu verstecken. Lasst mich Euch richtig willkommen heißen.', '', '', '', '', ''),
(33206, 0, 0, '', '', '%s versucht zu flüchten!', '', '', '', '', ''),
(34376, 0, 0, '', '', 'Haltet Euch gut fest! Ich kümmere mich um das Fliegen, Ihr konzentriert Euch auf die Wildtiere unter uns.', '', '', '', '', ''),
(32964, 0, 0, '', '', 'Habt Dank für die Rettung. Lasst uns von hier verschwinden!', '', '', '', '', ''),
(34423, 0, 0, '', '', 'Ihr kommt zu spät... Die Reliquie wird in diesem Augenblick Azshara geopfert!', '', '', '', '', ''),
(34041, 0, 0, '', '', 'Was könnt Ihr mir erzählen, Keynira?', '', '', '', '', ''),
(34340, 0, 0, '', '', 'Du Volltrottel, dies SIND dieselben Ruinen. Du gehst mal wieder im Kreis.', '', '', '', '', ''),
(34406, 0, 0, '', '', 'Hütet Eure Zunge, elendiger Wurm. Ihr werdet Soggoth den Glitschigen nicht als "das Ding" bezeichnen oder Ihr werdet Euer eigenes Herz als Abendessen verspeisen.', '', '', '', '', ''),
(33231, 0, 0, '', '', 'Heilige Güte!', '', '', '', '', ''),
(33181, 0, 0, '', '', 'Endlich kann meine Seele ruhen... Oh, teuerster Cerellean...', '', '', '', '', ''),
(33022, 0, 0, '', '', '%s versucht zu flüchten!', '', '', '', '', ''),
(33115, 0, 0, '', '', 'Priesterinnen, ich bringe Euch Nachricht, dass noch mehr Überlebende kommen. Sie tun alles was sie können, um nach jenen zu suchen, die noch am Leben sind. Bitte schickt alle Hilfe, die Ihr geben könnt!', '', '', '', '', ''),
(32863, 0, 0, '', '', '%s wird wütend!', '', '', '', '', ''),
(32859, 0, 0, '', '', '%s wird wütend!', '', '', '', '', ''),
(33262, 0, 0, '', '', '%s versucht zu flüchten!', '', '', '', '', ''),
(32860, 0, 0, '', '', 'Abschlachtzeit!', '', '', '', '', ''),
(33178, 0, 0, '', '', 'Lasst es mich wissen, wenn Ihr zum Angriff bereit seid.', '', '', '', '', ''),
(34326, 0, 0, '', '', 'Unsere Leute haben es fast geschafft, den großen Soggoth auszugraben. Ist das Ritual bereit?', '', '', '', '', ''),
(32899, 0, 0, '', '', 'Gemetzel! Möge ich in seinem Namen Blut vergießen!', '', '', '', '', ''),
(34033, 0, 0, '', '', 'Ich will jeden Fetzen Papier sehen, dass Halunken in die Finger bekommt.', '', '', '', '', ''),
(33180, 0, 0, '', '', 'Die Kälte kommt...', '', '', '', '', ''),
(7017, 0, 0, '', '', '%s versucht zu flüchten!', '', '', '', '', ''),
(34342, 0, 0, '', '', 'Sehen wir doch mal, was uns dieses Artefakt sagt...', '', '', '', '', ''),
(32969, 0, 0, '', '', 'Gershala... Dentaria wird so glücklich sein, Euch lebend zu sehen.', '', '', '', '', ''),
(34339, 0, 0, '', '', '%s versucht zu flüchten!', '', '', '', '', ''),
(33048, 0, 0, '', '', 'Bitte haltet einen Moment still.', '', '', '', '', ''),
(34427, 0, 0, '', '', 'Nicht ganz. Wir werden jede Menge Opfergaben brauchen, ehe der Herold der Alten Götter wieder über das Land streift.', '', '', '', '', ''),
(32973, 0, 0, '', '', 'Verstanden, Schildwache. Kehrt zurück zum Strand und helft ihnen alle, die noch am Leben sind, zurückzubringen.', '', '', '', '', ''),
(34405, 0, 0, '', '', 'Eindringlinge! Tötet sie!', '', '', '', '', ''),
(32937, 0, 0, '', '', 'Wir danken Euch. Der Wille des Ozeans ist es, frei zu sein.', '', '', '', '', ''),
(2237, 0, 0, '', '', '%s wird nun vor der Verzehrung beschützt.', '', '', '', '', ''),
(32861, 0, 0, '', '', '%s versucht zu flüchten!', '', '', '', '', ''),
(33179, 0, 0, '', '', '', '', '', '', '', ''),
(34103, 0, 0, '', '', 'Die Katapulte bleiben kampfunfähig. Ich habe einige niedergebrannt und die anderen sabotiert.', '', '', '', '', ''),
(32868, 0, 0, '', '', 'Hah! Bleibt genau da stehen, wo ich Euch mit meinem Zauber treffen kann! Es wird auch nicht sehr wehtun.', '', '', '', '', ''),
(33057, 0, 0, '', '', 'Für unsere Meister!', '', '', '', '', ''),
(32971, 0, 0, '', '', 'Ihr da! Wir brauchen so schnell wie möglich brauchbare Leute. Es hängen Leben davon ab!', '', '', '', '', ''),
(33232, 0, 0, '', '', 'Zu Hilfe! Holt mich hier raus bevor sie mich opfern!', '', '', '', '', '');


DELETE FROM `creature_template_locale` WHERE (`entry`=32862 /*32862*/ AND `locale`='deDE') OR (`entry`=33178 /*33178*/ AND `locale`='deDE') OR (`entry`=3843 /*3843*/ AND `locale`='deDE') OR (`entry`=34207 /*34207*/ AND `locale`='deDE') OR (`entry`=34205 /*34205*/ AND `locale`='deDE') OR (`entry`=33262 /*33262*/ AND `locale`='deDE') OR (`entry`=33345 /*33345*/ AND `locale`='deDE') OR (`entry`=32964 /*32964*/ AND `locale`='deDE') OR (`entry`=32970 /*32970*/ AND `locale`='deDE') OR (`entry`=33055 /*33055*/ AND `locale`='deDE') OR (`entry`=33056 /*33056*/ AND `locale`='deDE') OR (`entry`=33913 /*33913*/ AND `locale`='deDE') OR (`entry`=32855 /*32855*/ AND `locale`='deDE') OR (`entry`=33176 /*33176*/ AND `locale`='deDE') OR (`entry`=32858 /*32858*/ AND `locale`='deDE') OR (`entry`=43742 /*43742*/ AND `locale`='deDE') OR (`entry`=34248 /*34248*/ AND `locale`='deDE') OR (`entry`=32859 /*32859*/ AND `locale`='deDE') OR (`entry`=34309 /*34309*/ AND `locale`='deDE') OR (`entry`=34321 /*34321*/ AND `locale`='deDE') OR (`entry`=34231 /*34231*/ AND `locale`='deDE') OR (`entry`=32869 /*32869*/ AND `locale`='deDE') OR (`entry`=34041 /*34041*/ AND `locale`='deDE') OR (`entry`=32966 /*32966*/ AND `locale`='deDE') OR (`entry`=32965 /*32965*/ AND `locale`='deDE') OR (`entry`=32963 /*32963*/ AND `locale`='deDE') OR (`entry`=32863 /*32863*/ AND `locale`='deDE') OR (`entry`=43419 /*43419*/ AND `locale`='deDE') OR (`entry`=32861 /*32861*/ AND `locale`='deDE') OR (`entry`=34103 /*34103*/ AND `locale`='deDE') OR (`entry`=34033 /*34033*/ AND `locale`='deDE') OR (`entry`=33132 /*33132*/ AND `locale`='deDE') OR (`entry`=33133 /*33133*/ AND `locale`='deDE') OR (`entry`=33131 /*33131*/ AND `locale`='deDE') OR (`entry`=33207 /*33207*/ AND `locale`='deDE') OR (`entry`=34315 /*34315*/ AND `locale`='deDE') OR (`entry`=33053 /*33053*/ AND `locale`='deDE') OR (`entry`=33127 /*33127*/ AND `locale`='deDE') OR (`entry`=33126 /*33126*/ AND `locale`='deDE') OR (`entry`=33048 /*33048*/ AND `locale`='deDE') OR (`entry`=33296 /*33296*/ AND `locale`='deDE') OR (`entry`=32888 /*32888*/ AND `locale`='deDE') OR (`entry`=33206 /*33206*/ AND `locale`='deDE') OR (`entry`=33978 /*33978*/ AND `locale`='deDE') OR (`entry`=33181 /*33181*/ AND `locale`='deDE') OR (`entry`=33981 /*33981*/ AND `locale`='deDE') OR (`entry`=33997 /*33997*/ AND `locale`='deDE') OR (`entry`=33980 /*33980*/ AND `locale`='deDE') OR (`entry`=33022 /*33022*/ AND `locale`='deDE') OR (`entry`=33020 /*33020*/ AND `locale`='deDE') OR (`entry`=33024 /*33024*/ AND `locale`='deDE') OR (`entry`=33023 /*33023*/ AND `locale`='deDE') OR (`entry`=33021 /*33021*/ AND `locale`='deDE') OR (`entry`=32868 /*32868*/ AND `locale`='deDE') OR (`entry`=33071 /*33071*/ AND `locale`='deDE') OR (`entry`=61366 /*61366*/ AND `locale`='deDE') OR (`entry`=34046 /*34046*/ AND `locale`='deDE') OR (`entry`=34030 /*34030*/ AND `locale`='deDE') OR (`entry`=32860 /*32860*/ AND `locale`='deDE') OR (`entry`=48763 /*48763*/ AND `locale`='deDE') OR (`entry`=48650 /*48650*/ AND `locale`='deDE') OR (`entry`=48648 /*48648*/ AND `locale`='deDE') OR (`entry`=33903 /*33903*/ AND `locale`='deDE') OR (`entry`=33905 /*33905*/ AND `locale`='deDE') OR (`entry`=33884 /*33884*/ AND `locale`='deDE') OR (`entry`=32975 /*32975*/ AND `locale`='deDE') OR (`entry`=33009 /*33009*/ AND `locale`='deDE') OR (`entry`=32961 /*32961*/ AND `locale`='deDE') OR (`entry`=32962 /*32962*/ AND `locale`='deDE') OR (`entry`=32960 /*32960*/ AND `locale`='deDE') OR (`entry`=32959 /*32959*/ AND `locale`='deDE') OR (`entry`=33277 /*33277*/ AND `locale`='deDE') OR (`entry`=33100 /*33100*/ AND `locale`='deDE') OR (`entry`=33103 /*33103*/ AND `locale`='deDE') OR (`entry`=33095 /*33095*/ AND `locale`='deDE') OR (`entry`=33099 /*33099*/ AND `locale`='deDE') OR (`entry`=33102 /*33102*/ AND `locale`='deDE') OR (`entry`=33101 /*33101*/ AND `locale`='deDE') OR (`entry`=33098 /*33098*/ AND `locale`='deDE') OR (`entry`=33096 /*33096*/ AND `locale`='deDE') OR (`entry`=32911 /*32911*/ AND `locale`='deDE') OR (`entry`=33097 /*33097*/ AND `locale`='deDE') OR (`entry`=33093 /*33093*/ AND `locale`='deDE') OR (`entry`=33094 /*33094*/ AND `locale`='deDE') OR (`entry`=62246 /*62246*/ AND `locale`='deDE') OR (`entry`=61081 /*61081*/ AND `locale`='deDE') OR (`entry`=33179 /*33179*/ AND `locale`='deDE') OR (`entry`=33180 /*33180*/ AND `locale`='deDE') OR (`entry`=33177 /*33177*/ AND `locale`='deDE') OR (`entry`=33311 /*33311*/ AND `locale`='deDE') OR (`entry`=61080 /*61080*/ AND `locale`='deDE') OR (`entry`=34423 /*34423*/ AND `locale`='deDE') OR (`entry`=34414 /*34414*/ AND `locale`='deDE') OR (`entry`=2206 /*2206*/ AND `locale`='deDE') OR (`entry`=34376 /*34376*/ AND `locale`='deDE') OR (`entry`=32996 /*32996*/ AND `locale`='deDE') OR (`entry`=34348 /*34348*/ AND `locale`='deDE') OR (`entry`=34347 /*34347*/ AND `locale`='deDE') OR (`entry`=34357 /*34357*/ AND `locale`='deDE') OR (`entry`=34415 /*34415*/ AND `locale`='deDE') OR (`entry`=33079 /*33079*/ AND `locale`='deDE') OR (`entry`=34350 /*34350*/ AND `locale`='deDE') OR (`entry`=34346 /*34346*/ AND `locale`='deDE') OR (`entry`=34356 /*34356*/ AND `locale`='deDE') OR (`entry`=2233 /*2233*/ AND `locale`='deDE') OR (`entry`=34342 /*34342*/ AND `locale`='deDE') OR (`entry`=34340 /*34340*/ AND `locale`='deDE') OR (`entry`=34343 /*34343*/ AND `locale`='deDE') OR (`entry`=34339 /*34339*/ AND `locale`='deDE') OR (`entry`=2207 /*2207*/ AND `locale`='deDE') OR (`entry`=34326 /*34326*/ AND `locale`='deDE') OR (`entry`=34427 /*34427*/ AND `locale`='deDE') OR (`entry`=34406 /*34406*/ AND `locale`='deDE') OR (`entry`=34413 /*34413*/ AND `locale`='deDE') OR (`entry`=34405 /*34405*/ AND `locale`='deDE') OR (`entry`=32968 /*32968*/ AND `locale`='deDE') OR (`entry`=32967 /*32967*/ AND `locale`='deDE') OR (`entry`=33044 /*33044*/ AND `locale`='deDE') OR (`entry`=33043 /*33043*/ AND `locale`='deDE') OR (`entry`=34417 /*34417*/ AND `locale`='deDE') OR (`entry`=34334 /*34334*/ AND `locale`='deDE') OR (`entry`=32997 /*32997*/ AND `locale`='deDE') OR (`entry`=34302 /*34302*/ AND `locale`='deDE') OR (`entry`=62250 /*62250*/ AND `locale`='deDE') OR (`entry`=2165 /*2165*/ AND `locale`='deDE') OR (`entry`=33253 /*33253*/ AND `locale`='deDE') OR (`entry`=34392 /*34392*/ AND `locale`='deDE') OR (`entry`=33250 /*33250*/ AND `locale`='deDE') OR (`entry`=34404 /*34404*/ AND `locale`='deDE') OR (`entry`=34403 /*34403*/ AND `locale`='deDE') OR (`entry`=34402 /*34402*/ AND `locale`='deDE') OR (`entry`=33072 /*33072*/ AND `locale`='deDE') OR (`entry`=43425 /*43425*/ AND `locale`='deDE') OR (`entry`=34301 /*34301*/ AND `locale`='deDE') OR (`entry`=34446 /*34446*/ AND `locale`='deDE') OR (`entry`=34498 /*34498*/ AND `locale`='deDE') OR (`entry`=34306 /*34306*/ AND `locale`='deDE') OR (`entry`=34318 /*34318*/ AND `locale`='deDE') OR (`entry`=2071 /*2071*/ AND `locale`='deDE') OR (`entry`=2237 /*2237*/ AND `locale`='deDE') OR (`entry`=34401 /*34401*/ AND `locale`='deDE') OR (`entry`=33166 /*33166*/ AND `locale`='deDE') OR (`entry`=34399 /*34399*/ AND `locale`='deDE') OR (`entry`=34398 /*34398*/ AND `locale`='deDE') OR (`entry`=33057 /*33057*/ AND `locale`='deDE') OR (`entry`=33058 /*33058*/ AND `locale`='deDE') OR (`entry`=34388 /*34388*/ AND `locale`='deDE') OR (`entry`=33119 /*33119*/ AND `locale`='deDE') OR (`entry`=34385 /*34385*/ AND `locale`='deDE') OR (`entry`=33117 /*33117*/ AND `locale`='deDE') OR (`entry`=32999 /*32999*/ AND `locale`='deDE') OR (`entry`=33084 /*33084*/ AND `locale`='deDE') OR (`entry`=33112 /*33112*/ AND `locale`='deDE') OR (`entry`=34299 /*34299*/ AND `locale`='deDE') OR (`entry`=33083 /*33083*/ AND `locale`='deDE') OR (`entry`=34316 /*34316*/ AND `locale`='deDE') OR (`entry`=33091 /*33091*/ AND `locale`='deDE') OR (`entry`=34282 /*34282*/ AND `locale`='deDE') OR (`entry`=34293 /*34293*/ AND `locale`='deDE') OR (`entry`=33075 /*33075*/ AND `locale`='deDE') OR (`entry`=33077 /*33077*/ AND `locale`='deDE') OR (`entry`=33076 /*33076*/ AND `locale`='deDE') OR (`entry`=33078 /*33078*/ AND `locale`='deDE') OR (`entry`=33046 /*33046*/ AND `locale`='deDE') OR (`entry`=33001 /*33001*/ AND `locale`='deDE') OR (`entry`=33033 /*33033*/ AND `locale`='deDE') OR (`entry`=33047 /*33047*/ AND `locale`='deDE') OR (`entry`=33045 /*33045*/ AND `locale`='deDE') OR (`entry`=33041 /*33041*/ AND `locale`='deDE') OR (`entry`=33111 /*33111*/ AND `locale`='deDE') OR (`entry`=33037 /*33037*/ AND `locale`='deDE') OR (`entry`=33039 /*33039*/ AND `locale`='deDE') OR (`entry`=33035 /*33035*/ AND `locale`='deDE') OR (`entry`=33232 /*33232*/ AND `locale`='deDE') OR (`entry`=33040 /*33040*/ AND `locale`='deDE') OR (`entry`=32986 /*32986*/ AND `locale`='deDE') OR (`entry`=6887 /*6887*/ AND `locale`='deDE') OR (`entry`=32985 /*32985*/ AND `locale`='deDE') OR (`entry`=32990 /*32990*/ AND `locale`='deDE') OR (`entry`=32989 /*32989*/ AND `locale`='deDE') OR (`entry`=32988 /*32988*/ AND `locale`='deDE') OR (`entry`=34304 /*34304*/ AND `locale`='deDE') OR (`entry`=3694 /*3694*/ AND `locale`='deDE') OR (`entry`=33231 /*33231*/ AND `locale`='deDE') OR (`entry`=33107 /*33107*/ AND `locale`='deDE') OR (`entry`=32987 /*32987*/ AND `locale`='deDE') OR (`entry`=4194 /*4194*/ AND `locale`='deDE') OR (`entry`=4190 /*4190*/ AND `locale`='deDE') OR (`entry`=33106 /*33106*/ AND `locale`='deDE') OR (`entry`=32890 /*32890*/ AND `locale`='deDE') OR (`entry`=32932 /*32932*/ AND `locale`='deDE') OR (`entry`=32639 /*32639*/ AND `locale`='deDE') OR (`entry`=32638 /*32638*/ AND `locale`='deDE') OR (`entry`=32899 /*32899*/ AND `locale`='deDE');
INSERT INTO `creature_template_locale` (`entry`, `locale`, `Name`, `NameAlt`, `Title`, `TitleAlt`, `VerifiedBuild`) VALUES
(32862, 'deDE', 'Jor''kil der Seelenreißer', '', NULL, NULL, 23420), -- 32862
(33178, 'deDE', 'Jägerin Sandrya Mondsturz', '', NULL, NULL, 23420), -- 33178
(3843, 'deDE', 'Anaya', '', NULL, NULL, 23420), -- 3843
(34207, 'deDE', 'Törichter Abenteurer', '', 'Ablenkungsbot', NULL, 23420), -- 34207
(34205, 'deDE', 'Gary', '', NULL, NULL, 23420), -- 34205
(33262, 'deDE', 'Gezeitenjäger der Grauflossen', '', NULL, NULL, 23420), -- 33262
(33345, 'deDE', 'Luk''gar', '', 'Flugmeister der Splitterspeere', NULL, 23420), -- 33345
(32964, 'deDE', 'Schildwache Aynasha', '', NULL, NULL, 23420), -- 32964
(32970, 'deDE', 'Rit''ko', '', 'Folterer der Splitterspeere', NULL, 23420), -- 32970
(33055, 'deDE', 'Alanndarian Nachtweise', '', NULL, NULL, 23420), -- 33055
(33056, 'deDE', 'Shatterspear Supplies Credit Bunny', '', NULL, NULL, 23420), -- 33056
(33913, 'deDE', 'Shatterspear Hut Fire Bunny', '', NULL, NULL, 23420), -- 33913
(32855, 'deDE', 'Priesterin der Splitterspeere', '', NULL, NULL, 23420), -- 32855
(33176, 'deDE', 'Kerlonian Schattenspiel', '', NULL, NULL, 23420), -- 33176
(32858, 'deDE', 'Champion der Splitterspeere', '', NULL, NULL, 23420), -- 32858
(43742, 'deDE', 'Rachsüchtiger Beschützer', '', NULL, 23420), -- 43742
(34248, 'deDE', 'Mystiker der Splitterspeere', '', NULL, NULL, 23420), -- 34248
(32859, 'deDE', 'Vollstrecker der Horde', '', NULL, NULL, 23420), -- 32859
(34309, 'deDE', 'Räuber der Splitterspeere', '', NULL, NULL, 23420), -- 34309
(34321, 'deDE', 'Shatterspear Pass Fire Bunny', '', NULL, NULL, 23420), -- 34321
(34231, 'deDE', 'Shatterspear Water Cyclone Bunny', '', NULL, NULL, 23420), -- 34231
(32869, 'deDE', 'Sheya Sturmwirker', '', NULL, NULL, 23420), -- 32869
(34041, 'deDE', 'Mathas Wilderwald', '', NULL, NULL, 23420), -- 34041
(32966, 'deDE', 'Balthule Schattenhieb', '', NULL, NULL, 23420), -- 32966
(32965, 'deDE', 'Schildwache Tysha Mondklinge', '', NULL, NULL, 23420), -- 32965
(32963, 'deDE', 'Leutnant Morra Sternenhauch', '', NULL, NULL, 23420), -- 32963
(32863, 'deDE', 'Aufseher der Splitterspeere', '', NULL, NULL, 23420), -- 32863
(43419, 'deDE', 'Rembar Bellanne', '', 'Versorger', NULL, 23420), -- 43419
(32861, 'deDE', 'Arbeiter der Splitterspeere', '', NULL, NULL, 23420), -- 32861
(34103, 'deDE', 'Keynira Eulenschwinge', '', NULL, NULL, 23420), -- 34103
(34033, 'deDE', 'Teegan Holloway', '', 'Vernichter des Lichts', NULL, 23420), -- 34033
(33132, 'deDE', 'Großer Distelbärgeist', '', NULL, NULL, 23420), -- 33132
(33133, 'deDE', 'Großer Hirschgeist', '', NULL, NULL, 23420), -- 33133
(33131, 'deDE', 'Großer Mondpirschergeist', '', NULL, NULL, 23420), -- 33131
(33207, 'deDE', 'Lady Janira', '', NULL, NULL, 23420), -- 33207
(34315, 'deDE', 'Marodierender Wilderer', '', NULL, NULL, 23420), -- 34315
(33053, 'deDE', 'Grimmklaue', '', NULL, NULL, 23420), -- 33053
(33127, 'deDE', 'Mondpirscher', '', NULL, 23420), -- 33127
(33126, 'deDE', 'Seraphine', '', NULL, NULL, 23420), -- 33126
(33048, 'deDE', 'Bewahrer Karithus', '', NULL, NULL, 23420), -- 33048
(33296, 'deDE', 'Ritual Bond Bunny', '', NULL, NULL, 23420), -- 33296
(32888, 'deDE', 'Fanatiker des Schattenhammers', '', NULL, NULL, 23420), -- 32888
(33206, 'deDE', 'Späher der Dunkelschuppen', '', NULL, NULL, 23420), -- 33206
(33978, 'deDE', 'Hungriger Distelbär', '', NULL, 23420), -- 33978
(33181, 'deDE', 'Anaya Dämmerflucht', '', NULL, NULL, 23420), -- 33181
(33981, 'deDE', 'Greef', '', 'Furrows Diener', NULL, 23420), -- 33981
(33997, 'deDE', 'Werkbank der Klippenquellfälle', '', NULL, NULL, 23420), -- 33997
(33980, 'deDE', 'Apotheker Furrows', '', NULL, NULL, 23420), -- 33980
(33022, 'deDE', 'Übler Schänder', '', NULL, NULL, 23420), -- 33022
(33020, 'deDE', 'Zenn Faulhuf', '', NULL, NULL, 23420), -- 33020
(33024, 'deDE', 'Unverderbter Distelbär', '', NULL, NULL, 23420), -- 33024
(33023, 'deDE', 'Unverderbte Nachtratte', '', NULL, NULL, 23420), -- 33023
(33021, 'deDE', 'Übler Grell', '', NULL, NULL, 23420), -- 33021
(32868, 'deDE', 'Lorenth Donnerruf', '', NULL, NULL, 23420), -- 32868
(33071, 'deDE', 'Räuber der Splitterspeere', '', NULL, NULL, 23420), -- 33071
(61366, 'deDE', 'Ratte', '', NULL, 23420), -- 61366
(34046, 'deDE', 'Plünderer der Verlassenen', '', NULL, NULL, 23420), -- 34046
(34030, 'deDE', 'Opfer des Dunklen Strangs', '', NULL, NULL, 23420), -- 34030
(32860, 'deDE', 'Schamane der Splitterspeere', '', NULL, NULL, 23420), -- 32860
(48763, 'deDE', 'Unglückseliger Hochgeborener', '', NULL, NULL, 23420), -- 48763
(48650, 'deDE', 'Whrilpool Controller Bunny (CSA)', '', NULL, NULL, 23420), -- 48650
(48648, 'deDE', 'Whirlpool Camera Bunny', '', NULL, NULL, 23420), -- 48648
(33903, 'deDE', 'Distelbärenjunges', '', NULL, NULL, 23420), -- 33903
(33905, 'deDE', 'Verderbte Distelbärmatriarchin', '', NULL, NULL, 23420), -- 33905
(33884, 'deDE', 'Verderbte Nachtratte', '', NULL, NULL, 23420), -- 33884
(32975, 'deDE', 'Verrottender Distelbär', '', NULL, 23420), -- 32975
(33009, 'deDE', 'Verderbter Distelbär', '', NULL, NULL, 23420), -- 33009
(32961, 'deDE', 'Shaldyn', '', NULL, NULL, 23420), -- 32961
(32962, 'deDE', 'Gershala Nachtraunen', '', NULL, NULL, 23420), -- 32962
(32960, 'deDE', 'Volcor', '', NULL, NULL, 23420), -- 32960
(32959, 'deDE', 'Cerellean Weißklaue', '', NULL, NULL, 23420), -- 32959
(33277, 'deDE', 'Krieger der Grauflossen', '', NULL, NULL, 23420), -- 33277
(33100, 'deDE', 'Valdaron', '', NULL, NULL, 23420), -- 33100
(33103, 'deDE', 'Mavralyn', '', NULL, NULL, 23420), -- 33103
(33095, 'deDE', 'Shaldyn', '', NULL, NULL, 23420), -- 33095
(33099, 'deDE', 'Terenthis', '', NULL, NULL, 23420), -- 33099
(33102, 'deDE', 'Gwennyth Bly''Leggonde', '', NULL, NULL, 23420), -- 33102
(33101, 'deDE', 'Allyndia', '', NULL, NULL, 23420), -- 33101
(33098, 'deDE', 'Grondal Mondhauch', '', NULL, NULL, 23420), -- 33098
(33096, 'deDE', 'Barithras Mondschatten', '', NULL, NULL, 23420), -- 33096
(32911, 'deDE', 'Gershala Nachtraunen', '', NULL, NULL, 23420), -- 32911
(33097, 'deDE', 'Dalmond', '', NULL, NULL, 23420), -- 33097
(33093, 'deDE', 'Cerellean Weißklaue', '', NULL, NULL, 23420), -- 33093
(33094, 'deDE', 'Volcor', '', NULL, NULL, 23420), -- 33094
(62246, 'deDE', 'Schimmerschnecke', '', NULL, 23420), -- 62246
(61081, 'deDE', 'Eichhörnchen', '', NULL, 23420), -- 61081
(33179, 'deDE', 'Verfluchte Hochgeborene', '', NULL, NULL, 23420), -- 33179
(33180, 'deDE', 'Zuckender Hochgeborener', '', NULL, NULL, 23420), -- 33180
(33177, 'deDE', 'Arya Herbstlicht', '', NULL, NULL, 23420), -- 33177
(33311, 'deDE', 'Dunkelküstenhirsch', '', NULL, NULL, 23420), -- 33311
(61080, 'deDE', 'Kaninchen', '', NULL, 23420), -- 61080
(34423, 'deDE', 'Kriegsfürst Zornrücken', '', NULL, NULL, 23420), -- 34423
(34414, 'deDE', 'Sirene der Dunkelschuppen', '', NULL, NULL, 23420), -- 34414
(2206, 'deDE', 'Jäger der Grauflossen', '', NULL, NULL, 23420), -- 2206
(34376, 'deDE', 'Kathrena Winterleuchten', '', NULL, NULL, 23420), -- 34376
(32996, 'deDE', 'Sharax der Schänder', '', NULL, NULL, 23420), -- 32996
(34348, 'deDE', 'Glückliche Grauflossenwaise', '', NULL, NULL, 23420), -- 34348
(34347, 'deDE', 'Glücklicher Grauflossenmurloc', '', NULL, NULL, 23420), -- 34347
(34357, 'deDE', 'Aman', '', NULL, NULL, 23420), -- 34357
(34415, 'deDE', 'Priesterin der Dunkelschuppen', '', NULL, NULL, 23420), -- 34415
(33079, 'deDE', 'Myrmidone der Dunkelschuppen', '', NULL, NULL, 23420), -- 33079
(34350, 'deDE', 'Drohfisch', '', NULL, NULL, 23420), -- 34350
(34346, 'deDE', 'Dave''s Industrial Light and Magic Bunny', '', NULL, NULL, 23420), -- 34346
(34356, 'deDE', 'Buried Treasure Bunny', '', NULL, NULL, 23420), -- 34356
(2233, 'deDE', 'Verkrusteter Gezeitenkriecher', '', NULL, NULL, 23420), -- 2233
(34342, 'deDE', 'Juniorarchäologe Ferd', '', 'Forscherliga', NULL, 23420), -- 34342
(34340, 'deDE', 'Archäologe Groff', '', 'Forscherliga', NULL, 23420), -- 34340
(34343, 'deDE', 'Ausgrabungsleiter Wirrbart', '', 'Forscherliga', NULL, 23420), -- 34343
(34339, 'deDE', 'Flüchtling der Grauflossen', '', NULL, NULL, 23420), -- 34339
(2207, 'deDE', 'Orakel der Grauflossen', '', NULL, NULL, 23420), -- 2207
(34326, 'deDE', 'Unheilsbote Trevellion', '', NULL, NULL, 23420), -- 34326
(34427, 'deDE', 'Thalya die Leerruferin', '', NULL, NULL, 23420), -- 34427
(34406, 'deDE', 'Vorarbeiter Balsoth', '', NULL, NULL, 23420), -- 34406
(34413, 'deDE', 'Gesichtsloser', '', NULL, NULL, 23420), -- 34413
(34405, 'deDE', 'Zwielichtarbeiter', '', NULL, NULL, 23420), -- 34405
(32968, 'deDE', 'Gren Fetzfell', '', NULL, NULL, 23420), -- 32968
(32967, 'deDE', 'Ältester Brolg', '', NULL, NULL, 23420), -- 32967
(33044, 'deDE', 'Verderbter der Schwarzfelle', '', NULL, NULL, 23420), -- 33044
(33043, 'deDE', 'Wahnsinniger der Schwarzfelle', '', NULL, NULL, 23420), -- 33043
(34417, 'deDE', 'Junger ergrauter Distelbär', '', NULL, NULL, 23420), -- 34417
(34334, 'deDE', 'Bubble Bunny', '', NULL, NULL, 23420), -- 34334
(32997, 'deDE', 'Flinkfuß', '', NULL, NULL, 23420), -- 32997
(34302, 'deDE', 'Aufgezehrter Distelbär', '', NULL, NULL, 23420), -- 34302
(62250, 'deDE', 'Dunkelküstenjunges', '', NULL, 23420), -- 62250
(2165, 'deDE', 'Ergrauter Distelbär', '', NULL, NULL, 23420), -- 2165
(33253, 'deDE', 'Delanea', '', 'Flugmeisterin', NULL, 23420), -- 33253
(34392, 'deDE', 'Orseus', '', NULL, NULL, 23420), -- 34392
(33250, 'deDE', 'Foriel Rundblatt', '', NULL, NULL, 23420), -- 33250
(34404, 'deDE', 'Larien', '', NULL, NULL, 23420), -- 34404
(34403, 'deDE', 'Felros', '', NULL, NULL, 23420), -- 34403
(34402, 'deDE', 'Balren von der Klaue', '', NULL, NULL, 23420), -- 34402
(33072, 'deDE', 'Onu', '', 'Urtum der Lehren', NULL, 23420), -- 33072
(43425, 'deDE', 'Syleath Waldlichtung', '', 'Gemischtwaren', NULL, 23420), -- 43425
(34301, 'deDE', 'Kathrena Winterleuchten', '', NULL, NULL, 23420), -- 34301
(34446, 'deDE', 'Aros', '', NULL, NULL, 23420), -- 34446
(34498, 'deDE', 'Assassine der Dunkelschuppen', '', NULL, NULL, 23420), -- 34498
(34306, 'deDE', 'Dunkelküstenirrwisch', '', NULL, 23420), -- 34306
(34318, 'deDE', 'Weißschwanzhirsch', '', NULL, NULL, 23420), -- 34318
(2071, 'deDE', 'Mondpirschermatriarchin', '', NULL, NULL, 23420), -- 2071
(2237, 'deDE', 'Mondpirscherpatriarch', '', NULL, NULL, 23420), -- 2237
(34401, 'deDE', 'Thessera', '', NULL, 23420), -- 34401
(33166, 'deDE', 'Thessera', '', NULL, NULL, 23420), -- 33166
(34399, 'deDE', 'Alptraumsaat', '', NULL, NULL, 23420), -- 34399
(34398, 'deDE', 'Alptraumwächter', '', NULL, NULL, 23420), -- 34398
(33057, 'deDE', 'Zwielichtzelot', '', NULL, NULL, 23420), -- 33057
(33058, 'deDE', 'Bezauberter Erdelementar', '', NULL, NULL, 23420), -- 33058
(34388, 'deDE', 'Ruhiger Wildekingeist', '', NULL, NULL, 23420), -- 34388
(33119, 'deDE', 'Aroom', '', NULL, NULL, 23420), -- 33119
(34385, 'deDE', 'Horoo der Flammenbewahrer', '', NULL, NULL, 23420), -- 34385
(33117, 'deDE', 'Ältester Braunpfote', '', NULL, NULL, 23420), -- 33117
(32999, 'deDE', 'Unbändiger Feuerelementar', '', NULL, NULL, 23420), -- 32999
(33084, 'deDE', 'Furbolg der Schwarzfelle', '', NULL, NULL, 23420), -- 33084
(33112, 'deDE', 'Selenn', '', 'Urtum des Krieges', NULL, 23420), -- 33112
(34299, 'deDE', 'Überreste eines Erdelementars', '', NULL, NULL, 23420), -- 34299
(33083, 'deDE', 'Wütender Erdelementar', '', NULL, NULL, 23420), -- 33083
(34316, 'deDE', 'Zwielichtportal', '', NULL, NULL, 23420), -- 34316
(33091, 'deDE', 'Malfurion Sturmgrimm', '', NULL, NULL, 23420), -- 33091
(34282, 'deDE', 'Zwielichtreiter', '', NULL, NULL, 23420), -- 34282
(34293, 'deDE', 'Zwielichtreiter', '', NULL, NULL, 23420), -- 34293
(33075, 'deDE', 'Geist von Caylais Mondfeder', '', NULL, NULL, 23420), -- 33075
(33077, 'deDE', 'Taldans Geist', '', NULL, NULL, 23420), -- 33077
(33076, 'deDE', 'Geist von Schildwache Elissa Sternenhauch', '', NULL, NULL, 23420), -- 33076
(33078, 'deDE', 'Geist von Thundris Windwirker', '', NULL, NULL, 23420), -- 33078
(33046, 'deDE', 'Yaldas Geist', '', NULL, NULL, 23420), -- 33046
(33001, 'deDE', 'Thundris Windwirker', '', NULL, NULL, 23420), -- 33001
(33033, 'deDE', 'Schildwache Elissa Sternenhauch', '', NULL, NULL, 23420), -- 33033
(33047, 'deDE', 'Aetherion Vortex Bunny', '', NULL, NULL, 23420), -- 33047
(33045, 'deDE', 'ELM General Purpose Bunny Large (scale x5)', '', NULL, NULL, 23420), -- 33045
(33041, 'deDE', 'Aetherion', '', NULL, NULL, 23420), -- 33041
(33111, 'deDE', 'ELM General Purpose Bunny (scale x3) Large', '', NULL, NULL, 23420), -- 33111
(33037, 'deDE', 'Caylais Mondfeder', '', 'Hippogryphenmeisterin', NULL, 23420), -- 33037
(33039, 'deDE', 'Wütender Hippogryph', '', NULL, NULL, 23420), -- 33039
(33035, 'deDE', 'Taldan', '', 'Getränkeverkäufer', NULL, 23420), -- 33035
(33232, 'deDE', 'Archäologin Hollee', '', 'Forscherliga', NULL, 23420), -- 33232
(33040, 'deDE', 'Transformierter rasender Zyklon', '', NULL, NULL, 23420), -- 33040
(32986, 'deDE', 'Frenzied Cyclone Bracers Kill Credit Bunny', '', NULL, NULL, 23420), -- 32986
(6887, 'deDE', 'Yalda', '', NULL, NULL, 23420), -- 6887
(32985, 'deDE', 'Rasender Zyklon', '', NULL, NULL, 23420), -- 32985
(32990, 'deDE', 'Himmelsfürst Braax', '', NULL, NULL, 23420), -- 32990
(32989, 'deDE', 'Windmeister Tzu-Tzu', '', NULL, NULL, 23420), -- 32989
(32988, 'deDE', 'Wolkenzähmerin Wildmähne', '', NULL, NULL, 23420), -- 32988
(34304, 'deDE', 'Wildekingeist', '', NULL, NULL, 23420), -- 34304
(3694, 'deDE', 'Schildwache Selarin', '', NULL, NULL, 23420), -- 3694
(33231, 'deDE', 'Elisa Stahlhand', '', 'Schmiedekunstbedarf', NULL, 23420), -- 33231
(33107, 'deDE', 'Priesterin Alinya', '', NULL, NULL, 23420), -- 33107
(32987, 'deDE', 'Corvine Mondaufgang', '', 'Druide der Kralle', NULL, 23420), -- 32987
(4194, 'deDE', 'Ullanna', '', 'Handwerkswaren', NULL, 23420), -- 4194
(4190, 'deDE', 'Kyndri', '', 'Bäckerin', NULL, 23420), -- 4190
(33106, 'deDE', 'Flüchtling aus Auberdine', '', NULL, NULL, 23420), -- 33106
(32890, 'deDE', 'Wütender Gezeitengeist', '', NULL, NULL, 23420), -- 32890
(32932, 'deDE', 'Mondpriesterin Tharill', '', NULL, NULL, 23420), -- 32932
(32639, 'deDE', 'Gnimo', '', 'Abenteuerlicher Tüftler', NULL, 23420), -- 32639
(32638, 'deDE', 'Hakmud von Argus', '', 'Handelsreisender', NULL, 23420), -- 32638
(32899, 'deDE', 'Hochkultist Azerynn', '', NULL, NULL, 23420); -- 32899


-- xOxOxOxOxOxOxOxOxOxOxOx     overwrite english text    xOxOxOxOxOxOxOxOxOxOxOx
DELETE FROM `quest_offer_reward` WHERE `ID` IN (13537 /*13537*/, 13591 /*13591*/, 13514 /*13514*/, 13515 /*13515*/, 13590 /*13590*/, 13844 /*13844*/, 13512 /*13512*/, 13513 /*13513*/, 13507 /*13507*/, 13509 /*13509*/, 13510 /*13510*/, 13511 /*13511*/, 13560 /*13560*/, 13508 /*13508*/, 13505 /*13505*/, 13506 /*13506*/, 13504 /*13504*/, 13589 /*13589*/, 13599 /*13599*/, 13569 /*13569*/, 13568 /*13568*/, 13597 /*13597*/, 13567 /*13567*/, 13598 /*13598*/, 13566 /*13566*/, 13565 /*13565*/, 13564 /*13564*/, 13563 /*13563*/, 13562 /*13562*/, 13561 /*13561*/, 13831 /*13831*/, 13557 /*13557*/, 13529 /*13529*/, 13554 /*13554*/, 13528 /*13528*/, 13527 /*13527*/, 13521 /*13521*/, 13520 /*13520*/, 13518 /*13518*/, 13522 /*13522*/, 13898 /*13898*/, 13899 /*13899*/, 13891 /*13891*/, 13885 /*13885*/, 13546 /*13546*/, 13545 /*13545*/, 13572 /*13572*/, 13925 /*13925*/, 13544 /*13544*/, 13953 /*13953*/, 13895 /*13895*/, 13882 /*13882*/, 13893 /*13893*/, 13896 /*13896*/, 13881 /*13881*/, 13948 /*13948*/, 13526 /*13526*/, 13892 /*13892*/, 13910 /*13910*/, 13918 /*13918*/, 13909 /*13909*/, 13911 /*13911*/, 13912 /*13912*/, 13907 /*13907*/, 13525 /*13525*/, 13902 /*13902*/, 13588 /*13588*/, 13940 /*13940*/, 13587 /*13587*/, 13586 /*13586*/, 13581 /*13581*/, 13580 /*13580*/, 13583 /*13583*/, 13582 /*13582*/, 13578 /*13578*/, 13577 /*13577*/, 13585 /*13585*/, 13576 /*13576*/, 13575 /*13575*/, 13584 /*13584*/, 13579 /*13579*/, 13573 /*13573*/, 13558 /*13558*/, 13547 /*13547*/, 13605 /*13605*/, 13543 /*13543*/, 13542 /*13542*/, 13601 /*13601*/, 13596 /*13596*/, 13519 /*13519*/, 13523 /*13523*/, 13570 /*13570*/);
INSERT INTO `quest_offer_reward` (`ID`, `Emote1`, `Emote2`, `Emote3`, `Emote4`, `EmoteDelay1`, `EmoteDelay2`, `EmoteDelay3`, `EmoteDelay4`, `RewardText`, `VerifiedBuild`) VALUES
(13537, 1, 0, 0, 0, 0, 0, 0, 0, 'Es scheint, als sei Angeln etwas, das Euch liegt. Mein Bauch ist für dieses Geschenk sehr dankbar.$B$BIch glaube, Ihr könnt mit dieser Angelrute mehr anfangen als ich. Nehmt sie.', 23420), -- 13537
(13591, 1, 0, 0, 0, 0, 0, 0, 0, 'Nun, das sind in der Tat beunruhigende Neuigkeiten. Ich werde sofort Boten nach Eschental senden und versuchen, Verstärkung für sie aufzustellen.$B$BIch kann Euch für all Eure Hilfe in diesen schlimmen Zeiten nicht genug danken. Heldenhafte Taten wie die Euren verdienen eine Belohnung. Ich glaube, ich habe etwas, das Euch gute Dienste leisten wird.', 23420), -- 13591
(13514, 1, 0, 0, 0, 0, 0, 0, 0, 'Ihr habt Euch dort oben hervorragend geschlagen! Wir können von Glück reden, Euch bei uns zu haben.$B$BIch habe noch keine Nachricht über ihren Anführer erhalten. Wenn Ihr noch nicht mit Sandrya in der Höhle am Ende des Tals gesprochen habt, solltet Ihr das unbedingt nachholen, bevor Ihr wieder aufbrecht.', 23420), -- 13514
(13515, 1, 0, 0, 0, 0, 0, 0, 0, 'Wir stehen tief in Eurer Schuld für alles, was Ihr getan habt, um diese Schlacht zu einem glücklichen Ende zu bringen.$B$BEs geschieht nicht oft, dass wir einen derartig eindeutigen Sieg davontragen können, aber wie es scheint, steht hinter dieser Verschwörung mehr als nur der Stamm der Splitterspeere. Wenn Ihr seine Leiche noch nicht nach Informationen durchsucht habt, solltet Ihr dies tun, bevor Ihr weiterzieht.', 23420), -- 13515
(13590, 1, 0, 0, 0, 0, 0, 0, 0, 'Gut, Euch zu treffen. Ich habe von Euren Anstrengungen, uns zu helfen gehört, und ich muss zugeben, dass ich von Eurer Hilfe gegen die Trolle ein wenig beeindruckt bin. Wir befinden uns am Ende der Schlacht und ich hoffe, Ihr seid gut vorbereitet.', 23420), -- 13590
(13844, 273, 1, 0, 0, 200, 400, 0, 0, 'Mal sehen, was wir hier haben... Bei Elune, seine Notizen allein schon sind in einem halben Dutzend Sprachen geschrieben. Und ist das Blut? Dieses Archiv lässt mich erschauern, aber immerhin sind wir in Sicherheit. Es wird dauern, bis wir alle Notizen entziffern können.$B$BOh, Eure Belohnung? Ja, hier. Eine nette Abwechslung, mal nicht mit untoten Dieben zu arbeiten. Jetzt zurück in den Kampf mit Euch.', 23420), -- 13844
(13512, 1, 0, 0, 0, 0, 0, 0, 0, 'Ihr habt eine Menge Talent bewiesen für jemanden, der noch so jung ist. Gute Arbeit. Offenbar steht uns die letzte Schlacht kurz bevor.', 23420), -- 13512
(13513, 1, 0, 0, 0, 0, 0, 0, 0, 'Diese Amulette sind genau das, was ich brauche. Ich werde sie für Sandrya vorbereiten - man wird Euch sicher gleich beauftragen, Euch mit ihr zu treffen.', 23420), -- 13513
(13507, 1, 0, 0, 0, 0, 0, 0, 0, 'Ausgezeichnete Arbeit. Eine weitere Bedrohung, über die wir uns etwas weniger Sorgen machen müssen. Wir werden unseren Angriff fortsetzen, während sie noch desorientiert sind.', 23420), -- 13507
(13509, 1, 0, 0, 0, 0, 0, 0, 0, 'Ausgezeichnete Arbeit. Das sollte sie ein wenig aufhalten.', 23420), -- 13509
(13510, 6, 0, 0, 0, 0, 0, 0, 0, 'Eine Art Schild, sagt Ihr? Dagegen haben wir vielleicht ein Mittel. Balthule ist ein Einfall gekommen, wie man jegliche Schutzzauber ihrer Schamanen durchbrechen kann. Vielleicht funktioniert das auch damit. Danke, dass Ihr Aynasha gerettet und mir diese Informationen überliefert habt - das könnte womöglich unseren Kampf hier entscheiden.', 23420), -- 13510
(13511, 1, 0, 0, 0, 0, 0, 0, 0, 'Alanndarian ist also tot. Das bedrückt mich sehr, kommt aber nicht gänzlich unerwartet. Ich erwarte von diesen Wilden keine Gnade und werde ihnen auch keine zuteilwerden lassen.', 23420), -- 13511
(13560, 5, 0, 0, 0, 0, 0, 0, 0, 'Die Ablenkung hat also funktioniert? Gut! Macht Euch wegen der Schätze keine Sorgen. Ich und Gary werden uns darum kümmern, diesmal.$B$BUm ehrlich zu sein glaube ich, dass sie mich aus der Stadt verjagen würden, wenn noch mehr schief läuft und noch ein weiterer Abenteurer verloren geht.', 23420), -- 13560
(13508, 0, 0, 0, 0, 0, 0, 0, 0, '<Alanndarian sieht äußerst blass aus, doch schwache Atemzüge bezeugen, dass noch Leben in ihr steckt.>$B$BIhr seid hier, um... mich zu retten? Etwas später... als ich gehofft hatte.', 23420), -- 13508
(13505, 1, 0, 0, 0, 0, 0, 0, 0, 'Perfekt! Habt vielen Dank. Ich würde nur sehr ungern noch mehr Zeugnisse unserer Kultur an den Krieg verlieren - viel zu Vieles mussten wir schon opfern.', 23420), -- 13505
(13506, 1, 0, 0, 0, 0, 0, 0, 0, '"Noch einen"? Sie haben also mehr als einen. Ich werde keinen meiner Leute der Folter überlassen, wir müssen schnell handeln.', 23420), -- 13506
(13504, 1, 0, 0, 0, 0, 0, 0, 0, 'Gute Arbeit. Vielen Dank, $C.', 23420), -- 13504
(13589, 6, 0, 0, 0, 20, 0, 0, 0, 'Glynda hat Euch geschickt, um uns zu helfen, ja? Es war weise von ihr, das zu tun. Ich kann Hilfe sicherlich gebrauchen.$B$BIch arbeite gerade unseren Erstlingsplan aus, um ihre Ränge nach und nach zu dezimieren. Bitte helft in der Zwischenzeit Tysha und Balthule aus, wenn Ihr könnt.', 23420), -- 13589
(13599, 1, 0, 0, 0, 0, 0, 0, 0, 'Ihr seid zurückgekehrt! Es ist gut, Euch wiederzusehen. Ich gehe davon aus, dass wir Euch für Grimmklaues Rückkehr zu danken haben?$B$BLeider... habe ich schlechte Neuigkeiten. Ich konnte das Gift nicht neutralisieren... ihr Zustand hat sich verschlechtert. Gershalla starb kurz nach Eurer Abreise und Volcor... Volcor starb kurz vor Eurer Rückkehr.$B$BDie sichere Rückkehr Grimmklaues hat er noch erlebt und er starb mit einem Lächeln im Gesicht. Ich wünschte nur, ich hätte mehr für ihn tun können.$B$BNun muss ich all meine Kräfte darauf richten, Shaldyn zu retten, also entschuldigt mich bitte.', 23420), -- 13599
(13569, 0, 0, 0, 0, 0, 0, 0, 0, 'Es ist vollbracht. Ihr habt den Segen eines der großen Geister erhalten und nun kann ich das Ritual mit Euch abschließen. Bitte haltet still.', 23420), -- 13569
(13568, 0, 0, 0, 0, 0, 0, 0, 0, 'Ich teile diese Wälder gerne und akzeptiere Nachtelfen in meiner Heimat - manchmal bezeichne ich sie sogar als Freunde. Auch wenn sie in letzter Zeit viel unter der Verderbnis gelitten haben, so kann ich doch in Euch die gleiche Stärke, Ehre und auch das Temperament sehen, das ich an ihnen schätze.$B$BWenn Ihr den Wert der Wildheit erkennt, die zur Bezwingung mancher Probleme wichtig ist, so bin ich bereit, Euch meinen Champion zu nennen. Ihr müsst jedoch wissen, dass Euch die anderen Geister nicht akzeptieren werden, wenn Ihr Euch mir verschreibt. Überlegt Euch diese Entscheidung gut.', 23420), -- 13568
(13597, 0, 0, 0, 0, 0, 0, 0, 0, 'Seit ewigen Zeiten durchstreife ich diese Wälder und lebe in diesen Bergen. Durch Schnee und Feuer sah ich Zivilisationen kommen und gehen, während die Natur besteht. Nun hat sich die Erde selbst gegen uns gewandt und es ist offensichtlich, dass wir kämpfen müssen, um unser Vermächtnis zu bewahren.$B$BEuer Herz ist aufrecht und ich würde Euch als meinen Champion wählen. Wenn Euch die dicke Haut und Resistenz der Distelbären am Herzen liegt, so nehmt meine Gabe an. Ihr solltet jedoch wissen, dass Ihr danach von den anderen Geistern nicht mehr akzeptiert werdet, also entscheidet Euch weise.', 23420), -- 13597
(13567, 0, 0, 0, 0, 0, 0, 0, 0, 'Ich sorge für mein Volk. Ich führe es nicht mit Gewalt, sondern mit Weisheit und Schnelligkeit. Weisheit leitet uns tiefer in die Wälder, wenn Gefahr droht, und Schnelligkeit sorgt dafür, dass unsere Feinde nur noch unsere Abwesenheit feststellen können.$B$BDank meiner Weisheit kann ich Eure wahren Absichten hinter der Bitte nach meinem Segen sehen und weiß, dass Ihr den Segen meiner Schnelligkeit verdient. Ihr werdet ihn erhalten, doch Ihr müsst Euch darüber im Klaren sein, dass die anderen Geister Euch nicht mehr willkommen heißen werden, sobald Ihr ihn habt. Überlegt Euch gut, ob dies Euren Wünschen entspricht, bevor ich Euch meinen Segen erteile.', 23420), -- 13567
(13598, 1, 0, 0, 0, 0, 0, 0, 0, 'Ihr habt meinen Dank, $gJüngling:junge Dame;. Mit dieser Salbe sollte sich Grimmklaue um einiges schneller erholen können.', 23420), -- 13598
(13566, 1, 0, 0, 0, 0, 0, 0, 0, 'Diese Materialien sind perfekt. Sie sind die letzten Zutaten für einen speziellen Weihrauch, an dem ich arbeite. Ich werde es Euch gleich erklären - lasst mich die Zutaten nur schnell vermischen.', 23420), -- 13566
(13565, 1, 0, 0, 0, 0, 0, 0, 0, 'Ich danke Euch, Verbündeter. Wir werden wachsamer sein, sollten sie wiederkehren.', 23420), -- 13565
(13564, 1, 0, 0, 0, 0, 0, 0, 0, 'Seid gegrüßt. Ihr scheint Interesse an meinem Freund zu haben. Ich nehme an, sein Freund Volcor hat Euch geschickt? Wenn er nicht selbst gekommen ist, so muss auch er verwundet sein. Ich hoffe, er wird bald gesunden.$B$BGrimmklaue ist zu schwer verletzt, um weit transportiert werden zu können, und er muss dringend behandelt werden. Ich fürchte, ich kann nicht zulassen, dass Ihr ihn mitnehmt, aber vielleicht könnt Ihr mir dabei helfen, mich um ihn zu kümmern.', 23420), -- 13564
(13563, 2, 0, 0, 0, 0, 0, 0, 0, 'Ich danke Euch, $n. Vielleicht wäre es besser gewesen... wenn ich es selbst getan hätte. Doch selbst nach Tausenden von Jahren konnte ich die Hand nicht gegen sie erheben.$B$BIch bitte Euch, lasst mich nun allein in meiner Trauer...', 23420), -- 13563
(13562, 1, 0, 0, 0, 0, 0, 0, 0, 'Ihr habt unseren Dank. Es ist an der Zeit, die Vergangenheit hinter uns zu lassen und uns der Zukunft zu widmen.', 23420), -- 13562
(13561, 1, 0, 0, 0, 0, 0, 0, 0, 'Ihr habt meinen Dank. Und auch wenn man es ihnen nicht anmerkt, den Dank der Geister der Hochgeborenen habt Ihr auch.$B$BEine sichere Reise wünsche ich Euch.', 23420), -- 13561
(13831, 273, 1, 0, 0, 200, 800, 0, 0, '<Tharnariun Baumwahrer durchblättert die Notizen, während Ihr Euren Bericht abliefert, sein Gesicht verfinstert sich sorgenvoll.>$B$BDie Verlassenen interessieren sich für die Arbeit von Faulhuf? Mir dreht sich der Magen um, wenn ich daran denke, was sie mit seiner Verderbnis alles anrichten könnten. Ihr habt gut daran getan, die Arbeit zu zerstören, aber die Notizen beunruhigen mich sehr. Was haben die Verlassenen hier zu suchen? Arbeiten sie mit den Splitterspeertrollen im Norden zusammen? Sorgen über Sorgen, $C. Ich bin froh, dass Ihr hier seid.', 23420), -- 13831
(13557, 1, 0, 0, 0, 0, 0, 0, 0, 'Gut zu hören, dass Ihr ein paar der Wildtiere befreien konntet. Mit ein wenig Glück werden wir ein Heilmittel finden, bevor die Verderbnis die anderen Tiere umbringt.', 23420), -- 13557
(13529, 1, 0, 0, 0, 0, 0, 0, 0, 'Es ist vollbracht. Ich danke Euch. Ich hoffe nur, dass die Wildtiere nach seinem Tod etwas mehr Frieden finden werden.', 23420), -- 13529
(13554, 5, 0, 0, 0, 0, 0, 0, 0, 'Das sollte mehr als genug sein! Vielen Dank! Ich fange sofort an, an dem Heilmittel für dieses Übel zu arbeiten.', 23420), -- 13554
(13528, 0, 0, 0, 0, 0, 0, 0, 0, '<Es rauscht statisch, bevor Hexknalls verzerrte Stimme ertönt.>$B$BWir bekommen gerade die Ergebnisse. Wir sollten jeden Augenblick mehr Informationen darüber erhalten, wie die Bären sich die Verderbnis eingefangen haben.', 23420), -- 13528
(13527, 1, 0, 0, 0, 0, 0, 0, 0, 'Das sieht eindeutig nach dem Zeug aus, das sie gegessen haben. Lasst mich das genauer anschauen...', 23420), -- 13527
(13521, 0, 0, 0, 0, 0, 0, 0, 0, '<Das Gerät knattert vor sich hin und plötzlich ertönt Hexknalls statische Stimme.>$B$BWunderbar! Ich hoffe, Ihr habt nicht zu viele getötet. Wir wollen sie nicht dem Aussterben nahe bringen, sondern nur schnell herausfinden, wo die Verderbnis herkommt! Ich fahre jetzt mit der Analyse fort.', 23420), -- 13521
(13520, 1, 0, 0, 0, 0, 0, 0, 0, 'Die sind ideal. Ich danke Euch vielmals!$B$BIch gehe davon aus, dass sie Euch selbst danken wollen, falls sie wieder zu Kräften kommen. Vielleicht könnt Ihr ja später noch einmal hierherkommen.', 23420), -- 13520
(13518, 2, 0, 0, 0, 0, 0, 0, 0, 'Ich danke Euch, $C. Manche von ihnen hätten es ohne Eure Hilfe nicht geschafft.$B$BWir werden die Verwundeten ins Hauptgebäude bringen, sobald alle sicher in der Stadt angekommen sind. Vielleicht könnt Ihr uns später dort aufsuchen?', 23420), -- 13518
(13522, 1, 0, 0, 0, 0, 0, 0, 0, 'Wir sind Euch für Eure Anstrengungen sehr dankbar. Seit dem Kataklysmus sind die Elementare außer Kontrolle. Wir hegen wenig Hoffnung, Auberdine zurückzuerobern, ohne vorher die Elementare auszulöschen.', 23420), -- 13522
(13898, 0, 0, 0, 0, 0, 0, 0, 0, 'Gut gemacht, $n. Die Naga wünschen die Zerstörung und Unterwerfung aller Oberflächenbewohner. Zögert nicht, sie aus unseren Landen zu vertreiben und sie zurück in die schattigen Tiefen des Ozeans zu drängen, dort, wo sie hin gehören.', 23420), -- 13898
(13899, 0, 0, 0, 0, 0, 0, 0, 0, 'Der Kriegsfürst scheint das Horn nicht bei sich zu haben. Möglicherweise sprach er die Wahrheit.', 23420), -- 13899
(13891, 4, 0, 0, 0, 500, 0, 0, 0, 'Bei Elune, wie seht Ihr denn aus? Das muss ein heftiger Kampf gewesen sein! Ihr seid voller... nun, es sieht ein wenig wie Fischsuppe aus...$B$BWenn ein einfacher Diener solch Leid hier in Dunkelküste auslösen kann, möchte ich mir gar nicht erst überlegen, welche Katastrophen einer der Alten anrichten könnte.$B$BWenigstens sind die Tiere vorerst in Sicherheit. Ich werde den von Euch geschaffenen Schössling pflanzen, um dem zerstörten Land bei der Regeneration zu helfen. Ich danke Euch, $n! Ich würde Euch ja umarmen, aber, Ihr wisst ja... Fischsuppe.', 23420), -- 13891
(13885, 6, 274, 0, 0, 200, 900, 0, 0, 'Die Tiere sind also in Sicherheit. Ich danke Euch, vielen Dank!$B$BJetzt müssen wir unsere Aufmerksamkeit dem Ursprung der Verzehrung widmen.', 23420), -- 13885
(13546, 1, 1, 0, 0, 0, 0, 0, 0, 'Vielen Dank, $n. Ihr werdet von meinem Volk als $gHeld:Heldin; gefeiert. Ohne Euch wären wir dem Wahnsinn und dem Tod ausgesetzt gewesen. Möge der große Bärengeist immer über Euch wachen.', 23420), -- 13546
(13545, 1, 1, 0, 0, 0, 0, 0, 0, 'Ihr habt gute Taten vollbracht. Mein Volk beginnt, sich von dem Wahnsinn zu lösen. Wenn der Ursprung der Verderbnis jedoch weiterhin hier ist, so werden sie bald wieder verderbt sein.', 23420), -- 13545
(13572, 1, 1, 0, 0, 0, 0, 0, 0, 'Ich danke Euch, $n. Dank Euren Anstrengungen können wir vielleicht die übrigen Schwarzfelle retten.', 23420), -- 13572
(13925, 21, 1, 0, 0, 0, 600, 0, 0, 'Interessant... Es scheint, als könnte unser Heilmittel die Wildtiere retten, aber Ihr habt noch etwas anderes gesehen? Etwas Bösartiges, Wütendes gespürt?$B$BDas ist ein gutes Zeichen, $n. Wer auch immer hinter diesem Problem steckt ärgert sich, und das bedeutet, das wir auf dem richtigen Weg sind.', 23420), -- 13925
(13544, 0, 0, 0, 0, 0, 0, 0, 0, '<Der Älteste Brolg nimmt das gesegnete Bündel entgegen und betrachtet es.>$B$BDas ist genau das, was ich brauche. Der Bärengeist ist uns wohlgesinnt und es gibt doch noch Hoffnung für meine Brüder.', 23420), -- 13544
(13953, 0, 0, 0, 0, 0, 0, 0, 0, 'Die Naga haben sich mit den Schattenhammerkultisten verbündet? Das hat uns gerade noch gefehlt.', 23420), -- 13953
(13895, 0, 0, 0, 0, 0, 0, 0, 0, 'Aros Körper ist leblos, doch er ist noch warm. Vielleicht sind seine Mörder in der Nähe.', 23420), -- 13895
(13882, 4, 1, 0, 0, 100, 1200, 0, 0, 'Perfekt - das ist alles, was ich brauche. Hattet Ihr Spaß beim Irrwischfangen? Als kleines Mädchen habe ich immer Irrwische in Eschental herumgejagt.$B$B<Kathrena schwelgt in Erinnerungen. Plötzlich verdunkelt sich ihr Blick.>$B$BIch befürchte, ich weiß, womit wir es hier zu tun haben.', 23420), -- 13882
(13893, 0, 0, 0, 0, 0, 0, 0, 0, 'Die Geschichte des Zwerges ist besorgniserregend... doch sehr aufschlussreich. Es scheint, als hätten wir mehr als eine Möglichkeit.', 23420), -- 13893
(13896, 0, 0, 0, 0, 0, 0, 0, 0, 'Ja, wir wissen das eine oder andere über Soggoth. Die Frage ist, ob Ihr wirklich mehr erfahren möchtet.', 23420), -- 13896
(13881, 274, 1, 0, 0, 0, 500, 0, 0, '<Kathrena schaudert bei der Beschreibung der in Mitleidenschaft gezogenen Tiere und dem furchtbaren Gerät auf dem Boden des Sees.>$B$B$n, das ist grauenvoll. Was ist das für ein Ding und wo kommt es her? Etwas zehrt diese Tiere auf, sowohl körperlich als auch spirituell. Ich hatte damit gerechnet, dass die Satyrn oder eine Krankheit die Schuld trügen, aber es scheint einen doch eher... unnatürlichen Grund dafür zu geben.', 23420), -- 13881
(13948, 0, 0, 0, 0, 0, 0, 0, 0, 'Das sind schreckliche Neuigkeiten, $n. Wenn Ihr recht habt, so müssen wir schnell und entschieden handeln.$B$BWir können nicht zulassen, dass "Soggoth" wieder zum Leben erweckt wird.', 23420), -- 13948
(13526, 0, 0, 0, 0, 0, 0, 0, 0, 'Die Stängel sind kümmerlich und schwach, aber mehr haben wir nicht. Die Verderbnis verbreitet sich schnell und selbst die Pflanzen bleiben nicht verschont.', 23420), -- 13526
(13892, 0, 0, 0, 0, 0, 0, 0, 0, 'Das sind schreckliche Neuigkeiten, $n. Wenn Ihr recht habt, so müssen wir schnell und entschieden handeln.$B$BWir können nicht zulassen, dass "Soggoth" wieder zum Leben erweckt wird.', 23420), -- 13892
(13910, 1, 274, 0, 0, 0, 1500, 0, 0, 'Haha, das klingt nach einem guten Haufen, den Ihr da gebaut habt. Sind sie darauf angesprungen? Gut, gut. Sehen wir mal, ob mein Plan erfolgreich ist.$B$B<Archäologe Groff beobachtet, wie aus allen Richtungen massenweise Murlocs zum Strand gelaufen kommen. Seine Augenbrauen ziehen sich enger und enger zusammen.>$B$BWas habe ich nur getan?', 23420), -- 13910
(13918, 4, 5, 0, 0, 200, 800, 0, 0, 'Ja, ja, JA, das ist es! Seht her, dieser Schlitz hat genau die gleiche Größe wie die uralte Scheibe, genau, wie ich vermutet hatte. Hier ist Eure Belohnung, $n - Ihr habt sie Euch redlich verdient.$B$B<Juniorarchäologe Ferd kippt das Gerät und reinigt den Schlitz von Schlamm und Dreck.>$B$BSeid Ihr bereit, Euch der Geschichte zu stellen? Lasst uns herausfinden, was uns die Uralten zu sagen haben!', 23420), -- 13918
(13909, 11, 1, 0, 0, 0, 800, 0, 0, '<Archäologe Groff schaut die Trümmer durch.>$B$BNaja, es findet sich kaum etwas, auf dem nicht herumgetrampelt wurde oder das nicht wie eine Toilette heruntergespült aussieht. Aber mit einem Dach drauf wird es schon ausreichen.$B$BSagt mir, $n, habt Ihr Euch je als $gArchitekten:Architektin; gesehen?', 23420), -- 13909
(13911, 1, 5, 0, 0, 200, 500, 0, 0, 'Ah, Ihr konntet dem Ausgrabungsleiter helfen, sein Tagebuch zu finden! Ich hätte nie gedacht, dass es die ganze Zeit hier war.$B$BEines Tages müsst Ihr mich zu der anderen Ausgrabungsstätte bringen, von der er dauernd erzählt.', 23420), -- 13911
(13912, 21, 1, 0, 0, 0, 500, 0, 0, 'Spektakulär! Gute Arbeit, $n! Wirrbart würde Euch sicher persönlich danken, wenn er sich an Euren Namen erinnern könnte.$B$BSeht Euch die Oberfläche der Scheibe an - diese mikroskopisch kleinen Verzierungen sind fantastisch. Dieses Rad enthält mit Sicherheit viele Informationen, wir müssen nur herausfinden, wie wir sie verstehen können...', 23420), -- 13912
(13907, 1, 15, 0, 0, 0, 800, 0, 0, 'Bravo, $n! Schauen wir die Lage doch jetzt noch einmal an.$B$BWie? MEHR Murlocs? Ich schwöre bei meinen Steinen, je mehr Murlocs man tötet, umso mehr scheinen aufzutauchen. Oder bilde ich mir das nur ein? Wir brauchen eine andere Vorgehensweise.', 23420), -- 13907
(13525, 1, 1, 0, 0, 0, 0, 0, 0, 'Was verschlägt Euch hier her, Außenseiter?$B$B<Ihr erzählt dem Ältesten, dass Foriel Rundblatt vom Hain der Uralten Euch geschickt hat. Der Älteste scheint sich ein wenig zu beruhigen.>$B$BDer Elf hat Recht. Die Streitmächte aus Teufelswald sind bis zur Dunkelküste vorgedrungen und haben mein Volk krank gemacht.', 23420), -- 13525
(13902, 0, 0, 0, 0, 0, 0, 0, 0, 'Wenn Malfurion Euch vertraut, so werde ich es ihm gleichtun. Ihr werdet sehen, dass unsere Feinde im Süden weitaus zahlreicher sind als wir.$B$BWo rohe Gewalt und Übermacht gegen uns sind, werden Strategie und Täuschung unsere größten Vorteile sein.', 23420), -- 13902
(13588, 0, 0, 0, 0, 0, 0, 0, 0, 'Das Blatt hat sich gewendet, $n. Wir sollten in der Lage sein, weiteren Schaden zu vermeiden.$B$BEs gibt aber immer noch viel zu tun.', 23420), -- 13588
(13940, 0, 0, 0, 0, 0, 0, 0, 0, 'Ihr kommt gerade rechtzeitig zurück, $n. Ich weiß nicht, wie viel länger wir noch aushalten können.', 23420), -- 13940
(13587, 0, 0, 0, 0, 0, 0, 0, 0, 'Ich danke Euch, $n. Ihr habt mir meine Freiheit geschenkt. Nun lasst uns sehen, was ich Euch und Eurer Welt Gutes tun kann.', 23420), -- 13587
(13586, 0, 0, 0, 0, 0, 0, 0, 0, 'Malfurion ruft? Ja... ich kann seine Stimme durch den Traum hindurch hören...', 23420), -- 13586
(13581, 0, 0, 0, 0, 0, 0, 0, 0, 'Das sind gute Nachrichten, $n. Die Furbolgs mögen auf den ersten Blick wie ein Volk der Wilden erscheinen, aber ihre Verbindungen zum Land sind uralt und ihre Schamanen sind ohnesgleichen.', 23420), -- 13581
(13580, 0, 0, 0, 0, 0, 0, 0, 0, 'Wir stehen in Eurer Schuld, $n. Vielleicht können wir nun mit Malfurions Hilfe den Rest von Dunkelküste retten.', 23420), -- 13580
(13583, 0, 0, 0, 0, 0, 0, 0, 0, 'Die Wildekin waren einst die Wächter des Landes. Es ist gut zu hören, dass Aroom dies nicht vergessen hat.', 23420), -- 13583
(13582, 0, 0, 0, 0, 0, 0, 0, 0, '<Aroom heult in tiefen Tönen auf.>$B$BEndlich Brüder können ruhen!', 23420), -- 13582
(13578, 0, 0, 0, 0, 0, 0, 0, 0, 'Ich danke Euch. $R, bald kann mein Stamm ruhen.', 23420), -- 13578
(13577, 0, 0, 0, 0, 0, 0, 0, 0, 'Die Kreatur scheint versunken in tiefe Trauer. Ihre Augen starren durch Euch hindurch, als Ihr Euch nähert.', 23420), -- 13577
(13585, 0, 0, 0, 0, 0, 0, 0, 0, 'Ausgezeichnete Arbeit, $n! Selenns Hilfe dabei, den Vortex zurückzuhalten, wird unschätzbar wertvoll sein.', 23420), -- 13585
(13576, 0, 0, 0, 0, 0, 0, 0, 0, 'Das Element Feuer ist einzigartig in seiner Eigenschaft, sich oft weiter auszubreiten, wenn man es willkürlich angreift... und so den Flammen noch mehr Angriffslust verleiht.$B$BWir werden jedoch besonnen vorgehen, $n. Wir werden es endgültig bekämpfen.', 23420), -- 13576
(13575, 0, 0, 0, 0, 0, 0, 0, 0, 'Dem großen Malfurion Sturmgrimm zolle ich viel Respekt. Ich kann mein Volk in diesen schlimmen Zeiten jedoch nicht alleine lassen. Vielleicht gibt es eine Möglichkeit, wie wir einander helfen können.', 23420), -- 13575
(13584, 0, 0, 0, 0, 0, 0, 0, 0, 'Es ist offensichtlich, $n. Die Elemente werden sich nicht beruhigen, bis Malfurion das Gleichgewicht wieder ins Land gebracht hat. Wenn ich ihm helfe, so gehe ich gewissermaßen auch meiner Arbeit nach.', 23420), -- 13584
(13579, 0, 0, 0, 0, 0, 0, 0, 0, 'Wenn der große Malfurion meine Anwesenheit verlangt, so ist es meine Pflicht, dieser Aufforderung Folge zu leisten. Es ist aber auch meine Pflicht, diese Ruinen zu beschützen.$B$BVielleicht könnt Ihr mir helfen, beiden Aufgaben nachzukommen, $n?', 23420), -- 13579
(13573, 0, 0, 0, 0, 0, 0, 0, 0, 'Es gilt, keine Zeit zu verschwenden, $C. Es nimmt jedes bisschen meiner Energie in Anspruch, die Landmasse Dunkelküstes zusammenzuhalten und zu verhindern, dass sie einfach in den Ozean gerissen wird... Ihr müsst mir gut zuhören.', 23420), -- 13573
(13558, 6, 2, 0, 0, 0, 2000, 0, 0, 'Yalda? Die Geister der anderen aus den Ruinen von Auberdine?$B$B<Der Druide denkt über Eure Erlebnisse in den Ruinen nach.>$B$BIch kann mich an alle erinnern. Wir werden sie sehr vermissen, aber sie haben nun zum Wohle aller die Umarmung der Göttin gefunden.$B$BAnde''thoras-ethil, mögen Eure Schwierigkeiten geringer werden, $n!', 23420), -- 13558
(13547, 6, 0, 0, 0, 0, 0, 0, 0, 'So viel Tod und Schmerz. Und zweifellos wird es noch mehr davon geben.$B$BAlles, was ich will, ist doch nur die Umarmung der Göttin spüren, so wie die anderen.$B$BZuerst müssen wir aber versuchen, mehr Leid und Zerstörung zu verhindern.', 23420), -- 13547
(13605, 2, 0, 0, 0, 0, 0, 0, 0, 'Ah, Ihr seid $gder gute Mann, der:das tolle Mädel, die; meine Hollee gerettet hat!$B$BNun, ich habe für Euch eine passende Belohnung. Wir können Euch nicht genug dafür danken, sie in Sicherheit gebracht zu haben, $n.', 23420), -- 13605
(13543, 2, 0, 0, 0, 0, 0, 0, 0, 'Ohne dass die Drei hier weiter Elementare anlocken, wird es in den Ruinen von Auberdine weitaus weniger von ihnen geben.$B$BIch danke Euch, $n.', 23420), -- 13543
(13542, 1, 0, 0, 0, 0, 0, 0, 0, 'Ich kann Euch gar nicht genug danken, $n. Nun haben wir eine realistische Chance, die Ruinen zurückzuerobern, sobald wir uns erholt haben.', 23420), -- 13542
(13601, 0, 0, 0, 0, 0, 0, 0, 0, 'Vielen Dank, dass Ihr uns zu Hilfe eilt. Wie Ihr sehen könnt, ist die Lage der Flüchtlinge schier aussichtslos.', 23420), -- 13601
(13596, 0, 0, 0, 0, 0, 0, 0, 0, 'Ausgezeichnete Arbeit, $n! Gebt mir einen Moment, um mit ihren Plänen vertraut zu werden.', 23420), -- 13596
(13519, 0, 0, 0, 0, 0, 0, 0, 0, 'Ihr habt gute Arbeit geleistet, $n. Der Schattenhammer ist ein gefährlicher Kult. Die Gefahr, die sie darstellen, zu unterschätzen, wäre die Tat eines Narren.', 23420), -- 13519
(13523, 0, 0, 0, 0, 0, 0, 0, 0, 'Ihr habt es geschafft... nicht alles war vergebens...$B$BMeine Zeit ist gekommen. Geht nun, $n. Möge Elune Euch beschützen.', 23420), -- 13523
(13570, 1, 1, 1, 2, 0, 60, 60, 60, 'Ich möchte Euch meinen tiefsten Dank für Eure Hilfe aussprechen. In meiner Trauer habe ich Euch zuvor nicht die Dankbarkeit entgegengebracht, die Ihr verdient hättet. Ohne Euch wären wir jetzt wohl nicht hier.$B$BSeid Euch gewiss, dass Ihr hier immer Freunde haben werdet.$B$BUnd sorgt Euch nicht um meine Einsamkeit. Grimmklaue ist gute Gesellschaft und er bietet mir mehr Trost, als ich erwartet hätte.$B$BNehmt dies und unseren Segen, bis wir einander wiedersehen, $n.', 23420); -- 13570


-- xOxOxOxOxOxOxOxOxOxOxOx     overwrite english text    xOxOxOxOxOxOxOxOxOxOxOx
DELETE FROM `quest_request_items` WHERE `ID` IN (13537 /*13537*/, 13591 /*13591*/, 13590 /*13590*/, 13844 /*13844*/, 13513 /*13513*/, 13505 /*13505*/, 13506 /*13506*/, 13569 /*13569*/, 13598 /*13598*/, 13566 /*13566*/, 13565 /*13565*/, 13563 /*13563*/, 13831 /*13831*/, 13557 /*13557*/, 13554 /*13554*/, 13528 /*13528*/, 13527 /*13527*/, 13521 /*13521*/, 13520 /*13520*/, 13891 /*13891*/, 13925 /*13925*/, 13544 /*13544*/, 13882 /*13882*/, 13526 /*13526*/, 13910 /*13910*/, 13918 /*13918*/, 13909 /*13909*/, 13912 /*13912*/, 13587 /*13587*/, 13582 /*13582*/, 13578 /*13578*/, 13558 /*13558*/, 13596 /*13596*/);
INSERT INTO `quest_request_items` (`ID`, `EmoteOnComplete`, `EmoteOnIncomplete`, `EmoteOnCompleteDelay`, `EmoteOnIncompleteDelay`, `CompletionText`, `VerifiedBuild`) VALUES
(13537, 1, 0, 30, 0, '<Ihr hört Johnathans Bauch knurren, als Ihr Euch nähert.>$B$BBesser hätten Worte es nicht ausdrücken können.', 23420), -- 13537
(13591, 0, 0, 0, 0, 'Ihr seid zurück! Ich habe gehört, die Schlacht ist gut verlaufen?', 23420), -- 13591
(13590, 1, 0, 0, 0, 'Seid gegrüßt, $C. Habt Ihr den Pfeil?', 23420), -- 13590
(13844, 0, 0, 0, 0, 'Narassin selbst bereitet uns keinen Ärger mehr, aber wenn sein Lebenswerk in die falschen Hände gerät, könnte sich das dunkle Wissen jahrzehntelanger Studien über unseren Köpfen zusammenbrauen. Habt Ihr etwas finden können?', 23420), -- 13844
(13513, 6, 0, 0, 0, 'Habt Ihr die Amulette bei Euch?', 23420), -- 13513
(13505, 6, 0, 0, 0, 'Konntet Ihr irgendwelche Artefakte bergen?', 23420), -- 13505
(13506, 6, 0, 0, 0, 'Ja, $C?', 23420), -- 13506
(13569, 0, 0, 0, 0, 'Die großen Geister sind schon länger hier, als ich zu erinnern vermag. Sie waren einst sterbliche Tiere und wenn man den Geschichten Glauben schenken mag, so starben sie zu einer schicksalhaften Zeit.', 23420), -- 13569
(13598, 1, 0, 0, 0, 'Grimmklaue ist ein recht hartnäckiger Kämpfer. Ich habe ein wenig Mitleid mit den Wilderern, obwohl ihre Absichten abscheulich waren.', 23420), -- 13598
(13566, 1, 0, 0, 0, 'Habt Ihr die Materialien, um die ich Euch gebeten habe? Und bitte sagt mir, dass Ihr den Tieren keine Schmerzen zugefügt habt, um sie zu erhalten.', 23420), -- 13566
(13565, 0, 0, 0, 0, 'Wir haben unsere Lektion bezüglich Diskretion in der Vergangenheit gelernt. Ich hoffe, Ihr könnt mir Glauben schenken, wenn ich Euch sage, dass die Hoffnung auf das Knüpfen jeglicher Verbindungen zu den Naga vergeblich ist.', 23420), -- 13565
(13563, 1, 0, 0, 0, 'Es ist mir irgendwie gelungen, nicht mit dem gleichen Gift in Berührung zu kommen wie all die anderen. Doch in gewissem Sinne beneide ich sie sogar... eine Ewigkeit in Einsamkeit zu verbringen erscheint kaum lebenswert.$B$BIch vermisse dich so sehr, Anaya.', 23420), -- 13563
(13831, 6, 0, 200, 0, 'Was ist das? Habt Ihr noch etwas in der Höhle gefunden?', 23420), -- 13831
(13557, 6, 0, 0, 0, 'Ja, $R?', 23420), -- 13557
(13554, 3, 0, 0, 0, 'Habt Ihr das Zeug bekommen? Je früher ich an einem Heilmittel arbeiten kann, umso schneller können wir die Tiere retten!', 23420), -- 13554
(13528, 0, 0, 0, 0, '<Die Dröhnkiste 723 dröhnt Euch erwartungsvoll entgegen.>', 23420), -- 13528
(13527, 6, 0, 0, 0, 'Willkommen zurück! Habt Ihr den Kadaver gefunden und ihm eine Probe entnehmen können?', 23420), -- 13527
(13521, 0, 0, 0, 0, '<Die Dröhnkiste 413 dröhnt Euch erwartungsvoll entgegen.>', 23420), -- 13521
(13520, 6, 0, 0, 0, 'Habt Ihr die Muschelmuskeln? Ich fürchte, wir haben nicht mehr viel Zeit.', 23420), -- 13520
(13891, 6, 0, 0, 0, 'Ich wage es gar nicht, zu fragen, $n, konntet Ihr das Artefakt zerstören? Was ist mit dem Bewacher?', 23420), -- 13891
(13925, 0, 0, 0, 0, 'Der Schössling, den Ihr bei Euch tragt, wächst ohne Unterbrechung an Macht. Leben ist erneuerbar, $n. Hat es funktioniert?', 23420), -- 13925
(13544, 1, 0, 0, 0, 'Wart Ihr bei der uralten Bärenstatue?', 23420), -- 13544
(13882, 6, 0, 50, 0, 'Leben ist mächtig, $n. Konzentriert in seiner reinsten Form kann es alles überstehen. Eines Tages wird auch Dunkelküste von den Wunden genesen. Habt Ihr alles gefunden, was ich brauche?', 23420), -- 13882
(13526, 1, 0, 0, 0, 'Habt Ihr den Bärenklau?', 23420), -- 13526
(13910, 6, 0, 100, 0, 'Und, was macht unser neues Heim mit Meerblick?', 23420), -- 13910
(13918, 6, 0, 50, 0, 'Habt Ihr alle Teile des geschlitzten Gerätes zusammengefügt? Möglicherweise müssen wir noch die Überreste von Wirrbarts Pausenbrot von der Datenschnittstelle des uralten Geräts entfernen.', 23420), -- 13918
(13909, 0, 0, 0, 0, 'Nass genug für Euch?', 23420), -- 13909
(13912, 6, 0, 0, 0, 'Ihr habt sie gefunden? Das ist gut. Groff möchte von hier so schnell wie möglich aufbrechen.', 23420), -- 13912
(13587, 0, 0, 0, 0, 'Habt Ihr es geschafft, $n?', 23420), -- 13587
(13582, 0, 0, 0, 0, 'Ihr habt Fackel?', 23420), -- 13582
(13578, 0, 0, 0, 0, 'Ihr bringt Federn?', 23420), -- 13578
(13558, 6, 0, 0, 0, 'Ihr seid zurückgekehrt. Welche Neuigkeiten bringt Ihr mir?', 23420), -- 13558
(13596, 0, 0, 0, 0, 'Habt Ihr die Pläne, $n?', 23420); -- 13596


INSERT IGNORE INTO `gossip_menu_option` (`menu_id`, `id`, `option_icon`, `option_text`, `OptionBroadcastTextID`, `option_id`, `npc_option_npcflag`, `action_menu_id`, `action_poi_id`, `box_coded`, `box_money`, `box_text`, `BoxBroadcastTextID`) VALUES
(10491, 0, 0, 'Ich möchte nach Lor''danel reisen.', 0, 0, 0, 0, 0, 0, 0, '', 0),
(10431, 1, 0, 'Ich bin bereit. Beginnt mit dem Angriff.', 0, 0, 0, 0, 0, 0, 0, '', 0),
(10431, 0, 0, 'Ich bin bereit. Beginnt mit dem Angriff.', 0, 0, 0, 0, 0, 0, 0, '', 0),
(10428, 1, 0, 'Ich möchte ins Splitterspeertal reisen.', 0, 0, 0, 0, 0, 0, 0, '', 0),
(10428, 0, 0, 'Ich möchte nach Lor''danel reisen.', 0, 0, 0, 0, 0, 0, 0, '', 0),
(10416, 0, 0, 'Ich möchte zu den Ruinen von Mathystra reisen.', 0, 0, 0, 0, 0, 0, 0, '', 0),
(12726, 0, 1, 'Ich möchte ein wenig Eure Ware betrachten.', 0, 0, 0, 0, 0, 0, 0, '', 0),
(10410, 0, 0, 'Atmet den Rauch ein, um Visionen großer Tiergeister hervorzurufen.', 0, 0, 0, 0, 0, 0, 0, '', 0),
(10427, 0, 0, 'Ich möchte nach Bashal''Aran reisen.', 0, 0, 0, 0, 0, 0, 0, '', 0),
(10429, 0, 0, 'Ich möchte nach Lor''danel reisen.', 0, 0, 0, 0, 0, 0, 0, '', 0),
(8521, 0, 3, 'Bildet mich aus.', 0, 0, 0, 0, 0, 0, 0, '', 0),
(347, 0, 5, 'Ich möchte dieses Gasthaus zu meinem Heimatort machen.', 0, 0, 0, 0, 0, 0, 0, '', 0),
(7690, 0, 3, 'Bildet mich aus.', 0, 0, 0, 0, 0, 0, 0, '', 0),
(4138, 0, 3, 'Bildet mich aus.', 0, 0, 0, 0, 0, 0, 0, '', 0),
(12725, 0, 3, 'Ich möchte etwas über Archäologie erfahren.', 0, 0, 0, 0, 0, 0, 0, '', 0),
(8519, 0, 3, 'Bildet mich aus.', 0, 0, 0, 0, 0, 0, 0, '', 0),
(14991, 1, 1, 'Wollt Ihr Eure Kampfsteine eintauschen?', 0, 0, 0, 0, 0, 0, 0, '', 0),
(14991, 0, 3, 'Möchtet Ihr einige seltene Begleiter fangen?', 0, 0, 0, 0, 0, 0, 0, '', 0),
(20690, 0, 0, 'Ich möchte die Technik ''Arkaner Schwung'' erlernen und ''Blinzeln'' in meine Bewegungsrichtung anwenden.', 0, 0, 0, 0, 0, 0, 0, 'Seid Ihr sicher, dass Ihr diese neue Technik lernen möchtet?', 0),
(14238, 9, 0, 'Ich möchte über die Technik ''Arkaner Schwung'' sprechen.', 0, 0, 0, 0, 0, 0, 0, '', 0),
(9821, 3, 0, 'Ich würde gern meine Kampfhaustiere heilen und wiederbeleben.', 0, 0, 0, 0, 0, 0, 0, '', 0),
(9821, 1, 1, 'Ich suche nach einem verlorenen Gefährten.', 0, 0, 0, 0, 0, 0, 0, '', 0),
(4301, 0, 2, 'Ich brauche einen Flug.', 0, 0, 0, 0, 0, 0, 0, '', 0),
(10486, 0, 0, 'Wer sind die Urwesen?', 0, 0, 0, 0, 0, 0, 0, '', 0),
(10509, 0, 0, 'Orseus, Kathrena hat mich geschickt, um einen Eurer Hippogryphen auszuleihen.', 0, 0, 0, 0, 0, 0, 0, '', 0),
(83, 0, 4, 'Bringt mich ins Leben zurück.', 0, 0, 0, 0, 0, 0, 0, '', 0),
(10490, 0, 0, 'Urtum Onu, wo finde ich die Saat der Erde?', 0, 0, 0, 0, 0, 0, 0, '', 0),
(10272, 0, 0, 'Lockt Thundris Windwirkers Geist.', 0, 0, 0, 0, 0, 0, 0, '', 0),
(10279, 0, 0, 'Lockt den Geist von Caylais Mondfeder aus ihrem toten Körper.', 0, 0, 0, 0, 0, 0, 0, '', 0),
(10277, 0, 0, 'Lockt den Geist aus dem toten Körper von Schildwache Elissa Sternenhauch.', 0, 0, 0, 0, 0, 0, 0, '', 0),
(10278, 0, 0, 'Überredet Taldans Körper, seinen Geist herauszugeben.', 0, 0, 0, 0, 0, 0, 0, '', 0);